92259065,babelfishwars,True,4887,1582
3308345926,thebarse,False,244,698
15494376,lyraadriana,False,580,1638
1205189388587675649,city_crows,False,2050,186
20662440,philsturgeon,False,22149,2805
1408662024,DMullinsGames,False,14515,898
43601417,claireaspiller,False,4018,1206
19255050,Natures_Voice,True,400269,2858
4689372030,Alexander_Lees,False,7439,1682
74989387,guyshrubsole,False,28260,3040
3015337139,RewildingB,True,61129,873
835252426265481216,RobGMacfarlane,True,194535,3279
1853094421,ivydupler,False,1883,743
233336165,mary_roach,True,32760,1043
82068388,loueastman,False,2,20
1141451432211767296,ladyblastoff,False,259,393
206433120,doctorbees,False,789,294
308901252,Krita_Painting,False,50663,66
2996479436,archosaur_,False,2112,1914
1020952663,RosemaryMosco,False,39217,1000
2231615317,osamadorias,False,13018,3851
27946930,Laure0901,False,2360,1299
1075947362,sl_huang,False,6926,851
336851461,jamieleecurtis,True,628016,211
519685410,SBundell,False,1722,2076
129722792,RayChase,True,74225,765
18985562,BoobsMcbalrog,False,6287,549
365304025,cissyspeaks,True,20962,2154
33473521,zeldawilliams,True,421804,749
18758101,austin_walker,True,86824,2212
11397792,dianamoon,False,1364,2440
1302307548,steggy_,False,3730,2081
188061519,RealLyndaCarter,True,208822,1043
27864281,thixotropic,False,573,362
1179107734383480833,Som21o6,False,207,108
1080675824553078784,theglorysociety,False,27178,3
17678399,kaynSD,False,686,822
89459132,BirdworldSurrey,False,2358,608
3588898757,Lenniesaurus,False,132037,432
326572008,hannaalkaf,False,19181,646
16987571,erinmorgenstern,True,36553,631
20322381,axel_hexed,False,1451,626
2726109145,Checanty,False,12566,440
251668322,afrycuriel,False,3384,1532
389460823,StarStable,True,30477,127
531175299,enmiart,False,957,471
1265119699320242177,frekld,False,1103,231
836760126,Fireproof_Barry,False,3504,2951
536777262,abandonedameric,False,52952,4177
967300648596275200,AbandonedNordic,False,2298,210
263416741,rosebehar,False,1397,549
51057070,KamSage,False,580,1300
989643326365274113,arthoure,False,298,349
741154203020709889,tessamonash,False,2179,915
28404654,lozopus,False,2235,1137
71342333,Death_Bow,False,2184,1365
466567781,ComposerChapman,False,508,159
3407621123,djamilaknopf,False,117782,1031
1324740590,geekybaking,False,1218,1396
357651289,EleanorMorton,True,84713,892
81439759,JakeTForbes,False,344,285
1881047989,ChrystalDing,False,815,1437
82446454,lowpolycurls,False,49118,2212
16682141,mais2,False,1113,54
357518622,MrHassanSan,False,1102,931
446370619,EvvaKarr,False,4518,677
123920559,annabrandberg,False,6852,664
1197866918750932992,robot_teddy,False,219,10
272129188,Popelady,False,1448,1923
2804157036,AlientrapGames,False,1389,25
14818882,bowdie,False,1852,377
1114751535190347776,SailorScooby,False,583,1206
1030621147652599810,AnansiRyans,False,3557,3605
14414706,jeffvandermeer,True,59344,3249
15285444,zusty,False,7192,1282
1406965038083153923,IvyRoadGames,True,2593,12
890323775849418752,Corvid_Isle,False,5796,350
598147688,_LauraRoslin,False,1609,445
936995461617119232,HighTeaFrog,False,1485,12
118203730,AndreeaChifu,False,2183,1422
7434272,RitaJKing,False,33659,6533
18702246,theVoicePlay,True,18351,1108
6329962,geophr3y,False,9903,328
1352788244,Joanna__Hardy,False,50457,3461
18064921,joykinz,False,533,496
1397389313898270723,playPalia,True,48783,16
76616483,lilmissphillips,False,2517,97
1077343734,ChandlerWells_,False,566,792
342891180,Shannon_Liao,True,10890,1618
424156327,Neleimour,False,3347,529
998876040209534978,CrowMonthly,False,9320,701
1381415276135247883,BearPosting,False,14182,27
510948637,dimash_official,False,52437,178
973522590047326209,chronicles_of_n,False,2204,1705
1196801111967092737,GeekyFayeArt,False,7463,843
3541191313,CharismaticVox,False,1760,200
17080352,bpal,False,9980,1220
15228226,zoescaman,False,22352,1171
904869467238174720,Ologies,False,62655,1728
1407010340970254342,nonoisenobees,False,103,149
974016675581480960,StefRappeneau,False,1520,131
749986105412427776,CitizenZoo,False,1550,789
817723277485424644,franwharrey,False,1097,1045
2827150593,SaveTurtleDoves,False,2764,400
26125943,emilyvdw,True,78449,4253
229868132,InesRobin,False,333,844
33678641,benchkf,False,1114,2314
460576347,steamgirlgame,False,1566,1001
1369004686636879880,DiaryCrow,False,989,451
226301883,breesophiebree,False,44123,0
570302514,SLINKYFISHY,False,2033,953
22841103,insomniacgames,True,1106981,26253
835467362929426432,Neurocracy2049,False,1346,340
72804450,HelenJMacdonald,False,26766,1879
261181105,MikelSkipples,False,423,637
20430266,AmeliaTyler,False,6471,952
125938349,larianstudios,True,120964,325
1668845191,TheChrisYamez,False,2117,1459
3492941194,saracastically_,False,895,726
893537731724357632,LWP_BirdRescue,False,576,22
74434739,Benni_Hill,False,1428,831
2725906231,PridefulSloth,False,2193,1121
19869549,TwoLemonades,False,6025,1076
735131103883841537,WhiteThornGames,False,30123,653
777230952523112452,akuparagames,True,10142,1745
967154422286561283,maxinevee,False,72402,328
1253078597423845376,Nickcuming_UK,False,294,486
736674286707036160,kate_innerpage,False,1192,1179
405323682,jhaletweets,True,99932,724
1293515711709683713,Clock_workRaven,False,278,213
736191610946498560,Spdrcstl,False,1972,1128
108891645,elliotherriman,False,1068,435
195129672,MuseZack,False,31711,1582
36968571,maxgladstone,True,15275,963
335663877,AllawayJ,False,1223,361
628933425,its_natclayton,True,5040,805
2565946538,ChungLeda,False,2518,1831
48966037,ChappersChapman,False,9096,557
465620301,Louise0Connor,False,3828,867
2465869068,crow_artist,False,20369,1005
2924188317,hellopontoco,False,709,217
1287386113062182914,Rebecca__Hare,False,201,337
48519871,Gamerboss,False,14027,1743
1250745870305370114,NilsDeneken,False,342,26
18772184,hannahnicklin,False,10060,1586
386697756,gutefabrik,False,7304,0
1113840764927258624,GlowUpGames,False,2155,338
940486899566764033,CatsCafeComics,False,21361,53
619050616,AyoCaesar,True,350705,2299
524114415,sinto_j,False,32391,397
389557261,composerlarkin,False,17515,246
829773470,FalseKnees,False,163264,257
2967402199,corvidresearch,True,68446,1524
958472740972871680,leslee_annsh,False,20548,700
388497019,JackBaddams,False,2837,1951
21879024,tonyhawk,True,4539131,9923
827494604144537600,PatinkinMandy,True,332605,334
2350761266,_Darkatom_,False,221,353
1309943096,tomkelgrove,False,291,525
2860266381,MisterABK,False,82558,2772
897861037,SimoneGiertz,True,553181,1631
3363819819,smnthawbb,False,2570,2479
2285839951,theliberalcynic,False,666,1137
723304494092578816,negaoryx,True,83635,1127
742085615705956353,MadelineHorwat1,False,7071,480
782576753898323968,melissarchaplin,False,7360,3682
53085527,KrystinaArielle,True,80837,5983
745021384473010176,indigoboock,False,751,253
1258094159807873025,SusiLockett,False,32,134
26005410,TheWanderingBen,False,1451,526
15106467,TheRealBeano,True,10641,555
1069882513009664000,_pocketss,False,148410,11
1210280802,xoxogossipgita,True,40663,2308
1021193497137860608,ArchiveEraser,False,6340,17
366780376,MikkiHEL,False,3131,329
1658664462,julianardin,False,7359,531
2829650288,henryfailbetter,False,11,25
381806540,BrookeBrite,False,214,1179
193813461,atarbuck,False,4661,1378
256485549,LDNBikeKitchen,False,8229,1117
1290307640938168320,Mini_Mysteries,False,108,20
1070371488396648448,dgollamaart,False,11116,1055
20392335,SpecialEffect,True,55662,5813
42743672,Doctor_Cupcakes,True,22741,1564
18884601,klei,True,146722,395
52058863,JustJobiwan,False,764,251
724741502019227648,Lalithetroll,False,273,116
633958464,TamaraJeree,False,526,521
3282119076,sievish,False,8850,1500
46509329,nervous_system,False,15230,83
18980276,timminchin,True,1480740,518
143379656,LexHood,False,264,1460
105510482,TheRealMrYoung,False,60,73
550270216,JamesSACorey,True,87654,514
970255295829159937,DemodexPlush,False,3096,614
710202386707517440,metroidhat,False,1126,96
233186560,GabrielScally,False,52442,692
3937955613,Rachel__Harper,False,11180,1041
17044790,jamesmoran,True,22105,1395
2787450546,JoeNeate1,False,20731,650
28067608,aadip,False,11524,5938
1389328716,LeaSchonfelder,False,1379,426
44100037,RareLtd,True,284929,243
67201278,LindaRinda__,False,734,544
1163472555811987457,GHGshow,False,1426,46
704892618333888512,Lord_Mandalore,False,68015,194
440079185,acgodliman,False,685,822
55573,kurai,True,5217,1737
289259055,tony_mortimer,True,11608,756
121939328,StillNotSam,False,9021,835
24762307,digitalbruhaha,False,913,736
1011978616039763969,GamesCircus,False,1747,1202
93222172,MrMichaelSpicer,True,435152,1937
3473192243,anadukakis,False,474,620
1274944542999904258,OOCMoominComics,False,64116,5
984239007482679296,KineticGame,False,168600,111
82796294,lchanwrites,False,1936,1352
40990204,SofiaAjram,False,11206,474
846464878860754944,SofiaZakia,False,1082,1
2222376990,JohnFusco12,True,8626,1939
1325939323,TheOperaGeek,False,20622,1869
1123826535566401537,notDevRelCallum,False,29,22
46831308,christianhull,False,27891,1326
19314244,marygoodden,False,596,916
20153733,samito,False,974,1075
341639218,sdobuadhachain,False,43,197
3234829756,RutiRegan,False,23992,16236
63086767,Kid_Desimo,False,5328,4760
13931452,wuffles,False,7909,3920
782973815496192000,AnthonyHopkins,True,904616,44
511637611,nameshiv,True,53092,2487
291199456,EllenDatlow,False,18017,562
555825990,ZainAsher,True,28715,794
901139957095440385,SonderlustGames,False,1156,8
40823128,kinucakes,True,205690,597
825876255211921412,kimmacaskill1,False,10659,1859
3094974153,RachelTobac,True,72309,7213
3176693829,hannaesthetic,False,3562,78
4896645580,gcbaccaris,False,1893,953
14502253,philippawarr,False,12837,2154
1262424658277797889,HalfMermaid,False,2438,667
1691210233,starkholborn,False,1325,981
24796319,sfwa,False,48805,1218
126042901,katewelchhhh,False,47075,513
954218326473019397,backbonegame,False,22938,1086
19007577,Beavs,False,91916,2557
720322341725683713,GinaGoesOutside,False,18624,1614
2273477305,xavierck3d,False,19515,2166
2835276183,MonicaLewinsky,True,1159961,1452
576359027,_alexrowland,False,10468,760
25498095,alwayscoffee,False,3891,2121
744997367137591296,A_through_L,False,633,469
18490021,missdoomcookie,False,4867,1259
26155776,SorenJohnson,True,8918,438
34133146,AndrewVachss,False,4090,0
30050994,mm_schill,False,4102,754
259089600,RachaelAtWork,False,21933,2079
30861631,LeeFlower,False,12396,615
400286802,cassidoo,True,175335,894
7434902,MitchyD,True,58096,1968
2408010384,pettyantics,False,955,390
22957921,legobutts,True,14866,3560
323982384,jacquicollins_,False,19707,2268
94498314,honeychild1229,False,4821,1026
32652567,GWillowWilson,True,73131,1639
25732138,oneofmoo,False,3886,350
6304122,Foxtongue,False,909,628
8801942,katiewest,False,5255,300
817866385,mormadillus,False,8848,4624
16024323,GailSimone,False,187275,17234
24880087,DT_WestLondon,False,4767,423
16244496,rebeccamwrites,False,1353,720
369406940,ObvItsAmy,False,9486,1499
42662731,KhayaAhmed,False,1220,536
1001041357035786241,sarahlongthorne,False,4885,3341
21175487,nirele,False,2003,2160
20081523,speedyjx,False,1519,2077
14550673,wagatwe,True,55870,3263
1323187164,Marina_Sirtis,True,346334,627
296023958,TwoPaddocks,True,499578,39930
3040126335,saphiraas,False,24853,916
77577036,malorieblackman,True,76791,1333
17158189,MikeDrucker,True,212567,4667
287817450,MasiOka,True,162079,195
2917875164,Mobius_Games,True,23574,285
18730967,renireni,True,152165,964
2827647946,INeedDivGms,False,16738,9238
635401662,EmmaDabiri,False,44390,2764
888550937203277824,moods_jpg,False,2025,511
1021854227428241415,BoukmanAcademy,False,1208,242
1950142814,BlakMagiqWoman,False,1566,902
736575345705517056,BAMEinGames,False,4884,3375
1061777076569673728,pocinplay,False,13184,1700
368646910,RonFinleyHQ,False,20441,4174
742074673756798976,blackgirlgamers,True,53253,2059
16240643,danhancox,True,19769,3781
800975633983610880,hpowellsmith,False,1191,1634
83689988,MrAndrewCotter,True,446791,409
26727655,Aiannucci,True,668215,1031
710728116897878017,lilly_wachowski,True,75402,707
173195708,Nigella_Lawson,True,2740976,945
2792080115,transgamerthink,True,23496,955
310960217,RealBobMortimer,True,1084882,213
387694188,runjnee,False,626,433
165537786,radiatoryang,False,24080,2028
2957420939,febucci,False,8134,51
19979086,simonblackwell,True,136065,2706
13461662,patrickklepek,True,168426,1038
1490051600,The_Gamebird,False,469,182
179523,LukeD,True,2765,1270
3301771043,BBCStudiosDgtl,True,2121,340
28293,tbertz,False,517,377
206060598,J9andIf,False,3930,1010
163436555,adamtotscomix,False,895532,369
139437524,ben_304,False,7723,1120
3375660701,SeaOfThieves,True,439735,197
2587493317,GhostOfATale,False,3979,750
2342613998,SeamusBlackley,True,69848,7079
2274421124,itsJenSim,True,9447,2161
962777900,rae_ami,False,1819,865
11740382,biiigfoot,False,4317,453
2788228259,Rhiarti,False,70,20
355127118,brianblessed,False,100412,415
1230301412359385088,mischiefdevelop,False,1819,15
1202562256615149568,SilverRainGames,False,2715,26
8557082,Barnabe,False,197,290
23813407,joncstone,True,56267,2994
23589382,echochernik,False,930,6
198634633,maryknews,True,20268,6536
16037384,cheeflo,False,3283,5001
839672526,NihalTharoor,False,611,173
294281045,ThornBird17,False,757,617
3890314641,NidaAhmad_,False,2951,657
83891235,Abzybabzy,True,14457,72
115099658,ElleOsiliWood,True,27337,734
39389251,Ungapants,False,25650,1142
1243119623823818752,MousecowToday,False,1567,205
14132004,James_Batchelor,True,5402,3350
25629019,rianjohnson,True,1058121,1219
28590877,ncwhm,True,272048,2419
35074274,RichardBertinet,False,20844,2093
986964352912814080,SoT_Support,True,47766,6
14709179,isquiesque,False,1136,673
7953002,edfear,False,3065,2149
2889239860,ChaFoch,False,315,727
19386625,MonicaBeletsky,False,27866,3436
2928461973,AlexBeachum,False,3892,27
368667589,VanKelsing,False,5922,635
227866237,andrewprahlow,False,6002,768
2784358664,BrendanDurkin,False,446,251
923922714,aliciavd94,False,179,451
3645112154,thatgirlbishop,True,66325,944
1023296730547269632,leonkillin,False,984,2018
1477838306,LumpyandFriends,False,27236,1293
1010675109252644865,MSwampcroft,False,1213,2217
867471317188194305,thegoodcatboy,False,115480,70
2163320750,kleptine,False,1341,840
931186627111776256,TigrMoth,False,1210,1224
1133805461629788160,seansyman,False,415,301
80520088,paula_bot,False,386,1386
1198646612177768448,Jo____C,False,36,42
826848501279707136,graeliwil,False,222,758
579209957,WyrmwoodGaming,False,62683,204
167786742,withoutaplain,False,3159,1039
277170933,thing_stuff,False,1031,1400
843550548334972931,brasslionent,False,4125,26
113104798,jess_haskins,False,1309,1135
3847998132,troublesomej3nn,False,766,685
365209702,PortraitOfMmeX,False,611,367
1171555307027386369,AlchemicalTales,False,180,312
898629865317965826,daniel_m_lavery,False,64791,405
2296030249,NoobtheLoser,False,57607,1895
65672980,KatmaiNPS,True,103410,341
700435215542579200,wonderboxpub,False,682,1152
2349281324,wastebooks,False,596,51
1447245938,SethEverman,True,836263,100
352036858,haikus_by_KN,False,3147,2141
2859448331,SarahTaber_bww,False,95349,5376
253032727,demiurgentle,False,197,399
520868054,_Yaniir_,False,20681,1319
85396548,RaliaB,False,330,1095
86751291,aliterative,True,24505,989
1061327328,GoneEFK,False,4956,804
113628442,HarmlessNL,False,234,659
843460241387937793,CursedJad,False,292,192
1051171,EthanZ,False,60257,2237
748207868,grizzlygirl87,False,4125,2139
1069674417322508288,dappermouth_art,False,98322,21
14882389,bonzrat,False,11540,568
1103617796745891841,TentacleZone,False,1124,753
1091421088561750016,GELondon2019,False,492,2380
2380186378,DevRelCallum,True,19517,4411
105242637,SamMGreer,False,4097,722
25071725,wolfenstein,True,128705,80
14332297,DogsTrust,True,320423,16828
2433733866,UncannyMagazine,False,25599,1038
30438454,mmegannnolan,False,28641,2880
1043358378,laetiky,False,16611,48
46002379,megganpez,True,16059,773
5560972,geogrify,False,3493,1027
8595542,mattdoveywriter,False,2246,1379
163556820,selmaleh,False,7747,2246
268809577,youngvulgarian,False,78944,3913
67587609,LeoHeaton,False,462,419
4486251616,rhythm_lynx,False,640,2046
373143817,HeatherAntos,True,35630,999
1144290503250210816,lauradotbiz,False,58,57
15178056,veryheathmiller,False,4310,4071
354244573,FutileDevises,False,541,808
999998230057377792,GameDevHeroes,False,2663,1533
7572072,gkr,False,1266,129
826577415040299008,aoifeofriel,False,872,158
59872741,anniegrmbl,False,912,838
166295530,MesaanaSedai,False,3038,1817
58569914,olandgren,False,12233,1082
1135380052693020674,nakamura193,True,316094,194
6537492,jemalexander,False,3365,706
548237747,LeahHoyer,False,2126,585
116042786,alphachar,False,3169,847
717871956,MckKirk,True,12896,3564
3218889672,scriptlockcast,False,1092,117
3548455875,elskwhite,False,1218,1365
40133186,kessjrause,False,5419,573
3405654598,VideoGhosts,False,7347,418
1017477649692647425,EchodogGames,False,1094,282
2719962073,roxiqt,False,67300,876
134848181,floofyscorp,False,1603,1065
497351492,NaomiAllthenews,False,10822,354
17975428,CoreyBrotherson,False,2528,2053
335009459,ThePineapplePub,False,4906,2159
1039193180426711041,leveluplinkup,False,925,122
363426409,Mike_Laidlaw,True,37757,1162
4928272942,zizmakesgames,False,1580,2154
17053,LucyKnisley,False,49792,628
300311737,LanaZgombic,False,1735,862
53459595,HollieB,True,99108,1327
96260571,AdamDolin,False,1079,652
102171571,theorionwalker,False,1534,3682
2181742010,RichardGaubert,False,1187,39
20492950,seananmcguire,True,64272,959
257949815,CulturalGeek,False,659,395
14538254,hunicke,True,17074,195
3404810375,CodeLumpN,False,2836,72
518836531,LeylaCatJ,False,2258,508
78728812,kjettpack,False,5044,993
142352529,clarafv,False,5187,1972
3058962835,RaniezRage,False,251,259
14615171,Llyann,False,2866,577
39551364,GalaxyKate,False,18537,1376
7315732,NicoleLazzaro,False,12407,6865
36026519,Wanderlustin,False,4428,1065
25760178,alicemrendell,False,1764,1012
1013634234,ThePatanoiac,False,10722,1009
2350659788,CatlingConahan,False,56,112
2413787881,wordsfromsu,False,912,748
120216905,JoLammert,False,3211,3053
744267233866584064,caraellison,False,6094,890
1275613740,StudstillS,False,11283,403
1631579731,MarissaLingen,False,3764,1118
292785538,harriet_hat,False,237,569
26841335,annlemay,False,8048,817
353196325,Cromwelp,True,3758,455
306150880,LarAtLarian,False,16749,462
601275230,BigWiddler,False,905,682
460587890,SaundersTara,False,890,254
756145,benfurneaux,False,1458,424
293538857,demanrisu,False,4819,1675
713463528,qorquiq,False,4916,1236
35764855,JulieMayhew,False,3364,1748
2727051912,SixAges,False,2355,16
48386538,Hoeyboey,False,1049,587
16181584,jimrossignol,True,17560,3157
24630350,matthewmercer,True,788082,1971
255747911,TheElliotPage,True,1967584,742
1395632761,ChloeJEsposito,False,1786,1673
1059805476542509057,docsquiddy,False,12768,1182
18794066,asponge,False,2047,371
24480634,mattsophos,False,8196,645
161199620,corybarlog,True,344627,666
221187763,Carlosfromage,False,436,4189
27809379,studioanisa,True,25835,2909
68058537,doomquasar,True,65663,681
1032309975656226816,SluggoIsLit,False,39788,1
15921020,stewartcbaker,False,1412,2166
378728498,DrJessicaLanger,False,6325,3784
42057383,k_wolfkill,True,19230,1125
64931388,PlutonForEver,True,44145,334
1661668172,tazmuir,False,19565,280
2374836343,PhelpsieSarah,True,37147,3473
5867132,tarah,True,47612,296
45806408,jessbrammar,True,91252,5346
970638749402107906,CaroMarchal,False,762,135
490292549,kerrblimey,True,1528,981
15137026,FrankieWard,True,81397,2536
897505907914846209,anitasarkeesian,True,55903,541
361268597,ThreeUKSupport,True,104388,25
189211212,11bitstudios,True,32274,1142
19836732,retroremakes,False,8094,735
44652237,alicejanetaylor,False,7823,2348
40532072,400FootGhost,False,3569,1090
1090259881,WomenInGaming,True,8859,941
22144732,iesamina,False,2031,4958
863436462330712065,AMausWrites,False,188,117
46110762,MadQuills,False,2600,133
791705941607641088,benjamin_sabin,False,1135,1738
145353450,FilmCritHULK,False,70554,2263
15751624,Ethnicmutt,False,787,903
3404632912,jakelikesonions,False,71836,228
1416622795,DavidKHarbour,True,1042578,785
520685404,dukope,False,70914,102
14946104,siobhanreddy,False,8906,6683
978943514024198144,Jill_on_Wheels,False,5186,1784
118279350,BlendoGames,False,59786,292
716066876,witchy_comic,False,8055,9
261839748,GaryJKings,False,2139,1351
20690398,ManMadeMoon,True,367703,1267
2833224032,BluebeardsBride,False,1173,916
540433820,ScottTRichmond,False,473,1046
1044090753650024448,retrievans,False,76414,3
3069630665,K3v1n_du_71,False,593,155
168101329,twitgera,True,9103,1491
130706305,tsawac,False,1448,350
3289858337,Ali_LookListen,False,687,856
819183637631406081,jeannette_ng,False,20017,2126
1579158895,Lyndsey360,True,25793,321
47355190,Wangleberry,False,3200,708
796799840378359809,_never_work,False,2467,1002
20272858,cardboardcompy,False,15226,268
69605592,wefail,False,37610,354
710119238921490432,Monsters_Roar,False,671,848
208597568,bbcwritersroom,True,94636,3101
974655315932311553,Screenplayed,False,148759,142
79504275,ZiziFothSi,False,13517,1083
2596399758,FuzzyFreaks,False,4096,1232
17956368,ebeinke,False,5618,3414
501872916,ForgetAmnesia,False,2829,1125
9549022,Iron_Spike,True,67870,1033
33645846,Guuye,False,3188,3751
27938182,ContraPoints,True,523720,1537
15331408,electrolemon,True,233513,285
35206553,meganamram,False,1117175,4538
63722579,joethephish,False,2938,1037
35768982,WadjetEyeGames,False,19514,1157
84068026,Glitter_brawl,False,1505,809
150999442,Er0_0,False,646,1352
45499837,KenTremendous,True,228653,647
24251491,ldeltredici,False,3534,365
1096084052,melissafumero,True,711024,834
36489219,gabeliedman,True,46455,973
21412602,TMcAlps,False,3982,683
325816286,MattOBrien2,False,2627,543
805495259442487296,IamLuksh,False,1314,784
452545583,DarcyCarden,True,274128,889
53297035,KristenBell,True,2690651,413
3314486832,nbcthegoodplace,True,249641,42
117168921,JoshSiegal,False,5584,3701
124014345,DylMorgan,False,2231,282
103595977,MarcEvanJackson,True,124423,1814
323120520,DaveBautista,True,1466475,247
69945997,igfnews,False,55767,9
191086249,KatieLewendon,False,29,61
159881051,FibreTigre,True,58447,917
14852199,christinelove,False,34608,545
139162440,pattonoswalt,True,4771621,4330
1972999248,WWSGames,False,2538,167
62461614,mjmcmaster,False,2987,1003
837872755,ibjade,False,43884,128
418594029,Nele_St,False,2025,832
39159473,Hannahgadsby,True,264545,1102
174077854,MOOMANiBE,False,13190,3206
5827292,TheNational,True,366772,779
15610183,innesmck,False,31074,1591
60863688,writingstudio,False,3647,1178
435681607,VictorOjuel,False,2633,1726
2468989334,ChellaRamanan,False,7083,3382
408879713,SoundCuts,False,3193,3283
103894420,RadioSachka,False,3903,1232
14111650,skydart,True,127691,1572
21753847,jameelajamil,True,1092259,843
17426997,Cavni,False,2606,292
2208858114,PlayNiceInst,False,1984,745
3073103117,Richard_S_Swan,False,554,147
15676413,hels,True,154300,3072
2786762065,ComradeCupcake_,False,1613,673
950419927399268354,BrewDog7Dials,False,712,126
6974622,rgay,True,862181,2074
15344145,DawnHFoster,True,87881,6371
1432846604,emmarsheard,False,434,481
163154809,alicegoldfuss,True,64450,240
111596439,Focus_entmt,True,69047,30
115195475,crwilso,False,1900,1252
45607170,jenstatsky,True,174625,2001
26490474,mymonsterischic,False,22828,878
2656589784,CommunityFibre,False,1912,85
157767948,MiniWhiteRabbit,False,3913,333
75604826,GraceSpelman,True,137165,1683
28345619,chrishislop,True,12756,10786
2801786306,qwertyprophecy,False,258,79
199218563,mistermattox,False,242,141
20796764,HilariousCow,False,4018,2712
19394186,charltonbrooker,True,1271193,552
168122433,AlexisTrust,False,5134,860
19683903,erinscafe,False,31723,5028
4483061320,AdvXConf,False,2813,998
764903990995877893,ozzmit,False,35,84
823916397625569281,PolyTreehouse,False,11756,759
432450236,GoodShepherdEnt,True,15864,879
102327566,Swery65,True,83988,75843
44931301,jenmacl,False,3454,3036
16985149,pamelaribon,True,12978,3006
545558899,DoubleFine,True,163947,216
27531390,grumpygamer,True,99512,0
1058117666,GameTeeUK,False,13573,770
532824281,crashwong,True,27302,1045
13879202,lysandraws,False,925,408
3334533555,ioelephants,False,1822,1817
1405071,rich_lem,False,15858,4512
2813464458,Cyarron,False,1295,1023
1721634937,Bay12Games,False,19081,296
756475,Annaleen,True,43461,4163
16356796,charliejane,True,54190,34429
238650023,WritNelson,True,18381,3753
6280302,amely,False,10059,10661
14993649,timsoret,False,37163,5810
933151404,ShandaRecruiter,False,1925,1026
215741558,kait_zilla,True,7905,1568
928710056501055491,AfterpartyGame,False,9171,15
2955548104,gamedevjoe,False,534,554
55841095,englishscribe,False,5472,2585
85611344,ThePixelHunt,False,5983,2853
951205364673859584,neocabgame,False,3176,31
931561982,spacewahine,False,1166,539
16863381,acegiak,False,4303,551
188306279,charlietheGfish,False,1586,1068
2321926244,AlaynaMCole,False,3412,1322
1503451500,Byrneinator,True,2417,608
927244406,SydMeeker,False,1437,1316
802585,kindofstrange,False,7416,2630
476152894,kchironis,False,28192,1039
24585498,TimOfLegend,True,1064123,1353
80621133,deharme,False,12085,146
1873493533,janamakesgames,False,4161,996
18000189,catvalente,True,56873,1353
4442021439,GnomeAndBrisket,False,1453,10
3226765068,Gaohmee,True,40466,3393
1305940272,SlackHQ,True,456428,142452
26095348,gaelmcl,False,422,2688
64488804,levine,True,796005,453
868586281,jojomccrum,False,1053,1544
274672183,Kerry_Dyer,False,1557,835
15639138,meganganz,True,70706,1086
2271638589,BlairBraverman,True,125741,2270
19194943,Warren_Spector,False,14393,671
18837172,jimsyjampots,False,6931,488
1408753268,TimAlanWhite,False,224,827
73106385,WarwickJC,False,22296,1317
15642209,laura_hudson,True,33291,1793
11342242,UrsulaV,False,44374,704
2546996054,ShimmerStories,False,7248,869
49391587,M_D_Penman,False,1243,971
15861559,rexbox,True,7792,844
36262503,driverminnie,True,211689,1230
3099613624,salmahayek,True,496737,127
14248719,empika,False,4766,1231
14982315,JamesGunn,True,1038386,1206
225046097,simogo,True,11154,46
1730109481,CharuDesodt,False,1908,302
74844595,dampgnat,False,2392,1096
33478796,State_of_Play,False,6030,2419
15848919,Shikaboom,False,7263,1980
20445908,OllieClarke,False,2558,1468
19164090,Dan_Gray,False,4592,1012
40300483,GameDesignDan,False,8550,997
185190437,bossagames,False,20001,4280
1550520115,iamstephbeatz,True,712458,837
298942872,bombsfall,False,97287,1659
65770439,jasonsfolly,True,293150,141
921004906298912769,leftofsurrey,False,155,248
20053718,RalfLittle,True,270999,198
185877734,danhaynow,False,1938,344
12474042,johnneh,False,28954,1704
97994375,SlaylerJ,True,57715,850
407339677,inkleStudios,False,12205,509
126819958,jasonschreier,True,316661,1904
473619428,rosenamajunas,False,267663,2236
13096002,mikeBithell,True,70925,3590
366222792,cynixy,False,14930,1480
1144055299,Grosstastic,True,31952,436
11526972,despair,False,3428,288
3343939666,gregbuchanan,True,9168,2524
25388562,Dr__Dave,False,1260,422
143939629,talktodanf,False,200,153
712252046,Alex_Grahame,False,1265,1014
822172184,TwiceCircled,False,3439,413
16900930,aaronlinde,False,6859,995
124288585,Lef0nda,False,3150,2166
1065067832,strawhousefilms,True,18370,69
21082856,HenryHoffman,False,19975,7694
354506133,charliecooper11,True,73290,456
5735712,JodieAzhar,False,7024,1511
40082045,jon_NoCode,False,4321,769
479858645,SamLakeRMD,True,64184,1409
439042711,Kit_Fraser,False,330,205
1423623733,MollyWindsor97,False,11575,485
350916749,segunakinola,False,10134,1610
26289857,hopedickle,False,7268,3884
343321593,SFBDim,False,6982,3130
75259532,SFBTom,False,7152,1110
161652701,Brainmage,False,16139,893
32124032,hondanhon,False,17584,8523
19785093,Sonic_Screwup,False,10946,2215
207032120,M_Z_Harrison,True,25629,2814
20919626,studentactivism,True,69719,2702
581859217,cupcakelogic,False,37625,1171
145637427,charlieclift,False,1618,2051
138635146,ghoulnoise,False,3002,1053
633711980,AnnaHollinrake,False,19570,2952
2262160099,house_house_,True,45879,134
12120512,tiny_m,False,915,899
3228323528,krisgoorhuis,False,27,21
776521369177776128,sellingsunlight,False,1210,4
625022363,GillianA,True,884607,178
58106804,katherinefugate,False,10847,1427
3145171558,Steam_Spy,False,33269,51
84966500,BBolander,True,13479,1329
14137885,deantak,True,35840,3314
63242060,tithenai,True,34371,1541
28514293,PodCastle_org,False,6183,534
926073312,onehandhighfive,False,305,407
212018296,NikaHarper,False,60122,915
21467005,NotBrunoAgain,False,4619,427
18947075,bravemule,False,5033,891
21624372,lmichet,False,4691,1833
166882066,GinBroguesHats,True,2638,755
358954714,WhoKeemy,False,433,752
245746425,emilybflynn,False,133,484
22253,KuraFire,False,12476,3792
2327251441,deuxdel,False,14221,1473
3005626235,GhostTownOli,False,1610,941
4143230841,lukes_story,False,440,363
16310048,xiotex,True,11908,2319
53902167,laurenjmcphee,False,213,607
19993818,Frostycheeks,False,2426,1617
95610041,TaikaWaititi,True,1423587,780
52755605,mcisaaman,False,1786,2004
17350520,janeruffino,False,10781,7470
2355387824,KarolinaJacobss,False,92,137
1256588491,MataHaggis,False,2929,3125
220506985,RyanIkeComposer,False,3555,832
493695467,celestebarber_,True,137559,204
3101705175,Fuzzlette,False,1385,1462
55858339,JonathanLHoward,True,5587,671
14787758,cypheroftyr,True,48496,19320
1238259895,MingjueChen,False,121279,2128
522519631,dorrismccomics,True,362940,1188
881400440,BexTalksSex,False,12138,1262
1431952748,jenn_woodall,False,11386,2459
14945075,chrissywilliams,False,4803,1655
855830216966635520,BaltitudeSminge,False,1205,207
3066065279,tghcook,False,282,198
17271646,v21,False,8052,3035
24217237,mink_ette,False,2113,1201
978960564,DoubleRyeNeat,False,8,38
18790308,kazaroth,False,539,473
46346835,icotom,True,4288,450
26902304,twoscooters,True,15091,825
226346115,UnburntWitch,True,123671,2854
48705816,Whoozley,False,15032,1558
71065519,SwingPatrolLdn,False,5782,1841
20987114,lefran,False,1639,2050
21929057,fawnrelic,False,2062,762
5906212,georgbacker,False,2978,957
2319062221,MagsVisaggs,True,40656,2187
14142965,desplesda,False,4015,1566
53756516,itsmeardenleigh,False,5134,475
24937082,PersocomNina,False,26132,967
750409219401191425,CheerfulGoth,False,2774,1029
817101925086658560,atruepodcast,False,989,8
23295813,_ElizabethMay,False,41611,1005
20785057,flendog_,False,1917,956
436191594,NuclearTeeth,False,8440,897
24478018,amyszzz,False,2140,2118
21301903,SimonParkin,True,13521,1405
154648294,wynrush,False,2152,608
76296208,ellardent,True,14840,1259
2918348373,thimbleweedpark,True,16095,28
19738805,br,True,495269,746
35288455,cox_tom,True,79834,1516
735540377319415808,Hey__McFly,False,107,4
1898687815,WillWArmstrong,False,1552,549
115720296,nickfolkman,False,1838,893
24480018,maxfolkmax,False,1770,878
312923674,ConnorTCleary,False,678,787
7331992,MituK,True,11318,1925
2326057399,TacomaGame,True,5848,103
89986820,_GilesArmstrong,False,1956,1098
792690,hoverbird,False,43285,2924
395649005,GreatWhiskahs,False,166,613
191221920,SamMaggs,True,45184,2557
17442839,bartwerf,False,12560,2870
92199427,lolkat,False,8177,1802
2338989386,DrewMcGeeWrites,False,400,287
220981144,Will_Overgard,True,4002,1543
16065330,sockchan,False,1298,1944
425247471,rachel_sala,False,1178,569
14434210,zacharyjohnson,False,2311,1239
34838035,tDJ,False,2540,465
14424027,johnnemann,False,7386,1114
524559905,GilesPink,True,3024,1262
2308011655,schtib,False,208,253
167814916,aheila_,False,1099,302
174147701,Brooke_Maggs,False,2676,1108
26725268,MissKalika,False,822,362
1330551078,NinNons,False,1975,1032
39393397,ninjeska,False,5509,5496
4776322937,Sadia_Bashir1,False,2419,920
1857118886,Kalonica_,False,2570,999
851468154,IGDAWritingSIG,False,508,29
4563052097,Alex_j_ander,False,35,213
2444154424,freddi_rose,False,633,679
829264302,BlairBroon,False,6021,331
47429047,locust9,True,25366,3004
132444513,pnkyfish,False,1964,587
729536542427897856,AviLoveWriting,False,73,199
95048311,MattMcBradley,True,37378,4543
3101542833,thecatreviewer,False,56706,1
8715542,Wolven,False,8442,2633
740149724146241536,discoelysium,False,46071,1721
17451841,aliettedb,False,28062,1539
17772441,andrea_h1ckey,True,4338,2404
1617891,tigershungry,False,4664,996
619835524,_JamesWilko,False,392,289
113811827,stuartjeff,False,634,473
15443089,NormNazaroff,False,431,434
14080972,stirpicus,True,6807,1266
102237401,joshscherr,False,18691,1275
16035547,kurlancheek,False,1383,290
259475003,And_Rayna,False,2516,1079
45835391,Cromerty,False,8077,4232
19880440,screencuisine,True,6365,975
17020096,IanMartin,False,42086,1158
50122046,melissaterras,True,18813,8560
396621076,SJKSalisbury,False,6039,1033
360281376,JennSandercock,False,4905,1116
23908767,jazzrozz,True,7444,2410
247883817,skittlesolives,False,590,0
25275453,jimwaterson,True,254337,2854
237384475,Supernorn,False,5228,1393
4385491,Delafina777,False,26463,893
33018977,prairielaura,True,5060,826
139835315,amalialevari,True,1777,897
304679484,HamillHimself,True,4817574,882
21657701,paulfoxcroft,False,4623,2047
14343621,sh4na,False,3209,996
90884238,Resulka,False,1196,462
23715059,gaileyfrey,True,44613,1100
14849130,LauraKalbag,False,21279,3590
2977850043,SIkobayo,False,34,197
1656244670,SICKOFWOLVES,False,173454,802
195036846,hownottodraw,True,18993,747
38010788,SimonOliverUK,False,781,401
728410166,nielsen_holly,False,7035,776
36457353,terrycavanagh,True,61465,785
19060089,GamesWriting,False,3373,1491
366665793,AGTutty,False,1628,1101
262577014,iannmcdonald,False,4902,888
158368965,ThreeUK,True,200244,2857
517788125,_Sam_Browne,False,933,1716
2999987369,yayfrens,False,11576,10264
65399201,FernRiddell,True,50601,1282
801141868817883136,sean_vanaman,False,26,37
290716405,rob_sherman,False,515,1050
111127520,tomhwilliams,False,248,471
14435886,morayati,False,1434,347
4032375982,wingedwicked,False,337,700
773200870347567104,vrgonzalez90,False,40,135
29417304,deray,True,1036198,1319
27187343,lsarsour,True,329065,3695
203060129,CAIRNational,False,54107,10391
44168196,amarHoboken,False,3500,866
19707526,ben_cameron,True,17328,1238
265593408,briecode,True,11810,547
53200348,trouteyes,False,46715,816
140957469,James9475,False,2643,231
16353467,shoomlah,False,68383,1145
14523454,mogwai_poet,False,8426,567
15688048,DuncanFyfe,False,3567,623
21156173,robin7crows,False,642,462
58830999,nerial,False,6020,919
242367327,wundergeek,False,2340,149
147888601,itsCharleyytho,True,18188,1260
788388933575073792,PixieStitchs,False,296,371
15078306,SteveGaynorPDX,True,108105,808
2827705677,lillydev_,False,6522,313
54698729,lizardengland,False,16425,1377
16009228,Greenfaery,False,2102,2200
23055705,CodyHargreaves,False,19356,596
31353077,NathanFillion,True,3323505,611
26884913,Quinns108,False,103400,723
3816567737,WhoresofYore,True,523280,7942
752064640918495232,marc_laidlaw,False,11586,279
2494319990,dimbulbgames,False,2026,1
15578992,telltalegames,True,947812,1519
16792453,chrisremo,True,78253,624
39975812,skilful,False,5869,725
25322324,seankrankel,False,2088,1042
15881026,ollymoss,False,93087,1104
14476063,Nelsormensch,True,9217,352
116334037,RDansky,False,3421,1496
15445518,bburbank,False,3598,513
3483919032,catacalypto,False,10066,1501
16886835,WordMercenary,False,2239,212
42997787,AnimeJune,False,1475,667
30957246,doubleanna,True,10383,1191
10963,Lulu,False,2845,307
17930943,ZakMcc,False,2178,367
2815370733,JamesBonol,False,88,428
202335295,unwinnable,False,5918,1209
1034261,Laralyn,False,7360,594
1311919178,thatJaneNg,True,24299,675
14471133,vanaman,True,23171,541
6294402,dfabu,False,897,484
121896641,joliemenzel,False,3672,4779
20916029,HollyPixel,False,2708,1863
133058038,zapjackson,False,2117,526
2480232330,OtherSide_Games,False,7357,1108
25715030,Thairyn,False,1582,806
221908611,moreelen,False,19216,1780
15892337,katbamkapow,False,5520,696
120841704,notquitereal,False,13281,696
18093282,GLValentine,False,6543,475
299820130,TriciaLockwood,False,106502,1221
20221325,girlziplocked,False,29759,2674
20665221,tauriqmoosa,True,16435,2687
66153619,barbarrett,False,327,433
1276068319,HazelMonforton,False,22697,2158
547952684,alexvscoding,False,2690,1769
28370660,iRNY,False,1304,2038
21480988,jenvcampbell,False,23327,3217
180858875,StuartJRitchie,False,25866,1105
27463593,sambradbury89,False,1741,778
14317810,brosandprose,True,37243,3373
22873606,katiemcvay,False,4812,1333
83191847,IsabelDavies_,False,943,952
436879069,david8hughes,True,129179,896
191894342,games_scholar,False,132,47
703314757160300544,JustSamPlease,False,178,262
252652558,skelicopter,False,1214,645
16203848,zarfeblong,False,3579,266
4004901,alexhern,True,69760,1941
80064003,thepunningman,False,42707,501
199954188,toiyakfinley,False,1017,604
3119079603,GamesAndKarla,False,747,1109
2015141,brendonconnelly,False,4375,3723
15387870,ja2ke,False,21978,1267
2515234323,RuthePhoenix,False,8995,1552
61663134,Tarrigan,False,591,1327
25757370,silviamg,False,24809,513
24363108,Jogosity,False,643,300
153536264,HarrietHW,False,685,1471
211941984,catheeley,False,286,923
15248323,keefstuart,True,21244,2346
127681878,Absintheuse,True,4517,2960
368802977,robyescombe,True,1990,2206
144567612,TanyaLaird,False,1167,95
20198533,3571,False,1765,1137
23072760,Wolpaw,False,5664,0
97040343,MerriamWebster,True,962573,698
2825601972,subQmag,False,1390,427
38196475,natalia_theodor,False,2596,1303
56008649,bphennessy,False,773,407
789609048,verityvirtue,False,291,808
61150569,Friedegger,False,856,633
17563807,adeniro,False,2495,905
19772827,danthat,False,38016,65
19605907,henrysenior,False,733,579
17849937,FuzzibleMatt,False,182,207
398146813,BCDreyer,True,88436,3882
63112703,iucounu,False,2618,1043
21361106,JM_Underwood,False,7721,1373
65356121,kezamacdonald,True,37404,1189
477205806,tanyaxshort,True,19051,998
90570026,TheAndrewFoley,False,1061,1049
132459921,denisavn,False,1940,225
23742038,mode7games,False,13844,7560
19455489,Jam_sponge,False,30937,1060
40684090,FeministaJones,True,169394,129
97090808,logodaedalus,False,1655,992
19766035,ennacooper,False,1231,1050
17684507,rmholdsworth,True,2978,690
21277023,aannggeellll,True,28153,2723
41584370,jericawebber,True,8374,501
1651331425,FallofCthulhu,False,4424,1059
2731162110,VideoBrains,False,900,5
205956186,rcmacleod,True,4769,1365
4663461,gonnas,False,6847,863
17673,RellyAB,False,5987,1341
147646942,Leahbjackson,False,21041,2115
212239866,FannyBlake1,False,6461,2163
149168015,gshowitt,False,14433,3064
14910390,adtidixon,False,755,961
1455253004,HonestlyKarla,False,520,778
18583083,mollygos,False,11657,832
3108200539,kitunegazou,False,7573,8211
2347192018,alexgrantsaid,False,38,69
18550045,JamesStAnthony,False,778,1308
17223417,DeborahFW,True,71981,1612
4736792732,IndieGames_Muso,False,3752,3959
150628204,gavininglis,False,927,746
20673837,Winterhymnai,False,131,377
16744475,Official_GDC,True,202110,18
49946346,daniel_barker,False,5732,889
4196983835,dog_rates,True,9102558,20
29262592,IncrediblyRich,False,11208,396
621835887,FrancesHardinge,False,10846,470
30290233,PetterVil,False,654,473
455890307,_cilae,False,3363,640
46279940,coketweet,False,21572,1132
315291021,EstherPerel,True,119095,729
1663413990,brian_bilston,False,86354,1096
4024635921,CashDeCuir,False,1391,1993
2375656825,jamestyro,False,401,206
381567389,MildlyDistorted,False,339,536
289438636,GreyTheTick,False,4017,82
2465853247,LostWordsGame,False,8011,8344
22084427,robdelaney,True,1583280,1
2561407350,biotweeps,False,19608,5030
14943464,sharnajackson,False,7119,3371
936981026,spacetwinks,False,26834,329
209241489,Soc_of_Authors,True,66580,6188
11393832,ChrisHallbeck,False,16973,1110
360129945,LivioDeLaCruz,False,860,2853
14162415,ryanqnorth,True,80550,1005
114859999,OvergroundLab,False,341,401
505969591,storybreathing,False,6236,1303
38562023,SamuelPartridge,False,1179,1142
2172587311,DogfoodStudios,False,590,238
17064600,tha_rami,True,191304,19948
3377134595,_ChrisWooding_,False,2114,172
12552,philgyford,False,2814,332
14563655,ancalime,False,697,820
20305710,Susan_Rae1,False,9496,6129
19331564,MarshDavies,False,5766,1436
18055737,johngreen,True,4626081,819
8605652,WallofIllusion,False,253,127
3231911552,IFIntroComp,False,674,9
6318552,GriddleOctopus,True,5496,3001
168492428,jmswallow,True,7528,1405
1506415273,FragFox,False,4621,3884
1128064327,RaW_writing,False,2364,1465
26110037,metasynthie,False,10348,1059
468289628,joermarriott,False,1531,1976
366737055,aphotic_ink,False,734,1497
3082264955,ClaireLauPhoto,False,111,121
696163,EdStern,False,7566,4127
61336370,matthewseiji,False,5516,1092
19066339,jcwakely,False,484,776
53458216,DrFidelius,False,408,444
2869087000,KevanMander,False,151,28
74409553,andrejchudy,False,559,1406
388263951,noneconomical,False,5972,2937
808987476,FrogCroakley,False,14287,4572
115763654,ShortStoryAward,True,8039,2251
35270579,matthaig1,True,464634,9897
14180105,jonrosenberg,True,21514,3860
788192304,proceduralguy,False,2450,181
2319814776,Aimee_Ogden,False,2367,1065
255871923,sassthat,False,178,625
9056282,solomonchik,False,1052,3756
2456850583,teapoweredteam,False,814,673
238625906,failnaut,True,7547,352
456625376,ShoaibMKhan,True,18810,2361
40179360,neongrey33,False,891,2699
86442557,WarrenIsDead,False,11781,985
243058696,DiscoBabaloo,False,7507,1252
387186414,Gingerhazing,True,380634,661
294163852,OxideTower,False,904,966
7729582,lycrashampoo,False,520,380
17129272,PeteScuff,False,98,59
65260792,arthur_affect,True,45665,1016
519264673,SheerJenius,False,623,406
17487736,AlasdairStuart,False,11442,7558
51058669,kevinwakeup,False,1584,268
2729557633,LossLit,False,3043,281
1530096708,jesslynnrose,False,31144,2243
1482961735,aaronareed,False,3606,1662
15676020,_JakeTucker,True,3887,1476
18920834,JurieHorneman,False,5110,2251
112524423,JuhanaIF,False,864,260
1045383072,GradientLair,False,11440,90
69128646,stcymsn,False,5837,1267
2798808968,zingarinha,False,13,36
6889982,kierongillen,True,69154,1269
2461200872,Davidenergyman,False,73,285
1686359738,lethophobia,False,62,26
40262799,PlanetofFinks,False,81199,781
14140101,happierman,False,44945,1200
14393629,Oddessy,False,461,663
99757885,KateOfHysteria,False,7384,3433
15188343,itshannahflynn,False,5378,3685
22540035,ellaguro,False,8422,729
45176933,RichardGarriott,True,37910,3080
462541005,BioMaryKirby,False,14788,213
21729394,eplerjc,True,21777,623
14693692,LewieP,True,4777,606
375022391,wigj,True,19875,15174
28344264,NoSleepOlivia,False,8738,3608
587418999,caltabiano_anna,False,34468,311
392411032,bbattye,False,4708,256
595802923,AllenJStroud,False,1520,758
763375106,tomlloydwrites,False,1874,996
40532711,JaneFae,False,5657,1515
15341629,D_Nye_Griffiths,True,3653,2878
19530289,PennyRed,True,176644,4444
18771668,RaygunGoth,False,1673,423
22698670,PaulWiseall,False,570,412
161758046,anouchkaharris,False,381,307
48903,aral,False,42999,0
2593747736,LynxKim,False,748,1693
2153626782,adamnbabiker,False,15,25
16220934,rockpapershot,True,189032,13
11928542,Kotaku,True,2201350,67
17309951,mcmaster,False,820,530
13539832,Qt3,False,2686,713
47667972,gamedevdotcom,False,494984,20
70665746,slimedaughter,False,11089,34
35161088,WGoodspeed,False,1108,1280
20315618,RaveofRavendale,True,29177,836
306472866,BioMarkDarrah,True,79534,268
102903198,JessicaMarzipan,True,47675,762
2600446688,DavidAChalton,False,427,2208
217145044,RL_Reynolds,False,338,624
278937589,casskhaw,False,20098,1021
7555262,holly,True,123480,64126
202463874,Morrison,True,55857,1613
43219574,genevrael,False,2080,666
33087222,bengelinas,False,7395,1016
369586333,PatrickWeekes,True,47312,265
32032000,KarinWeekes,False,18422,1923
9637982,codejill,False,2296,239
982040378,chetfaliszek,True,29665,1102
16799897,leighalexander,False,135509,2857
20263018,DeepCountess,False,687,3380
71082732,djolder,True,54853,7428
16504257,Nnedi,True,125443,337
17974481,nkjemisin,True,208220,894
6044272,ramez,True,43765,5821
88241329,Karen_Lord,False,1940,3
81122803,BrianTMcClellan,True,15992,201
1594071944,camposanto,True,50090,42
202654057,GeorgeSandison,False,1092,692
137466551,girlonthenet,False,22425,4637
163955396,mayafoa,False,4111,1354
14541472,toksvig,False,8826,3170
525392721,jensen_jane,False,3155,34
43775038,heyjamiedrew,False,1480,848
22430920,SpaceRumsfeld,False,1821,76
2304919032,UnsungTweets,False,2823,1692
51861154,EJ_Vilain,False,414,1019
544550324,JCareyAuthor,True,11661,488
126152870,mrsambarlow,True,13160,933
23737727,iainmerrick,False,273,238
176170634,joningold,False,5452,358
15261998,nickylang,False,141,977
2413048026,SRFantasyClub,False,2408,816
19688598,Scubbo,False,254,611
165565949,flglmn,False,6201,2247
2254086234,MissPotkin,False,21201,336
19582310,Pandamoanimum,True,77345,874
14239050,mastergeorge,False,692,675
778543,RatbagsAndChaos,False,1713,3716
125159231,Nemone7,False,488,1562
248044499,amy_hennig,True,108034,3357
20792012,Scriblit,False,24972,1138
230025585,wmarybeard,False,310830,1060
344334227,davidgaider,True,42522,99
21235304,stephen_collins,False,20919,2470
12418482,MaryRobinette,True,71397,1749
414648423,EFLunn,False,265,148
2223517922,sleepycatt,False,375,808
19347791,mrnickharvey,False,58340,932
272182549,Charles_Griff,False,614,688
283457938,MarkBackler,False,3173,4616
308946809,BAFTAGames,True,107028,1783
68783918,alevemine,False,273,239
166558442,JollyMrJones,False,928,4953
85564736,garyerskine,False,6032,3316
2285051,robmanuel,True,33477,862
1686700256,hottestsingles,False,23218,2144
7278752,aemilius_heros,False,377,235
164220772,TomJubert,False,4331,453
36735522,beatonna,True,158991,598
73843,Suw,False,7120,776
1464723776,nowyouccme,False,32,68
23148826,ZeldaDevon,False,1589,154
350507190,HutchinsonDave,False,4456,4974
19454670,sennydreadful,True,9421,4319
131223120,Joannechocolat,True,91419,999
30917386,laurenbeukes,True,28500,450
14399692,splinister,False,3621,1817
58237941,Sparrargh,False,610,1135
1334419122,Gambit589,False,3879,1134
700905314,D_Towsey,False,1113,1376
41792679,JustDiptych,False,138,100
41352385,halloween_becky,False,157,151
795876,felix_cohen,False,2980,1652
3512021,dsingleton,False,1144,138
620333,budgie,False,2493,571
810953162,mrnotmoro,False,110,350
208163,flashboy,True,23789,2398
28049003,GreatDismal,True,288869,287
19240252,CoalYardKitchen,False,883,795
1920286375,ClareAlgar,False,260,81
37643845,hayleycampbell,True,26906,1905
25189752,pollyjradams,False,5516,649
23051192,Kelly_Fogarty,False,1296,1514
975935732,Atemilyjane,False,73,182
362042853,SusanSchorn,False,6726,4028
463035975,LowVisWorkers,False,38,48
14441363,EwaSR,False,14462,1087
1313511884,dunc_macrae,False,140,111
254051223,thebrainofchris,False,1627,990
15624805,veschwab,False,146994,595
18171524,james_blue_cat,False,7365,3939
19165963,JenKirkman,True,273630,2095
19179333,Batsphinx,False,4442,541
234891567,zenaldehyde,False,10931,647
390039185,cstross,True,51175,716
6411962,lilianedwards,False,7922,1453
14503128,ptchfork,False,726,441
21663770,betterthemask,False,16364,3419
21856443,AboutThisLater,False,1818,2022
6957212,TriffidFarm,False,718,810
143962602,Nestat82,False,355,694
582679505,_Lionwalker,False,784,1178
257232251,aptshadow,False,20148,5887
52344237,mushenska,False,31640,992
2025531,clarered,False,12232,4698
327668247,FranLacuata,False,894,861
14699549,alittlebriton,False,841,686
615027583,TheKitschies,False,2432,1189
191546707,OneChapterMore,False,2829,2034
17271001,simonings,False,1961,638
35887286,stephencgrant,True,18430,2182
456805707,hodderscape,False,12559,1798
11937352,richardcobbett,True,7477,424
6705042,bengoldacre,True,474671,3347
38507373,CHGardiner,False,4713,1617
19853072,GuyAdamsAuthor,False,2288,1179
128353178,MARIADAHVANA,True,19309,1980
501825960,IrvineWelsh,True,360565,1021
15680306,johnhornor,True,6011,975
222723,adrianhon,True,6942,131
774157748,London_Geekfest,False,4248,2363
133900239,murinemach,False,656,725
1355329111,continuities,False,1169,925
19850521,Scienceofsport,True,92779,238
363282087,LadyGrimdark,False,2338,609
38773,naomialderman,False,5354,524
1496465666,Angstygeek,False,647,1685
20373564,fryorcraken,False,373,1523
95177505,Oglaf,False,55473,166
1064432665,Janet_Oganah,False,1722,1579
68955836,wheelsfelloff,False,192,249
586019266,DavidWBryan,False,37514,8919
27707938,naturallysteph,True,53445,601
20342945,nashg,False,396,496
266544842,GAILsBakery,False,15077,3146
36898442,sarahbennetto,False,7904,4640
30109507,mcsweeneys,True,274179,1129
22255687,jjsaunders,False,990,196
1275701432,LordGrimdark,True,91203,355
182363341,TheLitterBug,False,664,893
301982599,rhipratchett,False,77850,1073
17336372,frankieboyle,True,2707810,1241
62880399,gingerandwhite,False,3058,2102
377669286,Adey800,True,4875,4198
73341299,RosemaryAKay,False,1422,1565
368881889,ProResting,False,15076,3003
22595262,elclimo,True,60050,1433
284499164,DonnyTeenyhands,False,2432,4954
292650956,CAwkward,False,37991,3772
35241468,DavidHHeadley,False,17064,7715
82571663,dtmooreeditor,False,4277,2699
20266854,Hagelrat,False,1770,1500
123979525,AdamWagner1,True,99239,4387
325196338,KenThain,False,2841,193
313525954,AlexandraMcNic,False,2367,2043
19474114,C_T_S,False,23311,3620
14122603,ArenaFlowers,True,39655,5168
20141906,DirectorJWebber,False,4621,3379
19543893,denofgeek,False,83405,685
67427757,jimchines,True,16268,904
36897440,katobell,False,1963,2829
107214635,mygoditsraining,False,1975,1500
9006592,neverwhere,False,1369,840
73251301,nachosarah,False,568260,715
578292282,NicolaFoxfield,False,1520,1949
539942675,TaraMuir1,False,819,791
66589338,longshotauthor,True,86490,78
21125065,olibeale,False,5836,225
325226018,russ_pb,False,142,259
57195907,PrarthnaSri,False,89,240
23741085,KeshiniNaidoo,False,4480,4791
20260685,Helen_Oakleigh,False,20337,21308
84663891,stumptuous,False,2943,110
86300255,KimeCurran,False,3516,2579
14051882,garethlpowell,True,33812,14365
630707775,AckAckMacaque,False,2403,1813
405056781,EmergencyPuppy,False,542617,0
38146348,nostairway,False,18566,9538
21765319,amateuradam,True,160171,1954
40249789,charlottebush2,False,5353,5345
13519592,woodge,False,451,232
29408569,lahikmajoe,False,1695,2542
18692836,maureenkspeller,False,1947,1879
162882527,RichardWong1,False,91,460
48663167,GenBecouarn,False,925,508
19343172,LouMorgan,False,2563,1473
18883587,EmApocalyptic,False,31608,5115
258685448,MatildaProw,False,53,204
20885084,gillpea,False,615,505
14843838,FairgroundTown,False,367,603
601829894,FurnessGirl,False,3730,1574
20291015,MitchBenn,True,75852,2472
20813935,MrsTad,False,105625,110358
86744239,ClarkeAward,True,12715,1838
132862866,booktrunk,False,1275,1801
18602163,SFXmagazine,True,61561,33376
38466098,Beathhigh,True,197293,2321
18393773,neilhimself,True,2872846,989
18045596,saxonb,False,726,353
373565537,jeffnoon,False,11731,2778
526326547,mjohnharrison,False,8845,771
286703,sarahw,True,381398,602
409902008,CoolOnDemand,False,628,827
19776542,EmlynReesWriter,False,4533,2556
95692600,McDougallSophia,False,3109,1356
2729061,doctorow,True,474571,2265
16717978,Paul_Cornell,True,30483,1416
14202817,scalzi,True,194048,534
22123134,GaspodeX,False,660,1070
29995782,saladinahmed,True,105003,998
22094599,Krasnostein,False,2339,1108
36204770,markstay,False,3072,2361
47637779,swordsnsolvers,False,993,1502
319349245,Tesla_Prime,False,64480,62406
31221463,MjkeW,False,4492,4728
21286277,Chopski,False,580,380
19235435,murf61,False,1062,1899
105274468,jberlyne,False,2382,905
187924604,RosenTrevithick,False,7176,909
14031862,PaulGrahamRaven,False,3101,1122
65449634,Wetdarkandwild,False,4883,1981
22799589,davidmbarnett,True,7764,5815
41917289,HTJohnston,False,2088,1756
28094581,Magma_Times,False,108,325
25813260,rrouillard,False,2542,2509
14966068,MikeCamel,False,838,542
38891739,DaemonAAc,False,887,4419
244662721,adele_andersen,False,516,956
16894839,JillPantozzi,True,31606,1002
14764344,ShaCrawford,False,51,64
12080652,sfsignal,False,24954,4603
936401,Danacea,False,11287,8483
438655891,SimonGuy64,False,7938,1891
20900200,ghostfinder,True,9037,704
17791624,stevemosby,False,4500,1563
342719985,ScruffyLizzie,False,241,1225
21751177,thewritertype,False,28835,1448
204512124,TownJules,False,869,1663
10199112,wowser,False,9335,305
24209437,stephenjsweeney,False,277,71
26486388,Suzanne_McLeod,False,2157,1029
17593751,LizUK,False,5781,5097
399362783,Alison_Edits,False,10919,2031
38149182,AtomBooks,False,10438,4540
83883736,FakeAPStylebook,False,273031,81
44201638,JaineFenn,False,1306,511
36181646,stephendeas,False,1344,158
14561228,gavreads,False,7132,1996
52765901,PVBrett,True,29366,479
125684014,TheWorrierPoet,False,1669,931
138346876,MissLeonardis,False,1740,1839
82923582,UnforgivingMuse,False,2829,2953
355438142,wes_chu,True,20159,929
202679584,PhilipArdagh,True,18590,1898
15437688,ForbiddenPlanet,False,69930,14446
267659406,thenicolabryant,False,37295,795
14138473,FawnDoo,False,202,169
268060605,AbrahamHanover,True,34161,554
135765868,misterkristoff,True,40974,399
121515679,LucyCorrander,False,1339,1634
35581792,MadameOz,False,877,571
304364914,CNBDocasa,False,1539,388
23038043,KatWithSword,False,9805,724
34902124,marcussedgwick,True,10116,354
20682607,adamantine_lady,False,576,671
234738083,TheSallyGardner,False,7212,1443
67557000,RedEaredRabbit,False,3913,179
107395417,BellaPagan,False,6450,1396
264238209,BuckmasterFresh,False,532,854
18947422,Jenni_Hill,False,4755,3623
268792647,SimonRoffe,False,3244,2114
171895568,ElspethCooper,False,2181,2052
242912970,joan_of_orc,False,611,228
273495459,notmoro,False,391,444
50271234,tomhpollock,False,3725,794
777626,ian_hocking,False,713,196
40225000,ninadouglas,False,8831,3924
16697379,GennMcMenemy,False,2076,1743
65157762,MarshallBuckley,False,586,290
209574944,jennywilldoit,False,3770,3686
16131691,dangennoe,False,574,366
8830292,djkirkby,False,2751,1487
15760355,Massawyrm,True,72265,963
144139219,gavingsmith,False,2300,2088
117735310,dedbutdrmng,False,9932,1772
40985817,allegedly_emma,False,5144,5561
34916592,niallharrison,False,2808,1974
10976912,nikperring,False,3045,2791
211303362,EmmaGCosh,False,1338,978
138831855,liz545,False,1375,694
54680395,infobeautiful,False,118570,432
360624308,KillerReads,False,12051,1786
27074339,salenagodden,True,19771,7426
20013841,marcusgipps,False,2621,1984
12867,abougu,False,1075,1091
15115659,Biltawulf,False,10544,810
22477940,terryandrob,True,179594,236
111323990,KermodeMovie,True,590352,1374
54236737,bellaswoosh,False,1629,1335
331890071,oknibbs,False,108,521
356180427,GillianRedfearn,False,9348,576
1524841,rhodri,True,69418,6911
343923997,TonyFinding,False,35,78
19029137,BrentSpiner,True,1418831,308
110666000,AngrySubEditor,False,2293,810
330637751,manual_txt,False,9520,402
312696942,SFGateway,False,5480,911
40222485,sejdubt,False,250,191
211500231,MelodyMetcalf,False,2317,1292
101012795,NickMotown,False,26357,995
20101959,MarkCN,False,2260,744
18235160,sampaints,False,10042,165
115357208,FireHazardGames,False,1352,1157
61838384,scottlynch78,True,60156,526
14726849,thefingersofgod,False,4544,972
18605897,joe_hill,True,315859,55
22144122,CorinnaHarrod,False,880,902
17207272,PRationality,False,1888,2101
21394506,literarywhore,False,11386,990
128555095,guardianstyle,True,62585,273
221752073,sportpsychjimbo,False,1677,3825
23331266,chrisoshea,False,5830,3638
39518278,RhodesytheBear,False,1085,1224
31305702,PeterAhlstrom,False,4076,414
262800983,erik_lundqvist,False,1798,664
128384950,Art_Li,False,3918,770
130118567,MingBean,False,1078,1002
28187205,BrandSanderson,True,285173,244
24357851,mermaidstranded,False,532,255
20592057,bookshopiain,False,763,1908
19404944,samatlounge,False,53311,27717
6339942,nuttyxander,False,5061,4800
181621352,FictUncovered,False,14812,5059
17494989,redrichie,False,1592,1488
300246481,SarahPinborough,True,22131,2171
161651126,CWAgencyUK,False,22111,1180
188639793,KurtJHanson,False,830,784
16313292,rachelcoldicutt,False,16062,2926
136002754,EHChalus,False,16293,15946
8101552,datsumoujinja,False,1915,2078
128516510,E_M_Edwards,False,738,666
296941317,Coffeetoons,False,229,595
26582748,BenWillisUK,False,12416,3390
226694434,eatplaylaw,False,2141,2645
41558025,julieacrisp,False,7207,1704
152948489,Den_Patrick,False,3169,699
28641038,shinytuppence,False,921,517
198616561,TomPercivalsays,False,6718,1647
29003758,BetterThanToday,False,6401,3302
23956889,MarionOco,False,65,294
6396822,jopkins,False,3403,4998
14475705,Beedoro,False,84,212
15748874,AlexanderKelly,False,6016,2958
275290307,tweetybirdtalks,False,73,134
252266408,bear_faced_lady,False,1603,1243
1151411,matlock,False,9567,3051
114853731,brrdatplay,False,417,441
15660181,CTD,False,1058,2301
18061659,StewHogarth,False,1142,496
7941342,louloulou,False,588,556
785980,jennilloyd,False,3339,2832
11979432,millar,False,1324,1320
85285400,theWriteLines,False,3502,2021
38003431,SarahEFranklin,False,4551,1768
164569984,ranarama,False,3344,349
14575233,peterjlaw,False,1597,740
1500141,dickyadams,False,1942,1345
18450385,trevoridge,False,909,975
1155011,mattverso,False,529,238
16284253,lingmops,False,1228,618
17752377,UltraCobalt,False,1081,922
20673875,tobymartin,False,281,721
22726588,Tom_Bowtell,False,1143,1099
7665962,tomabba,False,2095,1707
6262812,digitalmaverick,False,16396,13578
37984041,hollygramazio,False,4605,1074
16581262,Galactolerant,False,1191,2037
3462421,SusanArendt,True,16971,1092
63549163,misterarendt,False,2887,235
681813,avantgame,True,149079,2509
21791940,EscapistMag,True,50390,40
17288264,emshort,False,15009,1789
17297118,tassosstevens,False,3624,2543
24142043,HarryManTweets,False,2331,4996
778661,Caroline_S,True,11529,6601
40082947,clinestar,False,263,830
20581984,SophieRaine,False,4095,934
17339768,EmmaHoyle,False,1388,457
115757568,darrenanash,False,1276,741
89834134,straycarnivore,False,4221,905
14383556,benoonbenoon,True,2633,920
68731296,LogitechGUK,True,30638,4440
77547236,richstrach,False,858,795
20582026,thecrimedesk,False,3996,2006
44435116,civilianreader,False,2979,985
19985733,Annjj,False,4223,2318
44874400,daraobriain,False,2580840,653
227658185,julieanna85,False,251,1294
29951705,tindalstreet,False,3000,1179
63419124,ChrisJParr88,False,365,375
29324530,tokyorich,False,4833,778
53422989,arrroberts,True,10541,1801
19394470,SamBaker,True,39148,1600
225394407,BecTheLabRat,False,65,215
58504840,Weirdmage,False,1123,1928
15250756,Janet_Reid,False,36036,874
224258768,loversdiction,True,79724,0
17004746,BrentWeeks,True,49389,202
14095832,BigBigBen,False,3892,1820
16518075,walkley,False,2683,155
227998443,Daftyb,False,43,50
215110798,queersteveirl,False,362,714
20232020,clomo,False,280,439
51017092,Oshymandias,False,486,1347
43123122,failbettergames,True,22510,17
46499589,EchoBazaar,True,37606,17
4519121,Oatmeal,True,648492,637
135104040,agencyofconey,False,5826,2047
27000572,le3ky,False,2986,492
20710449,philjoyce,False,174,149
18031204,meandmybigmouth,False,25638,6772
43328022,barculator,False,2419,1369
126104034,charles_yu,True,11705,1936
85785995,Leeswammes,False,1086,217
39272752,drummondmoir,False,2702,1911
127927179,fiercefiction,False,2661,560
25341070,gollancz,False,34920,2298
53502436,JonCG,True,5999,729
85176098,JonLeeWriter,True,7660,2164
20784548,WillWiles,False,7635,2974
50109015,RollOnFridayWeb,True,23854,532
109551198,iansillitoe,False,90,289
14223960,Harkaway,False,21927,11062
112991907,mattleggett1,False,58,83
20703893,teachyscience,False,1211,1971
134684382,Liveleeness,False,11,177
15822977,Sarah_Buckley,False,979,2035
13718032,richjm,True,5163,2814
24785621,BinaryTweedDeej,False,1696,1275
20411922,kelseykapow,False,935,295
132845132,KeithSNewman,False,150,727
19348960,jams1999,False,691,872
103022682,jitsukerr,False,144,165
133964049,RosiSexton,True,12670,3144
15439395,stephenfry,True,12470776,48438
20585419,missrosalindh,False,768,1587
17065582,kateebbutt,False,790,1285
20155652,BillBailey,True,3398946,1108
2276201,sevitz,False,960,367
95204203,crisis_uk,True,111552,2455
