75193883,courtenaytaylor,True,25745,912
229907492,enalanes,False,461,1013
1093055624714178561,juliabscasting,False,836,1775
1298381585134231552,VACastingRT,False,8446,222
148731444,waltdwilliams,True,8973,755
84148366,mormanboling,False,7243,84
1270358049774018560,soy_un_auto,False,9,356
382308582,TheRealMickRock,False,25103,169
612782611,Activision,True,2067013,39
722826900276514816,ChiPartyAunt,True,60108,1850
137053676,Chriswitaske,True,4180,1229
860653782,JessopPeter,False,824,227
42977712,nealbrennan,True,416367,1285
1270929461903417346,voiceover_camp,False,358,443
552017603,LACityCouncil,False,6312,37
46971728,CheramiLeigh,True,68349,716
120578011,Amyzeese,False,214,643
107194379,Droppslaundry,False,7404,2048
524559905,GilesPink,True,3024,1262
16154583,BenjiSamit,True,3806,1494
26134268,CubanMissileDH,True,12507,3330
554510636,SWatercolour,True,551623,2601
3146199001,TheArtfulEscape,True,4254,1373
209158753,JDMortellaro,False,1439,206
40353407,ElieNYC,True,322122,4604
834078524277456897,mhdksafa,True,156390,17
1429331399081824257,FFS_Evac,False,4,14
1314117317069025280,ACartoonCat,False,893,859
174548849,marcgraue,False,5822,5397
458698051,indiasagewilson,False,1,0
580177658,mexopolis,True,78308,8626
3355313961,Russo_Brothers,True,1361228,85
25475608,CombatJourno,True,117611,5334
1873476966,n1leftbehind,True,16508,171
2259809232,Super70sSports,True,485892,1027
240275471,MikeSchaffnit,False,3624,319
67647597,GlennonDoyle,True,275396,1771
328871268,ShawnJamesMusic,False,11596,288
33402081,drthema,False,169421,621
4426204944,FIFFNetflix,False,10471,570
17894224,IfyNwadiwe,True,73398,2324
874913006,msdanifernandez,True,105804,1995
151574384,flexalert,False,10334,1266
481762079,BlackCatUnloads,False,26717,16704
325966297,xpatriciah,True,27293,3465
21720472,JoelBurgess,False,8408,1309
271546808,carolinaravassa,True,69519,994
19352516,KriziaBajos,True,4011,646
1390389839128711169,WhatTheVox,False,7,7
49217025,RubenGallego,True,124687,2647
375022391,wigj,True,19876,15174
164060400,kirkacevedo,True,226781,33808
179040242,Stormof69,True,22683,1211
1098344093418045440,CopeScreamer,False,45,0
2279390210,BottlesO_O,False,183,363
989151424729833472,InTheEnvelope,False,438,377
1214937327014989824,50FirstTates,False,39195,587
538734371,itskatelambert,True,6737,658
20523846,riotgames,True,2401735,267
2746723868,DanaTerrace,True,389651,122
938135524480569345,thisismaneskin,True,451377,4
153559814,SheaFontana,True,6679,1688
45313198,jonnyyweldon,False,22963,994
548524903,Joshingtron,True,2680,368
1338576175694708736,queervoxacademy,False,1151,60
16145224,epicurious,True,2703024,271
3705536052,TheSugarVenom,False,4685,1828
86479914,Shadesogrey,False,15487,711
1241732443071119360,MoreSamanthaMor,False,3705,1840
14903310,RoosterTeeth,True,986081,521
893959368,markeiamccarty,True,10427,1507
551496624,GavinEtc,False,1896,469
24447643,eddieizzard,True,4362197,608
45618045,iHollaback,True,25074,2228
487584390,twisteddoodles,True,60884,560
1340782455712854020,AthargaOfficial,False,12,170
158773106,powerhouseanim,True,43592,2366
3675317780,MykeChilian,False,1532,284
964608074,peebgardt,False,5012,577
202674661,PaulTassi,True,104816,297
737614927414722561,Bripping_Talls,False,19204,5385
26256690,mencanstoprape,False,26291,1154
90484488,StopStHarassmnt,False,13766,6122
286476728,DebHaalandNM,True,290420,2237
22085184,defjam,True,1031183,255
25772065,jaycaspiankang,True,53988,4972
224772174,NortonJuster1,True,1422,11
1330455495799234560,thebestofzillow,False,41352,175
3191492688,itsgunnabemee,False,4218,1499
132720395,wolfboy74,False,4838,2051
240943804,Ward_Ant,False,2254,494
3507638306,SamuelDeats,False,63400,1156
805082,jaboud,True,4991,487
60978041,mikecolton,True,4682,1460
1252331097729298433,skydanceanim,False,127,0
480022268,OkRickchard,False,664,692
14892220,screenrant,True,193890,248
1128748584533397505,AITA_online,False,554282,20
21401466,VogueRunway,True,2248719,607
16929349,NYTFashion,True,955230,304
177965708,torahhorse,True,24125,948
87646897,JoniverHe,False,2331,313
140356904,_JonasTorgersen,False,857,241
795498132750467072,sethcastla,False,25,136
1354898820400877571,jonstewart,True,1215693,2
20153733,samito,False,974,1075
7334402,alfranken,True,1002511,42283
55962359,MarliseGcast,False,2634,171
741661508,sibbykirch,False,1152,648
58920461,staceypianko,False,4091,329
14823212,Clarknova1,True,43689,1278
16567106,GearboxOfficial,True,1227487,196
1349154719386775552,FLOTUS,True,3463363,5
1349149096909668363,POTUS,True,15879818,12
24480018,maxfolkmax,False,1771,879
115720296,nickfolkman,False,1839,894
1349170292564905988,PressSec,True,2035975,351
190258208,VictoriaAtkin,True,49239,5637
25139543,shanehoughton,True,8845,1002
1261361786856628225,_sammarin,False,1262,100
22730752,georgehahn,True,197733,1270
726108382067830784,ProfBrianKalt,False,13563,338
487412249,RealLucyLawless,True,318559,456
759251,CNN,True,55556702,1101
1266502471,KevinBurke20,False,2365,1235
22234786,TERENCEwithanF,False,316,1039
2434051392,SymoneDSanders,True,432032,6711
2421067430,TeaPainUSA,False,747226,122316
196063500,alexwasily,False,763,490
37176335,GoldenJoysticks,True,28333,2183
31536491,adam_orth,True,5659,1021
83891235,Abzybabzy,True,14457,72
1022128903236800512,DrakeGatsby,False,99781,2014
65638857,Dustinkcouch,False,40452,774
344334227,davidgaider,True,42523,99
16024323,GailSimone,False,187276,17235
24818008,VogtRoberts,True,74531,1294
1301586368611590144,CriticalRoleFDN,True,51470,20
3622368202,JohnFetterman,True,411713,4448
3496371972,giselefetterman,False,104557,2076
6974622,rgay,True,862178,2074
2729615444,malcolmkenyatta,True,119768,5747
22052388,susiemcbeth,True,24857,17663
13355282,pcbproductions,False,6089,90
215757525,jkatzprpro,False,1046,893
1689100435,VoiceArtsAward,False,4055,2396
26738660,STWTALENT,False,2286,149
932711506675765248,Cupofteaprod,False,2345,208
2736595310,carrollcasting,False,741,383
18324466,CatStaggs,False,13056,1325
4696552878,CoriBush,True,888714,2162
1323730225067339784,WhiteHouse,True,6199310,5
829186945267834880,CATargetBot,True,14612,2
510464011,AshaRangappa_,True,693611,464
429531188,Teri_Kanefield,True,159073,312
15823733,jenmercieca,True,46198,3171
820585,baratunde,True,265528,12755
3514817897,PaulRudnickNY,True,60128,1357
1306915350374617088,Rooted_Future,False,6963,3824
15832332,SeanSzeles,False,6135,775
13106032,Mr_Scribbles,False,7907,1028
5980142,wendyshepherd,False,129855,79935
73238146,SenateDems,True,1231680,2350
165511377,AndyRichter,True,1084212,1616
705650409822498817,PizzaToThePolls,False,21818,571
23258851,RonDanChan,False,10066,1689
948444535,DestinyTheGame,True,2639037,48
26280712,Bungie,True,2792597,345
1257689418888089600,PeteSouza,True,203497,223
18215973,PeteSouza44,True,263596,207
1082334352711790593,Ilhan,True,1296134,441
134963898,Ashley_Fink,True,262204,672
15976705,Amy_Siskind,True,530937,420
474154291,DrIbram,True,413668,1433
31195947,calbrunker,True,1701,561
169586297,pwcdanica,True,99354,1000
131307851,seriousdog,False,711,1593
1066773270773547008,ReecieColbert,False,97637,8447
565469671,XavierBecerra,True,57542,2353
31565351,AnaCabrera,True,204985,4118
784890784273215488,BillyBaldwin,True,176844,1563
800459756292882432,500womensci,False,57374,2152
30889432,EmilyLatka,False,2085,599
26985403,stephengrovesjr,True,29300,2158
1028106049994276865,ProudBoysUS,False,50622,44
15740776,ejeancarroll,True,227404,1259
1308140159427174400,therealjesskent,False,88,11
8223542,actblue,True,40680,1723
2172596028,DanPriceSeattle,True,640659,833
17278037,TitmouseInc,True,45800,1868
580312540,girlsreallyrule,False,344415,60726
792690,hoverbird,False,43285,2924
89990341,TinoTwoDinners,False,1603,1225
129330180,dave_filoni,False,345584,46
29064492,liamesler,False,7744,3407
13096002,mikeBithell,True,70926,3590
3301042003,MrJeffTrammell,False,11534,2886
46822887,AngryBlackLady,True,258928,1721
14298769,MollyJongFast,True,948148,6551
14237212,JohnWahl77,False,394,771
403500862,KarlKesel,False,2905,165
87283442,PMSchumacker,False,10944,1786
52071030,deanlorey,False,2329,334
130339829,justin_halpern,True,41844,423
42562446,StephenCurry30,True,15665914,833
31122582,OversightDems,True,182407,4988
96149284,michaelharriot,True,485481,95
1108587478414446592,NunesDrag,False,23512,1749
23314049,YNB,True,496248,3477
20292157,JeffLieber,True,28220,2804
50600062,Vangsness,True,700291,1555
301857983,Patrick_McHale,True,58193,1012
1611845016,CrackMcCraigen,True,79689,237
112536662,mmonogram,True,39672,716
78285472,DanPovenmire,True,92133,252
104818552,VinMan17,True,177210,1459
826740883,thatonequeen,True,567835,490
1268316577537110016,WarriorsITG,False,4729,773
34698369,EvanHandler,True,42772,279
114401398,JakeRudh,False,29530,805
250215527,Lauren_Novoa,False,11,59
377609596,ericswalwell,True,346311,4966
15268202,AlexSkolnick,True,82032,2285
42482224,hamishsteele,False,17956,1879
5741722,nprpolitics,True,3047326,95462
1275249823550017536,cortoonish,False,330,309
161199620,corybarlog,True,344614,666
1323214644,HC_Richardson,True,286948,12017
83769230,BentoBoxEnt,True,7989,154
215207998,kurteichenwald,True,510315,2622
412036906,bigandchewy,False,12941,1146
926620369,perlmutations,True,1114745,1791
18967565,SteveDanuser,False,10796,328
381048540,ChrisMetzen,True,155883,119
26176925,ChristieGolden,False,39248,639
3159148494,CriticalRole,True,570555,12
2905455576,CraigGerber_,False,3560,466
1335652567,chrisdocnee,True,10162,1075
198634633,maryknews,True,20269,6537
799014935225389057,FinalSpace,True,55329,826
30395567,emrazz,False,228683,1979
1230576844388388865,hertime2020,False,3833,99
2252616702,runjewels,True,213470,40
967605717879349248,LAPCFails,False,1516,54
3018796634,lapdcommission,False,2489,1008
111861538,starfuryevents,False,23989,315
194964944,FANEXPOBoston,False,15162,568
269576473,FANEXPODallas,False,21502,525
1267141677971628033,wcclive,False,821,139
2371339658,RepJimmyGomez,True,38502,3785
467823431,RepJeffries,True,433129,1073
798973032362606600,RepValDemings,True,362047,894
791077327,samswey,True,232683,3271
279390084,YourAnonNews,False,6585275,807
225235528,AnonyOps,False,644610,1141
20922014,therealelp,True,274131,1148
21265120,KillerMike,True,564252,2048
1056759055795081218,BeauTFC,True,99434,431
339464659,actor_morla,False,14174,906
16415036,vexedinthecity,False,20161,574
20558907,jaimemilner,False,4743,684
2474000222,NetworkVO,False,11940,6757
297814341,VoiceOneSF,False,2523,2614
15680155,dannaquinn,False,275,211
1205226529455632385,ProjectLincoln,True,2723620,797
128309735,hoffwrites,False,354,142
253733535,lizlewiscasting,False,29455,819
113190779,berlandcasting,False,18378,82
205838761,Soren_Ltd,True,73526,1137
352668196,AmericanDadTBS,True,706656,443
54815511,JTSco,False,4841,132
3235519880,chetxsteadman,False,131,52
124271519,iamtimsheridan,False,2543,500
93069110,maggieNYT,True,1703660,5448
15816595,radleybalko,True,103520,2501
924836857988313088,bestofnextdoor,False,478638,6432
1044622853310763014,GehennaGaming,False,2705,1181
1001882298189537281,OopsAllSetite,False,2300,2043
2447863669,AlexWard777,False,17992,905
163556820,selmaleh,False,7747,2246
55793637,JesseCox,True,397922,559
325385270,JYSexton,True,259776,4577
806906355214852096,RepRaskin,True,360474,6061
1029836806731325447,S4mmiV,False,5,37
361348063,AngelaMarieSays,False,1726,1885
1195010768342863873,vas_90s,False,11741,1355
1081222837459996672,RepKatiePorter,True,1119815,98
69481474,dominicburgess,True,6659,3262
46213956,JamilSmith,True,308088,1373
18382184,AdamParkhomenko,True,545252,89858
47566850,pejvahdat,True,66659,562
62593760,GameOverGreggy,True,1251719,1366
478754220,MiellynB,False,2088,1509
119520426,IAmJitsu,False,3027,2287
757012244265926656,SlashLurk,False,8731,656
103964544,Martholio,False,2503,959
222549105,DRobertsIMG,False,4733,2127
168811736,LisaGranshaw,True,1803,876
266256713,stevenmelching,False,2672,671
1160669088001097728,AVOXLA,False,735,246
41494136,ChadGrenier,False,17497,405
1105553674175164417,GunsDownAction,False,779,729
126152870,mrsambarlow,True,13159,933
20950208,MonsterclipRSPN,True,50384,153
113061485,speechboy71,False,82753,2828
212371407,msshanelynch,False,5280,339
962598543767650304,thehalpnetwork,False,1142,1217
21838546,larissala,False,4492,2057
62724533,MidnightRem,False,2493,2137
27617413,Sini_in_Studio,False,1279,828
14424027,johnnemann,False,7384,1114
366139160,MaryLynnWissner,False,3078,200
285575163,mummynyan,False,4962,315
82770168,VOICEACTORSNET,False,1371,64
1116387218698825730,enjoy_ok_ko,False,10960,509
4854972139,MikeLarsenOH,True,56778,4335
26180278,todrick,True,339523,1546
2806914710,thegameawards,True,576810,557
294430454,CaseyDHudson,True,77990,508
820354372827758592,brhodes,True,567881,1784
19546942,Refinery29,True,1278906,2269
293748355,EireannDolan,False,47257,1464
505395257,whatwouldDOOdo,True,148770,1618
126819958,jasonschreier,True,316640,1904
960932425533571072,OuterWorlds,True,98261,73
43403778,49ers,True,2225027,440
934505084913795072,ActingMagazine,False,17291,6037
132197069,FundHer,False,2489,371
133028836,AdamSchiff,True,592104,805
234428224,BritishBakeOff,True,734602,1223
1059962500282671104,MurderFrontRow,False,3162,48
18758101,austin_walker,True,86824,2212
1640929196,mmpadellan,True,918066,45003
36218435,LAmag,True,478187,1156
231534898,JessicaBlevins,True,581455,689
152518519,jusdog,False,494,243
637114460,JTuckerAnimator,False,6705,1285
425217500,MairghreadScott,False,7827,2117
181338506,_samliu_,True,7311,454
1170057621832777728,No_PlasticWaste,False,46568,396
1535203292,TheClaudiaBlack,True,53557,861
2342613998,SeamusBlackley,True,69847,7079
63514682,David_Leavitt,True,278702,5037
892219807,BradleyWhitford,True,459071,2157
545558899,DoubleFine,True,163945,216
1068754020,SuperPRGuy,False,6954,1000
1013815662521737216,REFORM,True,33376,340
21879831,ZerlinaMaxwell,True,282905,17886
959171422085038080,endless_mission,False,291,226
3223426134,SethAbramson,True,926868,16
88596684,carlosalazraqui,True,28695,745
3064574105,FuzzSocial,False,165,280
13215382,Wonkette,False,74123,1332
2761,fuzz,False,862,1239
25322324,seankrankel,False,2088,1042
14160974,nickchester,True,38749,1253
30900841,agentbizzle,True,141600,1752
905879272098643968,DisneyTVA,True,76339,28
996817818191613953,StarfieldGame,True,85146,9
214928563,evolve_pr,False,10199,682
1017119179449643008,gaslitnation,False,96504,89
806067284,PAXAus,True,35369,238
17169320,common,True,5419814,881
32455644,WizardWorld,True,102700,23320
1122006929834827776,AstinActor,False,8740,2185
982239087066140680,comicconwales,False,181,1
186633933,walescomiccon,True,26631,846
151131977,fictivate,False,3092,691
831611371,GirlMacFarlane,True,21671,256
622454613,Fyre_flye,False,99992,751
846462316090552320,WhatsGood_Games,False,31411,4
18501326,steimer,False,41560,317
17262744,GregRicey,True,19912,2133
7516152,matthistory,False,530,781
717871956,MckKirk,True,12895,3564
26281970,pax,True,453653,5
21753847,jameelajamil,True,1092257,843
476152894,kchironis,False,28192,1039
3092921,tfcocs,False,3665,4263
892275857779118080,DevinCow,False,772419,148319
47489753,Official_AIAS,True,58190,8983
52832085,GarySteinman,True,10500,1014
2167177310,CartoonNetPR,True,29617,1099
16504528,Rubi_,True,8099,789
24376221,sweeetanj,True,83094,1294
153339082,reillystyley,True,8820,305
222377664,PJCourchaine,False,335,746
299347916,LGLancaster,True,2587,1353
119256748,MaxScoville,True,85771,1656
17912684,kungfusquirrel,True,7203,1665
57371662,PadmaLakshmi,True,792446,2309
953691495361662976,NewDadNotes,False,99177,1207
64931388,PlutonForEver,True,44103,332
32876210,richardmarx,True,324984,114
15756791,joshhaber,False,3613,814
191221920,SamMaggs,True,45184,2557
16490790,JoeMyGod,True,78529,1471
18009089,Paul_Dini,True,79419,891
15853073,geekgirldiva,True,27299,2437
17064600,tha_rami,True,191306,19950
84653569,_atowers,True,7566,1930
6240732,GamesRadar,True,1050159,768
1714264242,mr_patrickallan,True,3142,1127
15553222,consequence,True,244167,2488
14194479,Punknews,False,85275,5
3006708875,IAm_Montse,True,4599,1656
29979814,monaeltahawy,True,369342,4241
435331179,RashidaTlaib,True,1504089,2668
55336882,jasonlatino,False,852,402
104309271,bobclendenin,True,18337,1100
476523041,WillingBlam,True,463940,294
16813687,Katsucon,False,20225,201
35586563,jemelehill,True,1442257,2527
848148994102611969,Angry_Staffer,False,428495,501
1397852149,BWalloch,False,24426,1311
409486555,MichelleObama,True,21144317,16
133832049,AGBecerra,True,76666,2149
30354991,KamalaHarris,True,19064862,731
803694179079458816,VP,True,11735235,6
2461810448,TeamPelosi,True,826098,8245
177857574,TPToA,False,257,232
20495756,YugSTAR,True,9356,662
570220506,mattfiror,False,883,106
994311059677831168,TimWillits,True,4467,428
920416009,allymcleangames,False,24836,2044
15216467,Q_dog,False,1011,1061
3226765068,Gaohmee,True,40469,3393
14984003,jasonxbergman,False,5225,693
24740039,Dictionarycom,True,391281,101
2227423028,SBVTalent,False,984,204
786309892990574592,SteveSchmidtSES,True,1469532,2547
281713116,abigaildisney,True,97500,1968
357164094,sarajanesherman,False,6277,640
425264466,Reed_POP,False,5813,117
895814938995957760,threadreaderapp,False,519460,1280
858557520058630145,Civics4GrownUps,False,8444,194
846137120209190912,dog_feelings,True,3657278,3
591386905,Adam__smasher,False,227,2169
21163925,DragonCon,True,69850,1811
43918616,SJBsMama,False,2738,2202
4196983835,dog_rates,True,9102488,20
1216789842,DearAuntCrabby,False,413526,31120
229986441,CoreyRForrester,True,218357,5015
388416367,drewmorgcomedy,False,35525,2605
1323574512,KrakenCon,False,754,245
426802833,AP_Politics,True,562307,614
929399289436147713,RacismDog,False,652374,287
14335586,Public_Citizen,True,467436,7504
8957592,LATACO,True,42963,1194
41223126,Stonekettle,False,185993,1830
1594071944,camposanto,True,50090,42
101005636,travisakers,False,168582,2538
138203134,AOC,True,12828347,3538
246939630,shannonrwatts,True,537316,17071
14173087,jacquieshriver,False,291,240
38125898,amandadeibert,True,49377,11755
749821578678923264,Craven7Jessica,False,2692,753
55355654,thinkprogress,False,781584,887
582563196,erikaishii,True,168217,5533
856596564516651008,defendvoting,False,113570,2487
509656977,thatgrltrish,True,185407,3021
92896595,traecrowder,True,222803,1872
26642006,Alyssa_Milano,True,3653424,6722
1007012565396815872,FredTatasciore,False,10500,137
37247567,EliasToufexis,True,31019,6401
69242225,luc_baghadoust,False,8790,2366
133623790,thehollybible,False,3724,2737
371438879,BayAreaSound,False,621,184
16079941,GreatWallofChin,False,15057,1179
158603509,caviatmusic,False,5087,302
144040563,RodFergusson,True,157414,432
39633585,ayeshacurry,True,927831,318
810619093749559296,SaysHummingbird,False,267674,52769
70740986,RuPaulsDragRace,True,1203176,2847
29275869,AlbertMacGloan,False,114293,5709
3041806677,BiqtchPuddin,False,22439,3273
966354844754894848,NoRA4USA,False,18237,277
3350922155,error_fares,False,12563,40
352093320,TheFlightDeal,False,221463,65
342863309,BetoORourke,True,2036524,1583
2218904395,PunkRockClub,False,19143,19799
17667742,Caissie,True,72378,8108
179588204,PunKandStuff,False,143934,3021
757620756737953793,TheTimHedrick,False,6039,306
14247236,funder,True,1030404,88255
968758391169527808,nerdsvote,False,2783,108
2178681566,DavidJollyFL,True,237009,989
36711022,DanRather,True,2294238,987
24976211,OlanRogers,True,127654,9904
842550390818201600,jessphoenix2018,True,84230,4309
965266179836252161,callmeX,True,1467246,259
13850422,CNNPolitics,True,4239402,338
1915033663,davidhogg111,True,1107806,2395
866426699193491459,EffinBirds,False,289168,943
72876470,sgrstk,False,105601,35
82455213,RuPaul,True,1508096,730
91441711,itsSHANGELA,True,421201,1192
21148293,kathygriffin,True,2089207,1033
825153022653128704,roguesnradvisor,False,240880,245
1403984042,sirena_irwin,False,643,225
49272248,kharypayton,True,190231,1169
622561408,OweeeeenDennis,True,69970,332
42975647,juliapott,False,20553,319
845016122101411840,GeorgeGendi,False,2995,96
17491625,Matt___Burnett,True,43862,230
58684447,ben_levin,True,13713,977
25341996,Dreamworks,True,1919696,233
134146476,sasha_velour,True,360753,898
1111940934,davidplouffe,True,338237,1004
965015705123930114,AMarch4OurLives,True,463233,787
4924046660,scottsflights,True,149543,90
701725963,nowthisnews,True,2743661,1298
18948541,SethMacFarlane,True,13744856,499
953681936651714566,RealJusticePAC,False,29478,411
22146233,michelewells,False,5957,696
816869611480186880,PodSaveAmerica,True,609657,2
174110843,jonlovett,True,865960,1813
2922928743,danpfeiffer,True,733869,4045
155784594,TVietor08,True,606098,2458
130496027,jonfavs,True,1495263,1586
29501253,RepAdamSchiff,True,3035320,842
69414440,girltalk,True,49396,278
798729566126829568,flippable_org,True,80770,1787
30451813,CleverTitleTK,True,60780,4498
22929686,dcpoll,False,82380,972
27529312,SteveKerr,False,650644,193
98247788,TheDweck,True,246774,1322
267915933,feministabulous,True,172188,5059
387186414,Gingerhazing,True,380637,661
362286999,GeekandSundry,True,287646,2187
115705583,LAPDHQ,True,211362,338
3329136211,NotifyLA,True,34996,76
34666476,ReadyLA,True,31765,319
1017637447,MomsDemand,True,315032,10778
5392522,NPR,True,8819276,68248
35773039,TheAtlantic,True,2122287,1072
19826509,openculture,False,446279,1029
217183011,MadeleineLEngle,True,30682,1512
24190981,TeenVogue,True,3274186,2501
313663341,sarahsophief,False,10587,1266
861709692384403456,swingsocalleft,False,787,131
18337305,kittelsen,False,3567,1484
732353382,sethaaronLA,False,3009,201
111106978,i_am_squints,False,286,1478
61371461,AkilahObviously,True,236522,2776
823558302290341888,TranslateThings,False,137785,922
23023236,tmorello,True,893847,115
942156122,RepSwalwell,True,1154891,10822
372563164,rmayemsinger,True,136819,985
47285504,MarkRuffalo,True,7749501,2288
851211,benwikler,True,156702,5053
14790966,DollyParton,True,5318588,45
3982547060,Simplyinformed,False,4278,456
1126575572,DarinDePaul,True,67929,992
508960312,streetartUS,False,17952,3711
17397880,seankent,True,31414,33140
734866610,DenofGeekUS,True,77771,2356
633428438,MikeMcFarlandVA,True,24848,417
45055696,Kaepernick7,True,2430740,528
27373679,juliaprescott,True,8766,1095
2155790227,wia_animation,False,10988,362
858924511,YesYoureRacist,False,338821,262
611941828,JustinRoiland,True,747984,1968
325165385,drinkflowater,False,947,832
20281602,metalsucks,False,103910,1123
3252991812,dannyducker,False,11206,988
81285400,_AlexHirsch,True,789040,99
1917731,thehill,True,4281139,294
30838156,scrotumnose,False,20680,2808
2730331333,TurnVolume2016,False,5531,3124
14498622,SeanTheBaptiste,False,11128,3442
33347901,BLABBERMOUTHNET,False,224120,1540
102237401,joshscherr,False,18692,1276
365304025,cissyspeaks,True,20960,2154
800942537083068416,womensmarch,True,624591,857
343800462,XLNB,True,66114,1150
824332206952714240,AltPublicLands,False,301150,1600
824137712286441472,Alt_CDC,False,198177,226
824028553067032576,BadHombreNPS,False,177752,576
824116562768621568,Alt_NASA,False,193498,158
835740314006511618,resistbot,True,80080,2326
23976368,TJFixman,True,5235,883
21059255,tedlieu,True,1660514,10725
14511951,HuffPost,True,11351715,5599
344455372,ThatsSoCravens,False,4853,476
32522055,Kris_Sacrebleu,False,122402,49073
3167508269,DavidYankovich,True,106678,10729
2467791,washingtonpost,True,18517725,1715
18622869,ezraklein,True,2709105,1417
357606935,ewarren,True,5816165,561
970207298,SenWarren,True,6992309,515
939091,JoeBiden,True,31862591,48
17789578,NationalNOW,True,109593,1325
308324295,macwalterslives,True,25193,212
2728324531,miraongchua,False,34815,67
99727844,cartoonfuntime,False,25534,1068
824473943931293697,RoguePOTUSStaff,False,668889,69
14529929,jaketapper,True,3344569,10178
77893758,SacAnime,False,6547,315
810590628727914496,IndivisibleTeam,True,292749,2694
11347122,GavinNewsom,True,1984852,22592
16513335,votevets,True,286825,5691
53358442,DanSlott,True,138566,1850
51241418,taradublinrocks,True,86463,18944
827658471000600576,FIRE_THE_FOOL,False,76500,18050
743472216,ThisDayInMETAL,False,99463,11900
7019512,shannoncoulter,True,90345,15291
74669397,billyeichner,True,2376357,2721
88749392,JuddApatow,True,2431019,1751
19084896,TheRickWilson,True,1279908,6407
502135911,Nick_Offerman,True,1829537,307
803237155275472896,YourDailyAction,False,6698,341
800906652463398912,make5calls,True,31825,602
149249831,OhNoSheTwitnt,False,406915,1363
824320219866923018,RogueNASA,False,786505,540
15576928,goldengateblond,True,362736,1738
28873178,WendiAarons,True,18675,3084
304679484,HamillHimself,True,4817565,882
283610466,MsTexas1967,False,23820,6044
965739402,MusicTheDope,False,5473,2536
2987468815,GeekingOnMusic,False,52009,42078
16955991,Salon,True,965908,5874
16041234,RawStory,True,228041,3940
24165761,MichaelSkolnik,True,279610,1275
809887021,jfreewright,True,308784,3423
489475164,ColMorrisDavis,True,158703,3190
13393052,ACLU,True,2011949,5646
226346115,UnburntWitch,True,123681,2854
84653850,BrendanNyhan,True,92803,15898
1051396218,EvanMcMullin,True,498847,9202
16129920,maddow,True,10584083,4543
8953122,PolitiFact,True,689516,7924
44988185,NAACP,True,657799,30428
254873869,LibyaLiberty,True,255523,3338
3359851,fourzerotwo,True,459707,60
323297690,EricRogersHere,False,4983,1427
79923701,Lin_Manuel,True,3562543,3963
447311875,DirectVoices,False,6390,2875
53185769,voiceregistry,False,6110,644
17264476,BriannaWu,True,105898,7167
560523300,MBGlenn,True,16946,2547
1532591052,WorldAnimalNews,False,18915,5079
19568591,ananavarro,True,1802961,1297
768892734220349440,GunsDownAmerica,False,14491,186
34450125,tibermoon,True,13319,97
47475039,sarahkendzior,True,610804,1875
44845304,bauzilla,True,33727,4008
19940071,jessicadicicco,True,10389,457
19521118,stephaniesheh,True,34150,702
15343773,YuriLowenthal,True,130426,822
15222083,Naughty_Dog,True,3381525,1908
95692417,BobBergen,False,9160,1485
15234657,EA,True,6209725,342
16557618,MAURICELAMARCHE,True,68470,2799
37007382,jennifermuro,True,10773,994
87626123,veriteentertain,False,1690,863
133212069,Cameron__Lee,True,9426,149
14922225,Ubisoft,True,8672562,627
582230105,MikeyjKarr,False,189,462
497908663,TheVoiceBehind,False,1145,973
438749775,karen_fishman,False,55,97
11928542,Kotaku,True,2201307,67
228624732,ashly_burch,True,189095,656
7861312,feliciaday,True,2649549,1019
44548397,robbiedaymond,True,145143,682
123673000,thecheekyscot,True,7433,2888
17158189,MikeDrucker,True,212570,4667
57917441,lizzwinstead,True,137985,3695
77926102,Cuppatan,False,16245,310
249346453,MattOswaltVA,True,361417,1056
813286,BarackObama,True,130401567,587669
183300976,rebeccasugar,True,631744,200
524396430,Upworthy,True,485887,2240
6392972,ASE,True,81722,6050
4905714559,parkerrsimmons,False,29191,441
3319802414,ACauseforEnt,False,604,884
15126599,Wwm_Shakespeare,False,212234,2774
26548315,soledadobrien,True,1349777,433879
311862890,stebvi,False,26283,581
18114639,DanCasey,True,28570,1024
121258930,EpicGames,True,4408898,75
95934301,KeithArem,True,2058,111
1023072078,SoVeryBritish,True,3921464,1
29450962,repjohnlewis,False,1200608,144
91180720,MaddowBlog,True,1242009,1203
39364684,chrissyteigen,True,13375699,4798
150078976,ChrisMurphyCT,True,1055689,232
71758908,arthur_parsons,True,11569,381
311542894,TweetsOfGrass,False,47255,22596
69666615,Wit_of_Wilde,False,170720,7661
237566213,itssylviaplath,False,168566,1217
2224947382,langston_poems,False,76902,8240
16002085,igorvolsky,True,163141,3954
262856460,rezaaslan,True,284785,1133
2269093894,JohnJpshanley,False,26595,1169
264686213,samiisahak,False,19129,1049
14289331,dr_nic,True,9955,5870
4315213274,Melancholy_Bean,False,103,111
730914240865820673,prophetsofrage,True,62161,5
225534852,11ers,False,3079,862
122501085,arifskinchen,False,2750,2352
26952274,ianjq,True,170212,1247
1510590902,bruce_straley,True,49601,731
24585498,TimOfLegend,True,1064120,1353
295321731,Seitz_Unseen,True,48506,692
790150651,OffCameraShow,True,9367,657
599441544,DoLA,True,12445,4320
22720093,clmazin,True,216827,899
21445952,arhourigan,False,13578,1454
390031055,LaurenceWreford,False,1318,273
27577576,Luceobrien,True,29845,1843
26784273,charitywater,True,1286620,254826
35831704,MrChuckD,True,689709,78128
504205554,LoriAlan1,True,14712,2548
46762274,Hydra_Lord,False,29671,1064
18912905,Obsidian,True,282046,1482
113439399,smrtgrls,True,256281,3322
4127272999,IHearYouProd,False,50,57
36975620,IvyIsenberg,False,20638,236
29994187,BrianPShea,True,9310,1408
19123879,danasnyder,True,16501,2559
316389142,iamjohnoliver,True,5718864,137
11866582,LOLGOP,False,350179,11425
158813811,PamelaJoy5,False,502,70
37982492,GhostPanther,True,998450,2312
1560120186,LoneVaultWander,True,18946,1206
45234062,TruthBToldWorld,False,10602,2937
2852448847,Chibi_demonn,False,347,324
2916305152,Snowden,True,5053764,1
303252690,Ninjami01,False,83,105
14111650,skydart,True,127692,1571
14589257,JessicaChobot,True,233621,490
600019901,NatTenaLady,True,63994,635
130600864,Sean_M_Maher,True,81525,337
44258747,michelemorrow,True,35865,1537
22591657,angiegogo,False,4585,500
322129286,G27Status,False,43121,727
369586333,PatrickWeekes,True,47312,265
3572103435,SVSmugglersAssn,False,93,99
3355616914,VaultSurviver,False,37,37
3288091105,charlie_adler,True,22296,1421
216760738,AlexaRayC,True,24573,988
35472060,tarastrong,True,425380,11250
104574264,TheVulcanSalute,True,597255,773
48945625,BrianWFoster,True,183862,1231
415667562,Dezinuh,False,4487,241
112511880,Fallout,True,1482026,125
23645599,bethesda,True,2188843,469
20273398,gameinformer,True,2334840,110210
241666780,RachelHeine,True,21637,2667
225096034,TheMarySue,True,84081,1555
394216985,nerdist,True,480677,4156
61966978,NerdistNews,False,60517,2169
14207199,DCDeacon,True,127714,246
469689725,BethesdaStudios,True,1443960,122
126210634,Marisha_Ray,True,442217,741
101896771,jpkarliak,False,1896,376
16977656,WHWeekends,False,721,10
30555601,PierceOToole,False,538,654
463434326,sagaftranews,False,40902,15
1597491943,Firefly_Game,False,11268,26
18009191,Misty_Lee,True,6880,773
17718497,LAWeekly,True,710285,1805
6487292,LAist,True,779466,3316
114589771,HuffPostFood,True,211488,441
26329195,Eater,True,538922,962
1630896181,VICENews,True,1016966,966
23818581,VICE,True,2041007,10727
2317351705,LastWeekTonight,True,3151383,368
18185593,kbavoice,False,2729,281
242549250,sparkly723,False,1536,844
586032653,DEADLINE,True,1011021,124048
14167629,rikkisimons,True,20598,881
14165865,dosomething,True,701059,1423
1447527278,MaryEMcGlynn,True,91741,1813
278615599,Photo_Report,False,7775,5837
1564067226,AndreaToyias,False,9082,191
63489630,tobytobyjones,False,19952,774
15290180,phillamarr,True,88559,3079
37337334,ToddStashwick,True,24085,2082
990320934,WhaleCave,False,1048,299
16060481,Vududaddy,True,42879,424
215681420,TheKristiReed,False,1138,332
1152279248,EarthPix,False,3070496,3
1947694993,ParkingFreedom,False,367,534
257605626,SteveJaros,False,2342,142
21308602,cartoonnetwork,True,1052341,358
149685699,calwong,False,14923,795
113741392,wbgames,True,246894,85
10938882,zaphodgjd,False,9468,2260
17525171,Variety,True,2658500,242829
384685037,Omundson,True,241798,1991
7434902,MitchyD,True,58096,1968
46740532,nickelodeoncast,True,200416,101
34805698,In_15501698692,False,126962,441
1325233016,FormosaInteract,False,1125,161
1582853809,HistoryInPics,False,3774449,282
14610636,PureChipBeaman,False,477,305
343858532,Amanda_WyattVO,False,1730,380
204832963,TheTweetOfGod,False,6246222,1
1078027472,Julie_Nathanson,True,19398,909
16285225,KalElBogdanove,False,2750,1693
1848327199,Wes_Gleason,False,1473,394
25947094,Pappylicious,False,5586,244
84503378,foczyzie,False,425,1055
370266966,TalentForCons,False,902,1295
885339854,badmannersfood,True,90712,2308
961733000,JackieRGeary,True,1029,452
380871187,MCMExpoGuests,False,629,670
398333071,MariaDanger9,False,2616,351
14595065,augustintype,False,1555,935
377859890,ImariSpeaks,False,2791,776
24135382,DarrenKorb,True,39914,406
15488968,johntdrake,True,44241,4737
18445879,hofftv,False,8657,1118
755634,MoOk,False,1412,646
52478647,vanmarshall,True,30583,2284
56768257,femfreq,True,676319,1644
14587578,adamkovic,True,320376,0
33030256,Neil_Druckmann,True,452498,628
14628419,echopony,False,400,268
66499322,BobbyStein,False,3949,797
108467985,tcubbison,False,275,181
15310917,WoodyTondorf,False,3263,539
29514951,InsideGaming,True,3441137,26
262056759,dkayevo,True,15649,2868
475248044,AntonSoderhall,False,179,171
435965051,goodnews,True,63274,739
392588595,vobuzzweekly,False,22184,13975
30813038,voiceroy,False,3874,1476
55724321,BTVA,True,13341,4860
246653428,DemosThatRock,False,9310,6395
13110812,griner,True,33904,11947
454340464,Polygon,True,962849,108
281973742,AlixWiltonRegan,True,14930,1538
16672410,RogerCraigSmith,True,121929,4976
20696181,NeKap,True,23679,659
994534855,BrianKindregan,True,1908,622
33735219,ClevelandJr,False,35177,4992
473075367,KariWahlgren,True,65581,12422
8192222,Jezebel,True,313516,40
32032000,KarinWeekes,False,18421,1923
16786977,Comic_Con,True,1646807,52
16038438,HollyConrad,True,198806,1149
24732073,ErinFitzgerald,True,36299,1542
16581189,sarahohmygod,False,3451,709
16503580,MikeyDowling,False,5503,1777
637339309,thejbblanc,False,16869,321
774062191,TalkingDogz,False,1728,193
251721516,big_kish,False,2447,541
495209340,LLMGT,True,53716,795
508192094,LauraBaileyVO,True,647189,1015
409383848,CARightToKnow,False,17126,16597
630850107,GreyDeLisle,True,110030,9155
384940104,justlabelit,True,60477,10069
67144055,rana_mary,False,3620,331
9083222,samriegel,True,432101,524
16665995,Oliver_Vaquer,True,5030,296
21935934,MattFini,True,3309,558
33690940,parkerpublicist,False,4534,2106
300599613,GambleMike,True,79029,289
23402809,joshkeaton,True,77897,1510
332375645,RaphaelSbarge,True,92210,368
351671009,TheEvilChris,False,8090,1301
315338495,CGaspur,False,4752,252
187366802,mcsurics,False,798,635
102903198,JessicaMarzipan,True,47675,762
216812643,NerdAppropriate,True,5540,702
248044499,amy_hennig,True,108031,3357
14393872,janiehaddad,True,24046,2592
289074893,blumspew,True,132126,392
374155281,orionacaba,False,33603,275
135169335,GameVoices,False,11196,5246
19548898,thebeckydodd,False,2678,1399
19467047,gfloodnyc,False,18934,2757
76250178,RiseAbovePlstcs,False,5997,458
22313814,MCMComicCon,True,105376,1505
294498316,ChristianLanz,False,10740,707
16432028,tomabernathy,False,3240,3173
17691466,volobos,True,13648,1451
13065702,chaosfilms,False,2443,3381
19173124,ZachHanks,False,912,955
15536799,mikedooley,False,39768,103
22284444,faronear,False,3792,515
455874124,adamfoshko,False,53,55
107448541,wlsalyers,True,11265,1609
20747847,masseffect,True,846328,75
18927441,IGN,True,8457945,1366
21097042,AndreaEBaker,False,1227,694
90964854,2K,True,1801321,98
21158690,bioware,True,2696953,438
405323682,jhaletweets,True,99933,724
333709376,missalihillis,True,26325,522
14532122,BudgetTravel,False,215635,11537
18444530,VoiceOfOBrien,True,456150,408
434725454,TroyBakerVA,True,427669,1053
24630350,matthewmercer,True,788080,1971
394389703,cattaber,True,12994,922
373018050,Mark_Meer,False,34497,1545
253283323,InsideVoiceover,False,1517,274
166295530,MesaanaSedai,False,3037,1817
27765070,sumaleedotcom,True,32495,5072
337131276,CabLivingstone,False,4686,795
61691232,JGQuintel,True,235012,92
23902144,deebradleybaker,True,77343,677
10103222,SomeAudioGuy,False,4332,1062
17446621,THR,True,3332254,2735
118942025,katerenegleason,False,152,201
33334440,iwyk,False,423,918
122572173,DarnitJanet,False,607,2519
188979728,Regular_Show,False,23968,9
191511172,dawnhersheycsa,False,1358,400
39998413,sagaftranm,False,18147,7
