18448883,DCMS,True,244004,1515
710470760079478785,GambleAware,False,1438,614
208528305,tweetinjules,True,11558,6821
264124770,uksciencechief,True,186235,663
1310521600656240647,McfRhiannon,False,111,153
2304625285,MCFcharityUK,True,1254,630
41834347,polkatheatre,False,18082,2514
40425262,ITU,True,92193,2165
809000210689040384,ScotSecofState,True,5204,298
48356228,poppyscotland,False,15809,2671
314542577,Sothebys,True,170365,1655
2425151,Meta,True,13751414,723
732233345749422080,MILCLICKS,True,2676,196
1438093451795517449,TourdeMoon,False,215,240
562968284,PeterAiers,False,1751,1642
4277523495,friendschurches,True,38301,2083
1390632417011109890,CasgliadCymru,False,335,131
1434854053457141767,unboxed2022,True,1309,408
1306184847946375172,SafetyTechUK,False,484,497
2443941000,EmpireFightingC,False,2299,1277
496283843,kad_c,True,14883,599
429845378,librariesweek,False,12443,1837
935165518604132352,nexusunileeds,False,2096,622
4126421585,LeedsDigiFest,False,9031,2953
25076504,CrispThinking,False,2398,2073
69556293,worldscouting,True,83663,558
1198950398264070144,IncludedVc,False,45,0
1156239796534161411,PodiumAnalytics,False,128,83
28308356,TableTennisENG,False,16064,962
412451543,LongEatonRugby,False,1321,749
89307992,CPhilpOfficial,True,14066,1223
859339993810161664,JuliaLopezMP,True,7512,31
457060718,NadineDorries,True,108002,1254
19392391,UKScouting,True,73858,2267
3005376135,jejfield,False,1382,941
861654996,labgeni_us,False,2471,1048
2742234752,scouts,True,57785,283
188427240,krysten_coombs,True,886,706
121627048,NickHopeTV,True,21874,3062
73080134,DameSarahStorey,True,39406,804
1303628612965466114,vcsep,False,771,1204
58675816,UKinJapan,True,123776,216
217058716,GBRorienteering,False,4585,663
1153693578,LCFC_Community,True,8221,476
872802523136102400,LittleInventors,False,3483,2473
34405589,mac_birmingham,True,82271,4626
47344260,YSPsculpture,True,51696,2782
313236317,Jessie_Knight,True,4078,643
925441731331543040,g20org,True,503703,124
4818931821,creynolds094,False,695,5001
206156189,lionsofficial,True,500457,904
732141019114930176,UKRI_News,True,71239,576
1235598876075229187,5gruraldorset,False,392,475
23176482,colindigidorset,False,265,232
164692425,middxfa,False,11197,539
319008957,harefieldutd,False,3055,279
1903382054,England,True,5246321,367
1397122074846629892,Jubilee_Pageant,False,3497,90
3169667811,ScotlandNT,True,188608,304
1402583823624327169,JonMorganTT,False,67,122
893753786711375875,CompiledSocial,False,592,1435
114053642,tabithagold,True,15647,8553
771086340838612992,goodgrieftrust,False,20566,19522
108571692,WeAreTheFSA,False,44128,757
61617022,MalcolmJClarke,False,1686,973
567463505,MagsonRachael,False,976,2009
1327176709305724928,QGCanopy,False,4750,63
1131925056,B4Biodiversity,False,3829,1993
20165053,theBluecoat,False,34433,5659
1178622443814084608,CMO_England,True,360811,272
16692859,hendopolis,True,101179,7738
113114399,BlenheimPalace,False,34151,2446
218500865,thisiszuzu,True,9817,937
21807215,yousefcircus,True,62306,1159
1111325148064428033,FA,True,13523,103
3191500397,G7,True,95991,467
1221800239952203776,r_herdman,False,266,438
557196480,FRfestivals,True,5754,167
294152649,MuseumofMaking,False,9310,1655
858722656505540608,FofM14,False,233,135
8074522,electronicarts,True,332260,216
112412087,WorldBookDayUK,False,109091,1041
75140958,BCLivingMuseum,False,20141,596
2650061337,PhelpsAnnamarie,True,7157,2697
780466268,amaagbeze,True,8020,358
1237419692265963520,MCCOfficial,True,11559,79
2599876596,makenoise,True,10347,3143
41627051,readingagency,False,71708,5765
3337733489,testbox63,False,2,1
381710376,oliviamayafield,False,1705,1339
323304231,LFCFoundation,True,72258,2568
125929586,cavernliverpool,True,46419,8869
1245038241155252226,NHSVolResponder,True,5892,405
1318771282062737408,ProjGetSinging,False,628,721
410911759,DrRadhaModgil,True,13826,1210
96965958,RoyalMail,True,166275,25510
16926526,neilfmendoza,False,2140,668
27733680,bandonthewall,False,33058,3212
462513751,EFLTrust,True,16241,1384
1055032830269513728,FibrusFullFibre,False,667,120
2645483767,AFNCCF,False,27985,1938
229462896,DCCTOfficial,False,6790,367
534255106,ODIHQ,True,65283,2232
2353365774,HeritageFundNOR,False,5564,1992
939982165,SebbieHall,False,144,441
21417687,prospect_uk,True,54570,4428
1319309131568844801,FDCessex,False,79,147
21403751,RHDR,True,8365,213
18701897,dinosofos,True,27624,2943
27033505,MindCharity,True,509941,3554
1243211227825922049,CAPSLOCKCyber,False,505,100
265404046,_ukactive,True,33901,8631
3241991117,TGCRunning,False,16307,567
225199115,GavinJPoole,False,2805,566
1230252043702587395,J_Slater_,False,142,111
1415021222,Plexalcity,False,7180,7365
1007223589618274304,PlexalCyber,False,1505,2145
747370643272916992,TeamVivida,False,2659,2972
2432300893,HeimdalSecurity,False,5060,2759
734073075902320640,BHeritageWeek,False,3712,2076
2891942669,MWChoirs,False,3389,2020
15481990,BBCCiN,True,242115,1607
188775316,Holburne,False,9225,2856
56740715,hornvenue,False,4015,1124
19309716,gillespeterson,True,148067,2987
1251076523244871680,GBweekofsport,False,757,53
41609275,devolverdigital,True,305723,510
1134552730146500608,FallGuysGame,True,1338274,193
793596354832596992,YorkshireProse,False,34575,974
22858442,balticgateshead,False,86327,7166
114765763,OldhamCouncil,True,27192,407
17632593,CitizensAdvice,True,95781,3292
3334685577,IoT_SF,False,1711,149
20058335,fsb_policy,True,72229,3605
41773535,MakeUK_,False,13978,2871
19541522,mrjimBob,False,16844,636
185357705,SabrinaMahfouz,True,15521,1389
396792612,daisyb_and_me,False,289,632
82717269,jacquiohanlon,False,1345,1109
130176486,ETSI_STANDARDS,False,10976,1711
3356441181,lancslep,False,3759,661
861419041,Cinema_UK,False,4753,786
22518658,AlexScott,True,367830,1898
1169161186774007813,SStoreyDCMS,False,512,143
38292671,NSPCC,True,227542,3561
980071686,dealroomco,False,6310,2789
57607680,TNLComFundScot,False,17904,9886
97207138,BHHPA,False,6690,2487
96154222,ISPAUK,False,3105,1294
2495949541,networkrailwest,True,17327,974
197378511,Ofstednews,True,256917,651
102713613,TheRFL,True,97539,674
34950482,SuperLeague,True,218645,628
17364101,community_media,False,8548,7069
3769514241,PrueLeith,True,71075,74
518309102,RiotEns,False,4638,754
49004421,paulsylvester75,False,8228,1515
551699690,funmi_adewara,False,800,472
37916167,marksandspencer,True,629182,2814
276554601,keviclifton,True,253905,1724
29685344,RENskincare,True,28082,2089
121719772,ISBAsays,False,7019,823
1181539812739866624,futuredotnowuk,False,1482,577
849458179,RebellionJason,True,18015,4370
1920288925,TelefonicaUK,True,1765,691
1194202635114557440,GoogleHealth,True,19130,63
21645216,PuffinBooks,True,64709,2102
14871898,TheRSC,True,434566,1235
218179230,urban_teacher,False,27513,714
20429157,UnLtd,False,44023,1946
465680140,TheRoyalBallet,True,178418,226
1635682309,TheRoyalOpera,True,67335,365
21079277,RoyalOperaHouse,True,223574,1453
4277232795,sarah_hesz,False,614,480
3140473486,mushmums,False,3023,882
1121799138239111168,CCDHate,True,23728,2124
10215212,NHSuk,True,586805,5305
347877960,EndLonelinessUK,False,28241,2886
1240938425391382528,JTMEngland,True,12096,103
594969360,PaulBRamsbottom,False,3359,1205
1377836431,LondonKristiana,False,2982,1400
1238580018038616064,CovidAidUK,False,15698,62
417337223,ionaflawrence,False,3227,4187
97926365,karlwilding,False,18077,3230
2349415295,CharityHourUK,False,14559,14080
262587455,coffeecaravan,False,5260,4127
87913759,ChoirwithNoName,False,5518,2484
163968826,mariebenton,False,557,778
297916746,NickGardham,False,7077,2432
254632854,corganisers,False,11830,1593
1052788936978849792,AudioFund,False,2161,836
1621273135,GoodSamApp,False,36543,7832
1176545354302595072,NatEmergTrust,True,4910,466
82853372,spacegovuk,True,221168,1632
190589156,CLAtweets,True,16770,1431
3373883891,JuneAngelides,True,9581,5923
2998834391,MumsinTech,False,4408,4746
45562931,ericareadsqueer,False,2276,2573
7400692,BritishRedCross,True,245034,3675
568249574,HuddlestonNigel,True,17436,2961
20596231,wabbey,True,96923,2310
152059475,RaphaelSofoluke,False,1657,805
4737807627,ThisIsYSYS,False,7427,3477
383238347,cj_dinenage,True,22225,1220
278035184,aimafidon,True,23399,2769
297355059,Hyperoptic,True,8431,3243
921123405528817667,jus_leese,False,988,2389
1172535926209298432,OliverDowden,True,36841,1048
1024661746945089536,MartynHenderso5,False,271,216
292841727,SchoolsFootball,False,23790,414
872468775106433024,wearecodenation,False,2235,4018
1480735208,IntertechLGBT,False,3939,328
1115190531380908032,TheLondonStags,False,469,105
156265400,gaystheword,False,42721,10353
1195025771368239106,COP26,True,231428,508
717846829,BICSecretariat,False,2942,1013
747368943157911552,WestofEnglandCA,False,4394,1864
4871260041,we_aredigital,False,1410,3218
214476599,lpoolcouncil,True,142205,1715
32052963,ukinisrael,True,18125,911
439959780,UKIsraelHub,False,2005,829
1435141458,GrapevineMel,False,2011,1678
790320422235566080,UKBlackTech,False,8630,478
1979161496,Andy_ayim,False,6365,2244
19342052,AliDonnelly,False,5847,2494
147476095,ukinchina,True,31048,467
164199356,UKinCroatia,True,6889,1135
114751899,UKinTunisia,True,15049,464
90859309,Bristol_Beacon,False,59147,2689
20427778,maggiephilbin,False,24115,1043
1184807268874932224,IEJGov,True,1225,149
973970525751009280,LizStevensonGR,False,317,2240
507356334,JdR_Tech,True,15046,2116
61744263,CivilSocietyUK,False,19700,1217
15916215,warwickuni,True,87929,2346
1176041665607479296,NASPTweets,True,9038,1263
1184052519959453696,VeteransGovUK,True,7460,280
344730511,AFCCommunity,False,31260,1492
1100489786920525825,BirminghamTech,False,1987,987
71223470,NFLUK,True,234259,1224
1262367528,booksaremybag,False,46794,5752
15761577,NAVCA,True,17744,1725
113145549,dinaashersmith,True,90515,956
3947364587,RemarkableAge,False,858,1368
1962444943,Trust_in_soda,False,1781,3839
1168918664692883456,lonelynotalone,False,2075,853
2469173492,RTS_Now,False,1441,172
26808908,ETOA,False,6828,2881
16002997,la_gaia,False,3562,3780
130280613,Helen_Whately,True,24623,537
129843570,samjlister,False,7713,1809
540090684,fightforpeace,False,4788,2552
988618447,SportQuake,False,2464,1089
2532860467,theculturediary,False,4155,3744
2626277407,PensionDay,False,5854,3164
23424533,LaylaMoran,True,70493,4868
17239743,markxdavies,False,3169,856
131844769,dianabarran,True,8913,1889
201305562,royalwelshshow,True,19184,2648
17685009,mattwarman,True,19787,14763
3369594003,nadams,True,14395,1774
193313425,MichaelDugher,True,34111,5367
1372986530,netballni,False,2926,957
760365271571894272,moreincommonB_S,False,3245,2075
31219433,intofilm_edu,True,25516,3655
4512749302,BeGambleAware,False,7224,1127
114424434,GamCare,False,4987,1215
409152120,AnimationUK,False,5995,501
832543211503681538,great_together,True,12781,881
20235032,MumsnetTowers,True,152207,2134
3123437114,HebdenJim,False,819,847
100303263,SimonePowderly,False,2095,837
462077852,HeartofSWLEP,False,5109,1539
44239911,angellicabell,True,66899,328
20752275,FayeCarruthers,True,31089,2801
989452274,Stemettes,True,53058,4794
174282884,bg_ventures,False,10029,3148
371201577,pow_rebecca,True,14493,827
1128640905295142912,PermSecDCMS,True,1432,143
1230162950,SkillsPlatform,False,4479,3585
593804032,ArchHFund,False,7390,1094
926548530403201024,ArchHFundEng,False,1820,523
7039722,gerardgrech,False,11655,2192
1229637240,LEPCornwall_IoS,False,4486,1116
264973470,abcholmes,True,13111,10966
382342427,AntiBullyingPro,True,92333,33191
1016602303674175488,DcmsLibraries,False,1529,733
2773361235,saraheheal,False,1164,150
284944250,FIFAWWC,True,893147,1869
2178152881,cyberawaregov,True,16427,695
36644059,JacquiOatley,True,161903,6313
235192461,georgiehodge,False,4408,1305
2889221417,marmaladetrust,False,3241,734
2904157011,jj_Roble,False,1764,576
3054082858,LivCookefs,True,92591,1347
14128641,scoutu,False,24713,3799
92787955,Literacy_Trust,True,94141,2346
348519505,Shoutout_UK,True,14697,4181
296754076,BritishCanoeing,True,11769,989
30974408,TheVampsJames,True,1590139,30300
707780618,Anna_Kessel,True,21167,4898
1105523498351505408,WomensSport,True,17387,419
632832040,AusHouseLondon,True,14446,2471
912695803,FvHtweets,True,16166,4050
111553960,UCI_cycling,True,321290,472
778264128972529664,Yorkshire2019,True,17307,286
1073252964654034944,japanuk20192020,True,1206,74
1088089771631669248,OfficeforAI,True,21991,655
326107917,ad_association,True,9847,1336
996307292478898176,LSA,True,1405,195
276114317,Aid_For_Japan,False,320,229
3053042977,Overcookedgame,False,27343,993
169020158,MaidstoneMuseum,False,4559,1270
515590397,JAPANinUK,True,21209,354
2453350159,CharityAwards,False,10372,12
2319723000,Charity_Today,False,30826,8991
742607635,volunteerBeds,False,852,245
398580640,DeloitteUK_5M,False,3500,1282
1446537378,LBFEW,False,14673,2721
746954528,TSB,True,56328,3151
104460504,TogetherukTV,False,8452,2271
169099705,UKCF_tweets,True,8539,1231
388241976,domjfoster,False,583,1674
556846320,BefriendingSch,False,1072,885
195763355,DanyLouise,False,1451,839
19480997,paulmfarrer,False,3166,4102
1381505906,adrian_weller,False,2662,1434
40416245,sharma_kriti,True,8555,1429
253330526,RTaylorOpenData,False,2362,88
1060577549384851457,CDEIUK,True,8920,922
23999768,zoeamar,False,13330,10132
298483138,VictoriaEkanoye,True,10849,541
49920338,ltmuseum,True,36765,996
236588290,mimsdavies,True,16811,2442
26985345,paulwaugh,True,201986,10093
19818348,JnbraithwaiteUK,False,11781,627
402808707,SGadiLondon,False,2327,32
2755076490,DaveProdgerFCO,True,1133,298
3096691066,WestmorlandPets,False,149,38
1014790536149061632,TallinnSummit,False,850,225
198530108,DavidGandyAsst,False,11846,83
1359431822,goodthingsfdn,False,14324,2792
783666977919426560,GetOnlineWeek,False,1789,481
761234166985945088,JoCoxFoundation,True,36275,519
831119248525234177,Coop_Foundation,True,5371,932
821010896063463426,JoCoxLoneliness,False,8984,929
18145945,alexsmith1982,False,12601,1516
17898692,tamsinmorgan,False,2086,1637
15625092,screenyorkshire,False,18778,4804
230477271,emmalsquire,False,1166,616
2784053126,codingweek,False,5828,985
3190580849,ITUDeputySG,True,2916,342
436059189,BronteParsonage,True,17348,1347
107133543,eurekamuseum,True,11327,5526
1026418279458516992,VCSECrownRep,False,1169,252
78293556,RakuShaunHall,False,1930,4994
116465952,spfl,True,225721,1498
905035974299791360,TBNT2019,False,2898,162
46650770,scotgov,True,396219,1048
38517969,expo2020,False,915,762
113619380,EugeneMinogue,False,2051,601
949287680940048385,InstitutDATAIA,False,1971,319
80528373,mounir,True,174627,3385
3697013177,turinginst,True,45885,1628
44373112,FCDOtravelGovUK,True,140876,12945
21870767,NancyDurrant,True,17919,2411
771655244631506945,UKinvestoffice,False,5144,674
1222950980,TheGirlsNet,False,11822,4776
368254009,Discovery_Mus,True,12789,3647
41586247,ACEVO,False,30913,10099
138712289,sccoalition,False,38943,10863
481502264,PaulMoseley3,False,387,421
986993494186225664,yourdatamatters,False,2301,205
2190261253,NGinitiative,False,7918,774
590028992,DigiCareersGov,False,8704,912
36030489,tradegovuk_tech,True,2843,271
90335287,tradegovukIND,True,16896,2283
976211934612803586,SFC_SAUDI,False,10569,7
34592271,MuseumofLondon,True,129605,2442
356277797,teentechevent,False,4622,591
115448628,volunteering_uk,True,26942,3217
22928954,NCVOvolunteers,False,41612,1261
18839785,narendramodi,True,73332137,2366
97235298,HMLandRegistry,True,14286,1143
224655400,GregClarkMP,True,32440,667
23576158,RoundhouseLDN,True,156999,3824
966978129263841280,UK_5G,False,3248,1720
388274526,antpickles,False,2147,1660
32561036,tourismmark,False,1663,2699
195715182,BrightonMuseums,False,20717,2020
4001262681,Feargal_Sharkey,False,70296,672
2184990535,Tracy_Planning,False,1064,1737
947857537,Songbound,False,425,603
2838090609,SusannHering,False,355,654
19290942,BBCRadio3,True,127131,16294
3412263087,conbird2,False,477,162
24880156,TheBudokwai,False,1218,247
742720626,TSB_News,True,11829,2035
343364405,PScotlandCSG,True,21698,607
69258605,jonwardle,False,3277,1555
17939037,ProfBrianCox,True,3037449,923
261598699,UKGeorgeP,False,2596,574
107040363,PremierSkills,True,6548,1867
839853337835147269,CHOGMCEO,False,1194,6
3018287127,BBCHelena,False,32209,2403
872104236699578368,AMPLYFItech,False,1181,441
1438037893,DanRutstein,False,1737,1208
907576489117450241,QueensAwardVS,True,4382,588
3384619121,TakeFive,True,8523,343
320826619,FranceintheUK,True,31532,2265
826439545,FrancoiseNyssen,True,38629,1629
2813270281,ToryDCMS,False,1005,228
19858924,Michael_Ellis1,True,13722,293
70796349,margot_james_,False,23114,1580
30848629,commonwealthsec,True,105503,3969
919869122003030016,CyberDiscUK,False,3928,724
82370383,ChtyCommission,True,58564,1918
74446785,CIOFtweets,False,36362,1822
325441293,KentCommunity,False,3417,1576
21762195,SembleUK,False,13512,9962
32847483,thedeephull,False,16962,1639
796737592528175104,CGMS2017,False,631,539
1420315884,BolivarD123,False,2136,538
4339015883,BBCTheOneShow,True,90737,1760
1166245742,JLloydWebber,False,6661,800
3439210445,SundCulture,False,9087,2333
834051418512379904,Swansea2021,False,2013,432
3328906445,Coventry2021,True,23162,1572
723612191031713792,SOTCulture,False,7741,1646
3220825451,RomillyDennys,False,2345,2754
108667698,UKinItaly,True,15742,5464
122728088,la_Biennale,True,702876,5305
4872011843,techcharterUK,False,4247,2570
160573474,ChildrensComm,True,62724,1348
21562331,OxfordCity,True,54058,187
33478710,GEWUK,False,20178,1777
501885788,BigSocietyCap,False,27042,3100
346627366,cfauk,False,4299,951
106096450,Snowdonia_Soc,False,7385,1195
215959195,socfinuk,False,15869,1815
905816505031557124,engineeringgov,False,11028,812
2233183850,UKEF,True,9248,1066
919874131390287872,Commonwealth18,True,14253,2456
1596864116,chilternrangers,False,2411,2600
2251783375,MOTDmag,True,27602,7296
20373332,GetSafeOnline,False,22049,4021
1598358014,DebraBtint,False,277,767
46362787,DianaAward,True,35209,3087
2274225696,WW1_Education,False,5262,3551
294048727,UK_SIC,True,69675,2220
17133361,childnet,True,59153,828
109583054,ukyv,False,16187,3577
271599855,FunPalaces,False,12753,3991
199893073,DigiLeaders,False,22715,10863
61521791,bycLIVE,True,36956,2874
20667688,UKYouth,True,54691,13428
835106566995132416,Noble___Jennie,False,254,491
429080410,TBS_Canada,True,31266,152
855750715914031105,birminghamcg22,True,34363,1354
334851304,TheBRITSchool,False,11207,750
277983442,seacolestatue,False,8977,5125
1432916557,dotartschools,False,2004,2828
219756032,ukinfinland,True,4945,1736
1536695012,tweetCDN,False,4536,642
370679464,thecgf,True,99561,2184
24925341,edfringe,True,185366,6729
4127516117,Big_Ideas_Co,False,1665,924
364946766,WarHorseOnStage,True,12708,375
372407719,WelshGuardsBand,True,6131,865
53093118,NYCOScotland,True,5080,1836
384879267,lastpostieper,False,2407,108
194975681,AlfieBoe,True,114079,433
22046686,BritishArmy,True,334323,890
586413823,tkatrien,False,192,95
786906276324315136,MuslimsinWW1,False,1675,2489
729411396388179968,Lionesses,True,175404,323
2296297326,UKMoments,True,66102,13
2683397089,Paisley2021,False,6488,941
61183568,bbclaurak,True,1323583,1689
19645276,MIFestival,True,58008,2674
47331384,EnvAgency,True,535821,3625
424383119,yorkiebea,True,133696,114
877212198128451584,DynastyEGaming,False,1312,68
2430858935,TheTonyaNelson,False,2478,438
19662491,sjyates,False,310,39
189229963,itsownlight,False,877,1346
723523417312485376,Culture24,False,4763,2958
14386595,janefinnis,False,3435,1530
875989250608680960,GrenfellUpdates,False,4197,285
4876574385,Tranzfuser,False,2283,975
4890631533,AntoniaRomeoUK,True,18420,601
4784640996,CogX_Festival,False,14317,6789
839875693341114368,getnorth2018,True,12513,2762
36664451,JohnGlenUK,True,23365,2161
3282859598,TwitterVideo,True,13731429,1
2766999723,ruthvshaw,False,3443,4534
1528708502,LDNTechWeek,True,27915,4172
16193219,liammax,False,7684,963
526378201,TheQueensAwards,True,6520,1395
2249745696,Tokyo2020,True,485579,449
21642976,danroan,True,317066,9360
19535210,NCVO,True,88160,15242
1540792284,HelenWi05642275,False,697,2084
135892276,A_New_Direction,False,8030,2161
193277011,uk_theatre,False,16542,3217
33502178,MiC_Italia,True,281192,7621
3091612239,tourismjobsuk,False,328,394
397309418,UkNatArcMedia,False,2345,1372
116342269,cecesammy,True,2557,1282
21197668,paul2morris,False,158,249
19780634,Apprenticeships,True,74346,1793
897717691,ThinkForwardUK,False,2498,1692
58283237,FloellaBenjamin,True,49711,445
763505764686295043,maevewa1sh,False,1449,1716
297323259,HistoryHit,True,97660,334
4785764884,GCHQ,True,140910,287
241854718,Gennarocastaldo,False,1300,504
65354960,Radiocentre,True,9788,1655
2574487562,ST3AMCo,False,11216,5440
2969911653,nybergmaria1,False,569,119
914488729,YouthareUnited,False,3757,1603
574541721,UKinBelgium,True,7212,1877
621725397,NCS,True,91369,1863
497812287,NCSTheChallenge,False,9097,1315
1002084811,CommonsDCMS,True,23476,752
49956788,bpi_music,True,65070,1878
481441702,MMP1917,False,842,135
75077867,VFXSociety,False,49874,2259
304362394,Ruralpay,True,7366,1683
2910874529,leeds_2023,True,13967,3812
131181559,TheFSI,True,14944,8473
125671517,LPOrchestra,True,148869,3658
21658764,MuseumLiverpool,True,49635,3468
102684774,NML_Muse,False,11716,4246
758956957122166784,HMTreasuryCat,False,25346,4
252521025,Number10cat,False,473891,149
699970558205763585,DiploMog,False,111664,15
719865369532481538,PalmerstonFOCat,False,42359,752
219300001,SCWeek2021,False,15478,1894
78975312,TeamEngland,True,66703,1445
735211630858997761,UKCharityTues,False,16901,18365
1590856494,HannahMay_93,False,595,496
1477567146,NeverSuch,False,1597,1496
23772670,GlobalGivingUK,False,7015,4755
1670517060,HeritageFundSCO,False,4919,1075
45299869,HelC_83,False,810,2749
2802581765,WhatWorksWB,True,16826,2358
1530515522,iwill_movement,False,21383,5192
133414718,talwefi,False,2706,998
21221138,BigGive,True,15226,6427
750599578345431041,heritage_lizzie,False,4849,4490
14242807,UKYP,True,46252,3371
4834939281,CulturalSkills,False,3232,1186
439844102,SarahHatstand,False,5559,2476
884180960,parkrunUK,True,121595,592
220123737,Manchester_FA,True,26080,3391
402997846,_Ash_Clark,True,16004,994
297307634,simon_towler,False,41,81
21763690,CarolineNorbury,False,3435,722
38411534,BritishRowing,True,39287,1416
26461381,ManCityCouncil,True,194511,1151
114453637,altweet_pet,False,36184,2334
744276787279069185,matthewsgould,True,13604,404
19673883,GearedforGiving,False,2925,2226
4210241608,NCSC,True,105467,336
41626220,SheffCouncil,True,110909,1196
2833768421,MarkFisherCO,False,1877,2855
2167668470,UnivMuseumsGrp,False,1511,189
17363638,robowers,False,5149,5288
156588627,MsHelicat,False,25090,2931
872675798,DigiCatapult,False,35810,9818
2433341970,HE_Midlands,False,2805,317
158708439,AllieHBNews,True,39764,4396
248965136,googlearts,True,164904,1821
86031107,NickCorston,False,3022,1347
17483462,insidethegames,False,35352,5719
742637196,roald_dahl,True,68878,1238
360772241,JonathanBadyal,False,3872,2554
374595151,FitnessDayUK,True,16618,7186
771031567443591168,DExEUgov,True,53856,426
2358853867,StellerStories,False,31518,1091
1389139753,HE_Maritime,True,4981,627
569281359,HelenaBaxter1,False,3062,4697
1562382607,Shorthand,False,3411,1646
2709717300,timesredbox,True,30834,819
249733084,TNLUK,True,189940,1944
3061691645,superfastSY,False,4624,2227
246532340,knightlab,True,10346,819
44632152,ukinbrazil,True,22299,1108
1524408044,HeritageFundL_S,False,6665,3461
106779124,GaryVerity,True,30663,605
20139600,Welcome2Yorks,True,272578,2187
385396355,London2017,True,26060,1025
15851598,TNLComFund,False,75953,4105
2799658782,HE_Archive,True,11842,467
2963781317,PLCommunities,True,88857,100
85604040,TheBowesMuseum,False,16437,10908
37407818,Les_Sourires,False,271,167
19825835,MattHancock,True,428473,1253
5402612,BBCBreaking,True,48579826,3
2153699216,BAAWARDSUK,False,542,414
18721016,WeAreThinkJam,True,6760,3705
255107098,Tech4GoodAwards,False,4745,1401
736575345705517056,BAMEinGames,False,4884,3375
14857290,Wimbledon,True,3799978,410
486752874,ManCathedral,True,9579,2688
1728485144,ChrisEliasUK,False,1118,1174
1489759142,BattlefieldBen,False,5245,1804
739835171977990145,NPHinfo,True,16042,1184
564567545,Artsmarkaward,False,10508,3049
568999388,HMS_Caroline,False,1243,683
1632518256,KinsellaSophie,True,43086,1977
33612317,salesforce,True,560265,148271
98047213,Huawei,True,7848279,996
206887440,sportrectweets,False,19463,879
2482262502,WeWereThere2,False,3199,590
2166824473,WW1Commonwealth,False,1777,1417
518500667,WhichPress,False,9014,2774
17093668,OrkneyCouncil,True,10802,155
50269630,HHSHAKESPEARE,False,5270,1536
326077788,pressjournal,True,66021,862
19765204,EveningExpress,True,35540,705
49976129,ITVborder,True,23034,965
67557335,CreativeScots,True,94745,4857
59399240,scotonsunday,False,33434,347
86946790,BBCScotNine,True,48819,653
15687507,BBCScotlandNews,True,540984,125
17680050,TheScotsman,True,187858,1274
20132853,STVNews,True,522661,10368
16803602,Daily_Record,True,137123,2525
322028834,Directors_UK,False,17478,1142
3384519400,Smart_IoT,False,4541,2573
16672510,mediaguardian,True,491074,115
3947952556,BinaryFest,False,1750,1446
20519683,MattKamen,True,3208,1190
2596323787,ltmbattlebus,False,1638,767
3396725217,ukgamesfund,False,4813,1112
20063446,PHDockyard,False,28083,4319
460072997,TempleNewsam,False,6068,768
38142380,standardnews,True,643545,857
285509764,TamaraRojo1,True,22977,1424
628276690,PeterBazalgette,True,12395,5696
3400121542,LibTaskforce,False,4597,2709
3448166968,CESG_HMG,False,2541,90
65327164,WIRRALGLOBENEWS,True,24243,1450
14637171,TeessideLive,True,88656,399
16793876,Examiner,True,59095,425
19907085,ChronicleLive,True,195684,1362
15324060,SunderlandEcho,True,56121,714
143851022,MENBusinessDesk,False,14034,3227
3121084379,GetItRight,False,2102,650
2839682505,Londoncraftweek,False,8308,3611
169516368,British_Design,False,18646,1375
23576998,VisitDeanWye,False,10412,6825
2733907957,DeanWyeBiz,False,2512,1188
188280373,lakedistrictnpa,True,58962,954
21910500,suttonnick,True,118140,2147
27247536,DMA_UK,False,18739,8908
3393482445,ProfJonFairburn,False,3031,2327
61203418,the_halle,True,25810,1644
82105899,VisitNland,False,29081,1180
2463200455,UKinFrance,True,16308,1067
36623980,VisitYork,True,53425,1517
124332911,SSGreatBritain,True,13705,2056
135809661,Circomedia,False,6805,1799
4871902523,_TownsendChris,False,327,295
222468256,York_Minster,True,25589,1018
2887077099,ScotNational,True,117137,1222
114789797,Continuum_Group,False,1124,656
1182364279,_CreativeAccess,True,26997,657
247292124,OnRoadMedia,False,3835,2259
200121178,bcaheritage,False,26605,2469
3064307355,HE_NorthWest,False,3759,1100
2827368479,HE_NorthEast,False,3747,1708
3039309687,HE_EastMids,False,1943,352
2813665443,HE_SouthWest,False,3131,1383
2961734751,HE_SouthEast,False,3005,620
2791309077,HE_Yorkshire,False,3747,1224
540729817,CBsilversmiths,False,2233,437
3216934749,HE_EoE,False,2165,675
469350446,ASA_UK,True,17355,1165
136004952,afneil,True,1198599,403
25984418,bbcnickrobinson,True,1029510,552
14157134,Peston,True,1181784,1372
19530134,EvanHD,True,498163,1570
23937508,BBCRadio4,True,532563,7951
8170292,BBCr4today,True,677329,13244
205294999,NTPressOffice,False,16358,2464
817403292,HeritageCrime,False,6141,2546
119741385,UK_CE,False,16586,2788
15156713,findsorguk,False,15862,168
3110800479,HeywoodFndation,False,21478,2013
232914203,tweriod,False,75751,179
2714656175,VisitDartmoor,False,15084,11772
3030445073,HE_LondonAdvice,False,2932,891
16933013,peakdistrict,True,48110,318
25062665,vpdd,True,39334,9676
46384815,ChatsworthHouse,False,45931,2095
17298241,DavidEvennett,True,14320,494
205278393,EnglandRugby,True,1091416,42586
279144084,TechNation,True,98363,8349
1198772342,SmallBizSatUK,True,54621,9660
24449616,TowerOfLondon,True,73673,238
7235612,businesslive,True,120859,55
12870772,birmingham_live,True,308172,2723
17159441,ExpressandStar,True,152193,3798
20992531,bbcmerseyside,True,66842,2975
26507585,LivEchonews,True,492959,1312
15229557,yorkshirepost,True,195924,529
143050159,hulllive,True,89495,1864
19777733,TheJournalNews,True,53715,1699
25532557,TheNorthernEcho,True,67403,495
41146510,Bradford_TandA,True,54593,2104
20678866,MENnewsdesk,True,606017,1429
119718309,ThisisDurham,True,21420,2915
98694723,Historic_Houses,False,10360,2109
28099702,kidsinmuseums,True,36887,6765
23417070,Beamish_Museum,True,40865,2599
4194493213,WeProtect,True,4000,439
76894222,CaravanShow,False,8254,1107
2527044691,ParliamentWW1,False,2412,525
2178176712,WW1SoldiersTale,False,2606,845
2214775460,NECulture,False,5564,3761
2343776045,1939Register,False,784,141
26026540,candmclub,False,17741,3810
44950782,UNWTO,True,131220,3956
2812768561,KensingtonRoyal,True,2309596,485
2161492981,lizcwhite,False,2157,3533
190972836,pborocathedral,False,6469,576
340197957,glynprysor,False,1594,605
19282280,metoffice,True,851101,616
374479362,CavellTrust,False,11138,9560
228368651,amesvicky,False,163,184
378630217,VisitBarnsley,False,4630,1037
615884702,BarnsleyMuseums,False,8655,3797
3115024011,CannonHall1760,False,5786,1452
112681911,LewisMoody7,True,113435,4087
35778829,southbanklondon,False,215113,1813
57051476,SomersetHouse,True,276267,3662
3096954045,CanvasArtsUK,False,1437,1164
44099451,WhitworthArt,False,51989,3720
3396167980,FireItUp_Apps,False,8619,625
2807179960,BeckettTourism,False,679,217
1382260538,LivesOfWW1,False,19011,403
2250530515,SkyNewsWW1,False,18642,0
158416369,PeteDickinson,False,817,1789
36918762,chiuni,True,17661,679
104212754,UniWestLondon,True,12914,2749
56745793,bournemouthuni,True,53620,757
299179643,YardTheatre,False,18777,2976
1536364309,nctacademy,False,1951,2591
210027949,phillsmith88,False,1152,952
19543936,BBCNewsEnts,True,105793,5360
1187539165,CLG200,False,83,441
2463014616,UKPavilion2020,False,10511,612
68944505,Street_League,True,13048,2532
2178382423,HMGLondonSE,True,5455,3771
532178152,HMGEast,True,4050,2929
150637108,HMGSouthWest,True,7177,4727
881928014,HMGNorth,True,10176,8002
102712213,HMGMidlands,True,9910,7482
595312408,LeeValleyWWC,False,3978,421
33887397,VisitWiltshire,False,27121,11491
23066329,EdinburghTVFest,True,15507,2610
3288137295,InsightBritish,False,4109,1495
290020010,Vevo_UK,True,219079,1366
19418571,WarnerMusicUK,True,16523,907
59079741,UMusicuk,True,113143,1237
60849989,ace_national,True,188553,3098
21314896,edfilmfest,True,63980,2174
3395436022,InternInSport,False,2100,272
17898494,The_Globe,True,230759,3441
39263607,oldvictheatre,True,160350,1342
21392462,bushtheatre,True,86305,3711
17778689,sohotheatre,True,121097,1912
35785221,youngvictheatre,True,153941,2764
41783903,LyricHammer,True,68404,2543
1264643562,CultureLPool,False,40619,1036
213227281,sported_UK,False,11053,3418
21284928,StreetGames,True,21832,4487
1446086778,SGVolunteering,False,1838,1380
22001973,GuardianBooks,True,2144737,1200
2547936181,ineosbritannia,True,38008,329
2800350892,1851Trust,False,2401,796
3115678678,EnglishHeritage,True,208718,471
36054262,visitlondon,True,671360,4392
2257670534,DWRise,False,540,382
1560039144,London_CVB,False,10815,1647
293463925,NatMuseumRN,False,15513,1993
172267021,TheCBSO,True,23042,644
408439568,EditorsUK,False,6169,836
153751033,cg_williams,True,7218,1997
239313282,saatchi_gallery,True,1890952,37260
25311070,BarbicanCentre,True,998848,1707
18637730,ICALondon,True,188474,915
3085817126,mcranimation,False,5188,1203
37653495,BritAthletics,True,201813,1286
2837996253,SerpentineVenue,False,730,740
300355838,SerpentineUK,True,158050,2730
1734814477,SouthwarkLibs,False,3800,480
1410724886,Digitaleagles,True,13236,544
888212527,HullFerens,True,14310,2031
1924078332,hulltheatre,False,231,102
20631142,McrMuseum,False,41947,3211
1010944310,UKinbound,False,5042,1209
166144866,UKGovWales,True,19337,773
7563542,tonyparkin,False,8943,1803
478626801,walkergallery,False,19465,1571
65344256,BrxHouseTheatre,True,26375,11530
95177821,LeedsPlayhouse,False,46545,4734
104474720,warkslibraries,False,3880,1879
2564971482,CFordLibrary,False,543,159
3042223407,SuffolkArchives,False,3312,933
614368475,NorthTyneLibs,False,3880,1414
2332096550,WirralLibraries,False,3718,1286
22470102,MKLibraries,False,3752,381
2341049271,elizabethbfelix,False,105,213
2427129368,lukedmund,False,96,114
21751331,LeighWestie,False,143,0
115440301,SheffMuseums,False,73186,1024
213005246,eclipsetcl,False,5337,1890
179934186,S1Artspace,False,9962,826
432432520,somewhere,False,3604,3221
20681790,The_Lowry,True,77985,4054
20590740,HOME_mcr,True,58146,2346
3305556700,DCMSInsight,True,3029,250
61203987,NiceNetwork_UK,False,1727,964
29720319,fordennals,False,542,848
19648621,NewsAnnabelle,False,5316,3474
350977418,NAM_London,True,22997,1787
2742205255,ArmyInLondon,True,27306,893
55459700,rugbyworldcup,True,1080377,1057
387581684,Waterloo200org,False,4500,801
1920279084,HRP_Volunteers,False,712,93
381989041,MagnaCarta800th,False,4627,860
3299383954,LNevilleRolfe,True,5860,984
1556525214,ScotWomenSport,False,8207,1162
298416409,sport_thinktank,False,8605,2968
23074767,Sadlers_Wells,True,68408,1896
62613162,tracey_crouch,True,39952,1175
25100819,CampAndCaravan,False,32866,2279
20671549,PRSforMusic,True,59876,4747
228849646,derbymuseums,False,12141,2439
113585486,PeterJLuff,True,7216,724
3068001267,burrellcollect,False,3055,221
22028935,soundarchive,False,18899,1560
21312954,joannashields,True,15454,1677
129569947,JWhittingdale,True,8941,120
1385076354,20thCentCrush,False,5781,5538
136328015,deeofnaa,False,584,1594
281704685,sookie_013,False,249,986
19553548,SSAFA,True,78595,3722
343961846,RoyalNavy,True,243813,1264
115501444,nicolajstanley,False,185,429
3105725559,EdDean296,False,44,171
172040678,vogtaylor,False,233,598
295632119,BBCFilm,True,227314,2208
277761722,TwitterUK,True,447976,3
2375566652,MuseumWeek,True,229475,10984
59742254,EurostarUK,True,252755,412
19446296,UniOfSurrey,True,60799,1630
382556467,MartinCKent,False,457,1370
93930745,Hilton_Careers,False,3971,373
2344770049,TourismTweetsGB,False,7042,7650
1919510694,GandhiPortal,False,22814,26
3084577119,PageRhiannon,False,36,110
117785867,mao_gallery,True,38336,3171
103875523,TullieHouse,False,7751,1577
468423774,World_Museum,True,15844,1740
49661489,Beaulieu_Hants,False,11573,918
82154934,bhx_official,False,78099,1237
472148973,TahirPalali,False,554,285
370254047,cigdem_aslan,False,793,684
198822482,harrowschool,False,2634,0
3004182495,lastpostproject,False,320,818
2458505058,GREATFestivals,False,929,249
1068121346,BuzzFeedUK,True,173408,1738
2785238519,musconsultancy,False,153,57
270860757,RandA,True,54218,1129
28978705,thehistoryguy,True,350109,1572
2295860948,UltrafastNPT,False,53,42
219985113,David_Friend01,False,2378,3863
473079008,theroyalparks,True,24088,1274
61785851,deartobytrust,False,831,1156
821599920,ARKConway,False,1493,148
173843344,Edu_Employers,True,16550,1406
14567821,mpwatson,False,1604,2087
133325190,Nats_1602,False,323,794
2910624245,aideenmack,False,157,494
178520293,wowbaggerish,False,828,946
44890285,tradegovuk_CI,True,3237,813
1193020165,TurnersHouse,False,2705,1412
2902106104,fmulla_comms,False,394,1203
169124713,chloenelkin,True,4773,2122
27426996,sportmarketing1,False,12313,13541
43073367,unanue69,False,1018,2183
745290386,HRP_PressOffice,False,3555,431
2805308640,ThisGirlCanUK,True,126906,1146
191034896,StepintoDance,False,2816,1557
289508717,stampthewax,False,9330,569
578571834,OneTwoZine,False,20617,23587
54944519,escapetocreate,False,6795,6766
1134617124,MarklewA,False,436,774
306432809,JoBeavis,False,1544,1190
26726214,baniel_son,False,183,277
56189259,CWGC,True,52431,9614
2470734750,CreativeUK_News,False,19906,1622
160748751,UKinKorea,True,11304,1197
1336231232,GamRegGB,True,12086,1623
164737188,PhilDorward,False,4230,990
861125533,connectedinburg,False,262,497
1304287028,BGateway_EL,False,981,444
2433466448,DigitalCDF,False,944,975
26717935,ConnectBristol,False,10753,1652
23589873,digibrum,False,15094,773
494161585,York_Means_Biz,False,3997,1171
1704738289,YorkDigitalCity,False,2802,3016
173823933,InvestCoventry,False,2232,812
102321929,worcscc,False,21466,1188
427224995,WiltshireOnline,False,1671,1118
44349228,WSCCNews,True,50726,1048
556102441,CSWBroadband,False,532,412
1420804099,SuperfastWY,False,2269,2625
393980056,Finesttechnog,False,47077,27820
1897281954,SuperfastStaffs,False,1745,1898
1882624998,DigConnectScot,False,7214,519
423520956,digitalrutland,False,343,106
25486821,OxfordshireCC,False,44754,965
1128167172,superfastnotts,False,1704,2161
386421663,my_broadband,False,2580,1795
399300754,SFastNorthants,False,496,435
1299664032,SFNYorkshire,False,6022,6256
947731364,nlbb1,False,452,365
23757495,NorfolkCC,True,54856,2351
1327279603,NCLsmartcity,False,2464,652
2382050862,merseysidebiz,False,428,546
462894867,Onlincolnshire,False,4187,3474
226563894,LeicsCountyHall,False,21528,1937
1100968290,superfastlancs,False,3595,2961
26767334,Kent_cc,True,80399,2538
77305490,iwight,False,11958,316
311971607,HIEScotland,False,14184,1377
1111215307,Fastershire,False,14287,14985
2545973786,SuperfastHants,False,2419,1680
2353388900,SuperfastEssex,False,1136,242
154164861,EastSussexCC,True,19820,292
89669212,East_Riding,True,18246,680
280538710,DigitalDurham,False,2114,1084
22624651,DorsetCouncilUK,True,43272,1715
275481143,DCCSCCBroadband,False,1456,687
909909936,DigitalDbshire,False,680,155
372837395,Connect_Cumbria,False,1721,1365
237235593,sfastcornwall,False,2094,555
472855320,SFB_Cheshire,False,8643,6950
712078968,ConnectingCambs,False,1597,676
582032211,ConnectCounties,False,717,311
271965299,blackcountrylep,False,9409,1344
123599938,letstalkcentral,True,15611,1431
1355226984,JEMcLarin,False,132,534
182716142,ConnorCricket,True,15071,305
46072827,UKinIndia,True,62586,1330
290577018,stephgallimore,False,302,316
353570435,gracesobey,False,276,277
2163114691,bizsupportgovuk,True,34675,425
2397827568,Kathandthat,False,369,207
119287088,astell_kern,True,7340,1348
26760014,NicFildes,True,11967,4230
32357759,EGX,True,88208,383
1704293868,LeedsBizWeek,False,2347,204
26716388,LCFLondon,True,32662,1065
205770556,theipaper,True,118762,4214
285685208,IndyOnSunday,False,7255,1317
157997359,heraldscotland,True,118884,1352
16973333,Independent,True,3636013,385
6107422,thetimes,True,1617805,787
251219812,SunScotNational,True,56973,1239
102707504,thesundaytimes,True,472004,310
16343974,Telegraph,True,3126536,855
34655603,TheSun,True,1917551,365
18949452,FT,True,4795084,778
354267800,5_News,True,28718,2154
14569869,Channel4News,True,2466464,4452
253172735,IoSNewReview,False,554,121
15179672,WalesOnline,True,279679,1487
19983221,PA,True,140894,246
20427376,channel5_tv,True,168590,3049
21773630,Sunday_Mercury,False,3838,3550
21866939,itvnews,True,2455103,1520
183585551,Channel4,True,993876,9117
33184246,ITVCentral,True,233363,2802
47636400,GdnPolitics,True,251895,2308
318502332,HuffPostUKPol,True,53402,1138
271413771,HuffPostUK,True,207708,2176
76635157,BBCParliament,True,56685,1914
1652541,Reuters,True,24068121,1197
31105169,IndyPolitics,True,35480,160
7587032,SkyNews,True,7400550,23
87416722,SkyNewsBreak,True,4810572,3
16803630,Sunday_Mail,True,12779,21
87818409,guardian,True,10047621,1062
19709510,TelePolitics,True,58632,1267
14138785,TelegraphNews,True,762751,248
17895820,Daily_Express,True,905162,749
15438913,MailOnline,True,2657505,2232
111556423,DailyMailUK,True,605448,539
34713362,business,True,7744244,1368
342274581,JulietteJowit,False,2413,427
31243210,AlanRoden,True,12953,2124
17693991,aboadle,False,321,52
56565843,BBCBlindGazza,True,14975,963
185306056,MichaelLCrick,True,181454,970
166712218,BBCJLandale,True,79624,1234
226146962,BBCBenWright,False,9209,597
79988929,TomosL,False,3985,1268
116845797,iainjwatson,True,39192,7630
117428743,craigawoodhouse,True,12962,2933
31224396,peterdominiczak,False,5699,2864
24758341,elashton,True,42717,2324
15249629,michaelsavage,False,33189,3077
20006549,laurapitel,True,38396,3211
292305977,ThomasWPenny,True,5126,2009
329818631,JBeattieMirror,True,17257,1110
53955738,NigelNelson,True,9027,1090
44609938,Gareth_Rose,False,3644,3031
332921290,carolewalkercw,True,11139,2661
159454866,steverichards14,False,56554,1429
66673916,MattChorley,True,81149,1993
293752292,GeorgeWParker,True,52649,524
78609908,dp_williamson,True,4987,2031
26998871,AnushkaAsthana,True,69030,3644
228754454,johnwhitesides,False,505,140
21125904,GerriPeev,False,3413,2396
18949349,SophyRidgeSky,True,185610,2308
204285737,TimRoss_1,True,13503,1700
20442540,AndyWoodcock,True,11770,699
45107252,SarahAMcInerney,True,73205,5985
516819204,Mike_Blackley,False,19608,1680
22146373,SamCoatesSky,True,184439,5289
95721440,chrisshipitv,True,106450,1626
53107828,James___Lyons,False,27627,828
142744275,Susanh12,False,2486,1272
14085096,JohnRentoul,True,145726,487
47599899,andybell5news,True,10055,891
14072907,joeyfjones,False,22627,1586
78433570,andrewrawnsley,True,406648,325
562973853,RSylvesterTimes,False,19178,1505
19902709,BethRigby,True,347334,2152
27692596,patrickwintour,True,86051,1057
325483190,robindbrant,True,18233,2666
15778426,AndrewSparrow,True,79715,1364
22776133,christopherhope,True,77367,4653
130557513,mehdirhasan,True,1152304,3473
41394240,steve_hawkes,True,37166,5933
44579763,tobyhelm,False,33460,2136
28786982,A_Osborn,True,6911,1399
27695248,nicholaswatt,True,91888,3046
106118793,Thehackandhound,False,129181,1187
48737698,carldinnen,True,14956,1487
182818643,_katedevlin,False,8103,6133
1322203884,MatthewParris3,False,24105,80
119352021,sob999,True,14684,5082
21177481,rowenamason,True,20491,3138
47921172,DavidWooding,True,21996,1409
59471660,janemerrick23,True,91908,9462
14436026,andrew_alex,False,2161,1765
412978698,LOS_Fisher,True,50532,3573
72304671,davieclegg,True,18856,3219
20598137,tnewtondunn,True,187614,1492
70991021,VinnyMcAv,True,10442,3612
16133363,ShippersUnbound,True,171622,3776
22460658,ChrisMasonBBC,True,165924,7642
194555594,iainmacwhirter,False,55559,1293
70685388,JPonpolitics,True,92446,1702
131454383,RobbieDinwoodie,False,4751,1186
360613863,WJames_Reuters,True,7718,1845
17154865,kiranstacey,True,11558,1715
472276857,RosaFPrince,True,5650,2050
417856843,KatrineBussey,False,2361,2517
97170019,rosschawkins,False,36148,4547
49592293,kyliemaclellan,True,3764,1028
2213089987,FoppoteeBoater,False,7865,3985
98654017,FieldsInTrust,False,10426,9663
218980359,UKStartUp,False,280048,74604
262652556,StartUpBritain,False,103498,1991
22011962,smallbusinessuk,False,43364,3244
11269592,CarolLewis101,True,7837,1314
937009728,UfiIbrahim,False,1982,87
43652005,SolitaireDTM,False,1626,807
17839025,Girlguiding,True,49020,3888
19146070,HiteshPatelUK,False,4407,4993
15632759,ELLEUK,True,1115124,1736
951940033,ELLEfitteam,False,3191,116
256564842,Adam_Gemili,True,107290,2159
228047564,LibbyClegg,True,9406,462
866230718,BatesLord,False,3316,2134
296844476,ConnectingShrop,False,1025,548
2385068665,DWPDigital,True,14967,614
274569960,DWP,True,81438,473
11936322,UKGovCamp,False,6329,755
2381926734,letter1418,False,1797,1810
52818366,geniebouchard,True,1637912,137
426643223,LDN_Culture,True,14635,3980
12725862,lesteph,False,4992,2632
74117081,PoppyLegion,True,247460,1393
2321196583,JonathanBoff,False,6888,1483
1707427058,simon_schama,True,173203,3466
239885144,holland_tom,True,229666,1439
404886694,nicolamen,True,12230,522
5550612,kaigani,False,10056,4058
1274899759,UppiliRa,False,873,3905
22934075,MyannaBuring,False,32848,1344
36732619,PinewoodStudios,True,90120,2355
611585332,Bonn1eGreer,False,99107,23877
975893461,LetToysBeToys,True,41300,2925
401478458,NutritionalMel,False,566,141
1514171023,FBaresi,True,779242,67
2491702663,paulpogba,True,9588492,15
1966554482,officialcafu,True,1557557,216
1640169925,IkerCasillas,True,9434632,1374
2330330082,Pirlo_official,True,2922218,13
527883269,Nesta,False,815063,0
620398542,RonaldKoeman,True,1373224,81
1548317628,LuisFigo,True,1365053,845
1662472286,PatrickKluivert,True,766973,232
872185597,GettySport,True,897544,12859
1269425228,Manuel_Neuer,True,3967687,48
612331433,beckenbauer,True,1131138,40
2493199232,PetrCech,True,1807739,402
1445077393,kingarturo23,True,4700992,94
710064516,TheRealAC3,True,2444523,428
1205123202,brazuca,True,2476756,256
606211203,gianluigibuffon,True,3556098,125
533085085,MesutOzil1088,True,26097006,171
740336334,GarethBale11,True,18743711,139
557753065,CultureSummit,False,2337,2427
34960648,PhysicsNews,False,204521,982
1552597220,LanguagesFWW,False,911,897
2194035462,youdecide2014,True,3622,662
26207228,anthonysimon,False,1712,1757
17647017,BirdRJames,False,431,1145
255903064,Lucy_Worsley,True,215891,382
2384991618,TheICSpace,False,2442,697
2472580489,McDonaldsUKNews,True,32070,352
2420823168,IM_org,True,55096,1084
376180305,MorrisseyHelena,True,41034,4440
113483077,alexrussell79,False,308,1081
238138792,Womeninsport_uk,True,62226,4664
55178324,GrandUKHolidays,False,2215,1075
34940114,NickyMorgan01,True,70113,1205
2238905078,bbcww1,False,21774,319
22643590,Glasgow2014,True,114556,2502
20052899,sajidjavid,True,266766,1032
1597491739,commsgodigital,False,1428,1221
230025585,wmarybeard,False,310830,1060
17487733,macmillancancer,True,665882,1874
19595532,sportrelief,True,647957,1068
5383942,GSK,True,231634,725
2317813267,ghmuseum,False,1658,164
759067032,AWMurrison,True,15788,1498
851300238,HuskissonBrown,False,771,912
16845441,Bupa,True,14413,603
164018073,WomeninMarketin,False,20573,13835
379090881,LizYarnold,False,59750,1471
2343744523,GEOgovuk,True,34574,792
2329062654,Nick_Pontefract,False,2754,1869
386453964,youngwomenshub,False,2007,2980
1596540475,TheJohnRoan,False,1316,692
159045003,LGAcomms,True,38232,4369
64987959,thinktankmuseum,True,12232,679
1524240914,CreativeIndsUK,False,13275,3774
156208585,womenoffuture,False,12992,2222
348703270,BritbyDescent,False,426,628
18800265,guardianfilm,True,363287,859
312711698,Jkwaldman,False,2288,1612
2214416654,1418NOW,False,17473,4095
368312542,JennyWillott,True,4939,1108
197861091,HCDream2012,True,51958,978
1299769218,KayBurley,True,525117,329
18694095,davidlucasUK,False,681,992
73404034,Leonardo_UK,True,13707,810
19589149,YMCAEng_Wales,True,17539,1908
1707224935,England2015,False,7340,339
845068314,TEDxWhallWomen,False,3304,2814
267133196,England_RL,True,97043,451
145746533,UKUN_NewYork,True,96407,1800
586671909,VineCreators,False,12644472,2
525338756,socjusticegov,False,4081,318
1551517676,ShearmanWomen,False,1194,634
1480039603,Wendy_Hallett,False,883,672
1908312254,penvpencil,False,263,627
1960512349,CentenaryWW1,False,616,333
29458651,benshephard,True,787660,1293
300468172,katewilloughby8,False,4400,4945
1428423776,VisitHull,False,70875,1346
194972137,IntRL,True,40257,614
161627343,VADundee,True,46791,2517
619222997,TeensInMuseums,False,6453,1686
1737250206,DundeeCulture,False,9998,1333
614358228,NIOgov,True,23138,2306
13717452,neillyneil,False,7807,2173
16736682,FindingAda,True,26297,1633
267690258,FEI_Global,True,98896,1162
906852535,letouryorkshire,True,149196,4291
345251779,YourSchoolGames,False,21522,1195
25311240,beatED,True,45515,1063
22019355,EncountersSFF,False,30736,3114
21652012,artonscreen,False,2416,2014
193660590,danonenationcup,True,16393,1389
592673395,publicappts,False,5260,188
16044025,TourofBritain,True,109469,970
64683846,RTS_media,True,27713,745
136221998,LibraryofBham,False,28941,626
22145200,SocietyGuardian,True,70569,409
20758436,cmi_managers,True,25958,4570
166124522,AlexanderAiken,False,9024,2761
20439102,royalacademy,True,456514,3309
1549371618,yog_2026,False,64,138
601049541,SoaneMuseum,False,18214,1463
171496247,BBCWomansHour,True,233068,7052
536796489,BritishArts,True,71551,689
584422075,WOBUK,False,26106,9055
183396656,30percentclub,False,25559,2079
22009731,DesignMuseum,True,4169766,2358
31098828,BITCGender,False,8837,504
83560882,cranfieldmngmt,False,8460,833
20485710,cyclingweekly,True,256909,1019
333408004,Farrells,False,6498,1302
343627165,premierleague,True,29381266,81
1225696320,George_Osborne,True,233916,240
16211566,MattNavarra,True,108652,5431
16887175,DailyMirror,True,1292388,4138
980612994,MinisterDisPpl,True,5443,400
25249798,womensday,False,127721,1106
916947391,Freedom2MarryUK,False,631,53
951480480,gouvernementFR,True,1038796,87
822984456,MinistereCC,True,338020,1896
1024618807,BSG_Team,False,798,489
20506922,ArtsPro,False,65001,1557
382527632,dwppressoffice,True,230887,762
950249762,HouseofCommons,True,391728,693
507167793,C4EqualMarriage,False,2942,2832
608228681,ATEOFund,False,343,711
329698970,ContempArtSoc,False,26122,716
20374624,LGBTfdn,True,167168,5574
285626945,gaystarnews,True,132742,7880
52077438,GeorgianGroup,False,18918,3320
76936849,TalentedAthlete,True,10861,3348
282513788,OPALnature,False,6193,1033
921303397,schoolgamesGB,False,382,113
440699570,loydgrossman,True,4794,1214
583744603,CaroleSouter,False,3106,1548
115717345,ownartscheme,False,7618,1807
526589681,wolfsonfdn,True,8743,1620
56386566,britishchambers,True,57994,2114
902684042,KeithNicholDCMS,False,1874,2913
285738550,DiversityRM,False,20587,2162
848960719,PLR_UK,False,7691,1245
43305406,libsconnected,False,8125,3210
158035855,PublishersAssoc,False,18633,2403
61518146,CILIPinfo,False,27895,3510
27946374,Heritage_NGOs,False,22540,1859
161304420,Wheelblazers,False,704,295
19651284,stonewalluk,True,238714,2251
759786962,EnglandLearning,False,75067,389
123511113,DigitalRadioUK,False,5162,559
65330268,WFTV_UK,False,50529,1751
14933304,joswinson,True,154830,3232
830775721,MariaMillerUK,True,21243,947
22997105,coopukfood,True,84037,1
17093617,hootsuite,True,7478687,1434470
562566888,Out4Marriage,False,2966,903
28340054,openhouselondon,False,31320,4297
24727170,HelenGrantMP,True,21667,1364
110970149,Film_London,True,110381,493
44548822,MaryMacleodUK,True,10961,8158
250702492,FootballRadar,False,6087,193
150220252,aojwFL_BFC,False,3405,1364
579801234,GoOnGolduk,False,699,1760
142980929,C4Paralympics,True,130968,998
24885674,tradegovuk_SW,True,6651,2621
570689836,askaboutgames,False,3007,17
80606026,UKCivilService,True,263731,592
216013796,smitf_london,True,9866,1433
87972113,BRB,True,35770,669
335866461,andy_hunt,True,9162,818
540750078,L2012Spectators,False,6540,16
263082297,BBCAcademy,False,73865,1264
595520026,GalleryLostArt,False,1934,140
299160581,BritishCycling,True,180004,979
493087737,CultureTeam,False,2066,890
20266002,ruthmackenzie,False,9090,2868
434824313,LevyBoard,False,1462,847
15456328,wshed,True,82193,19625
475236609,joininuk,False,11659,1568
19676010,ClaireDonovan,False,677,406
387835596,AinslieBen,True,82732,171
14700117,MayorofLondon,True,3233980,3520
31698519,edencommunities,False,14849,4248
135928053,RSCPress,True,8977,1110
22120359,UKinUSA,True,69390,5132
186482452,artsdevuk,False,2782,602
211962446,MuseumsAtNight,False,13867,1654
531292956,faninavan,False,921,402
147989108,AshmoleanMuseum,True,97441,5499
29198978,CreativeLivesCL,False,8868,1281
274416030,PEGI,False,1344,394
78829328,PEGI_RATING,False,6654,0
234306659,iocmedia,True,156234,729
15340496,luhc,True,124933,641
107540002,HMRCgovuk,True,399958,929
207477965,BFC,True,303225,709
331021477,OxfordStreetW1,False,29088,899
515557721,LGAculturesport,False,2531,2384
425227965,thespacearts,False,27239,5569
43090176,JoRowsellMBE,True,56251,1457
267739641,2012govuk,True,22298,531
552593053,2012GovPress,False,2553,243
348989760,WSF2012,False,1449,0
82602839,BBFC,True,16822,1265
50591603,UKMisBrussels,True,20584,3381
518891781,GREATBritain,True,233743,6121
517506277,UKgovcomms,True,16025,731
19209076,londonsymphony,True,297829,15468
438481887,CourtauldGall,True,21249,2356
412991144,GAOTG,False,44817,44
85582601,UKHofficial,False,29954,4270
301634699,TWArchives,False,13009,1555
124164753,HRP_learning,False,11210,1324
19659316,HRP_palaces,True,147812,1231
37170886,mediamolecule,True,127729,1025
151532036,_TheWhitechapel,True,267105,13911
114294419,AusGovArts,True,131212,549
132905250,CCSkills,False,12728,3919
137645230,NationalGallery,True,897618,3045
39360648,EnglandFootball,True,2187800,116
20627333,andylockwood,False,325,630
365385588,LevesonInquiry,False,4818,158
18340997,PeterWanless,True,8253,997
22936270,Fossysport,False,1314,642
51004658,tphollingsworth,True,11435,1523
274931442,IWM_Centenary,False,29383,2275
20759870,Media_Trust,True,34055,5471
27660239,TeamGB,True,926658,1402
192211532,benquilterjudo,True,3157,1362
398605365,OBR_UK,True,13702,0
402003525,SGSA_UK,False,2027,349
82592720,Fire_Kills,False,6692,370
34918353,bbcpress,True,193266,56738
18679210,DigEngHMG,True,1902,522
388169277,DPMoffice,True,17112,206
23833666,LeonieWatson,False,12359,241
223887283,WeAreCreativeUK,False,56499,2372
41823136,The_FPB,True,13534,7009
25084545,mendipoutdoor,False,359,149
19580783,DJBond6873,True,46734,1751
366502149,LondonCyber,True,9711,1623
66967746,metpoliceuk,True,1296902,808
348974190,UKHouseofLords,True,310542,1153
278096867,artukdotorg,True,54802,16942
41591452,RICSnews,True,97284,13645
214918884,GovArtCol,False,3281,522
68686173,foodgov,True,58212,2279
20768539,sebcoe,True,118837,148
41118393,NAOorguk,True,132661,4550
146772416,AdeAdepitan,True,32856,1319
14353202,FCDOGovUK,True,1024578,3101
356083407,TheCCT,False,17718,3698
126338035,SlaveryMuseum,False,16779,5508
15255537,DiscoverIreland,True,194093,3940
16557472,VisitScotland,True,428855,1123
39997810,ParalympicsGB,True,242832,1292
175399171,niexecutive,True,53954,1596
352946007,UKGovScotland,True,29364,1179
61510424,UKScreenSkills,False,74315,416
24867922,Royal_Armouries,False,20681,2586
50645351,sim_manchester,False,45212,2276
234399791,Paralympics,True,301837,3087
47319664,TfL,True,2408256,103
177153741,RMGreenwich,False,39288,2413
23077406,TheatresTrust,True,21993,12148
16010685,RIBA,True,182157,12631
309578890,VisitEnglandBiz,False,16908,2713
82251269,WNC2011,False,509,0
21754712,FreeviewCorp,False,2036,707
21208792,techUK,False,37595,5534
18904582,hmtreasury,True,433724,977
16133530,DefenceHQ,True,306313,621
34630298,_SchoolGames,False,19314,1410
308946809,BAFTAGames,True,107028,1783
312106406,London2012Fest,False,27359,519
18807671,V_and_A,True,1379003,2136
226610910,FootballFoundtn,True,39915,1720
148805259,CrispinTruman,False,4555,1200
17632266,nationaltrust,True,931580,651
142225011,archerygb,True,15687,706
182752879,AllForActivity,False,26148,11666
19231962,dneg,True,48664,936
263721777,EH_WrestPark,False,2842,226
263670147,heritageopenday,False,24440,3556
183211229,HeritageAdvice,False,23777,13824
119087670,HE_Archaeology,True,87865,598
255447499,HE_ChiefExec,False,7327,77
22907773,Lotterywatchdog,False,495,222
262714846,bigsplashers,False,602,191
21025855,visitwales,True,310206,1677
109239611,StreetwiseOpera,False,8688,4107
21997214,NPCthinks,True,24726,3307
58752601,Localgiving,True,15551,6785
14732889,BritishCouncil,True,293870,276
41077970,DECCgovuk,True,81563,4627
34217589,DisabilityGovUK,True,115438,505
66670429,artfund,True,101873,2777
189508752,HENLEYDARREN,False,35123,5545
174673086,uk_ie,True,24757,2315
268349503,GDSTeam,True,122482,1218
155576163,HeritageFundUK,False,47389,3286
92080653,gfsnUK,False,4845,1304
17229809,BAFTA,True,571079,3230
88698888,eis2win,False,34291,1101
38650550,Tanni_GT,True,68059,11254
52753292,ICOnews,True,80916,1013
19780648,HistoricEngland,True,242073,2380
42837142,SandieDawe,False,3376,614
17185109,southbankcentre,True,799166,2256
135183743,CraftsCouncilUK,True,106339,5068
205198343,NatHistShips,False,4295,1150
18997981,UK_Music,True,127339,3582
18244354,E_N_O,True,123510,3440
145650743,TennisFndation,False,10302,3654
212278590,sportcloseup,False,189,188
47459700,Burberry,True,8181181,13
50069007,DefraGovUK,True,172819,1069
37963496,DHSCgovuk,True,709393,935
80588808,CPSUK,True,241534,1304
53894955,YouthSportTrust,True,69691,2584
88442109,BRITs,True,745672,1062
208585392,tourismforalluk,False,9073,690
19066345,britishmuseum,True,2072035,47632
70628641,EnglandHockey,True,63723,1894
219275799,ONS,True,337524,1005
208019751,ClarenceHouse,True,1033398,341
23051538,The_IPO,True,56228,1374
46358463,transportgovuk,True,117696,2352
36042554,RoyalFamily,True,4645757,459
22506791,POST_UK,True,23297,2596
185143342,OFTgov,False,24022,825
177138155,G_Digital,False,144,15
75263958,GovCommsNetwork,False,1158,32
55190298,UkNatArchives,True,166467,652
74688411,NaturalEngland,True,164174,1819
14711491,nesta_uk,True,112716,1380
35749264,NHM_London,True,2320086,2992
21298320,L_D_F,True,143787,9918
131926473,RoryStewartUK,True,301192,999
169038020,LottoGoodCauses,True,13586,1723
17963922,tateliverpool,False,69308,659
45592970,BLpressoffice,False,5642,2310
168436555,Sport_England,True,132424,1886
20531146,VisitEngland,True,220799,1322
19180118,VisitBritain,True,384900,2396
138388299,VisitBritainBiz,False,16976,1275
29533398,kickitout,True,94337,4592
22363802,WiredUK,True,284445,20
135544399,WhatsonDS,False,23192,837
92600050,Gold_Challenge,False,1711,444
18076239,MuseumoftheHome,True,24880,1759
217010849,UKTransparency,False,4287,214
118204845,MWCause4,False,2951,1715
8683242,designcouncil,True,151918,4260
57107167,twibbon,False,2971171,4
23056885,NationalTheatre,True,506075,1976
114554280,ian_livingstone,False,27464,2421
19908076,HMGSkunks,False,1387,58
18142375,KevinCraigUK,False,46832,229
61541396,Go_ON_UK,False,7311,3376
22239898,Marthalanefox,True,137716,2934
50627903,LondonFashionWk,True,1227049,496
45205091,beisgovuk,True,196776,2617
15687399,BFI,True,847749,2727
148666118,DefraCivilSoc,False,669,25
87171929,ukantidoping,False,17731,571
140112178,arts_business,False,41730,3848
18096679,edvaizey,True,40881,1792
142354353,iammandeville,False,13871,374
142353716,iamwenlock,False,16282,542
39713727,DirDigEng,False,11688,7115
14385541,MuseumCrush,False,45034,5323
143478208,cabinetofficeuk,True,417402,473
19900778,London2012,False,1117734,1054
15987295,sciencemuseum,True,671098,7792
15994087,MediaMuseum,False,63556,3333
89211580,NPGLondon,True,403612,2220
15994125,RailwayMuseum,False,49702,117
60616892,ace_midlands,True,14316,3304
60614815,ace_thenorth,True,27032,2481
60849165,ace_southeast,True,20510,1476
60849430,ace_southwest,True,17092,2077
60849710,ace__london,True,69246,1631
5225991,Tate,True,4741714,1264
23742474,I_W_M,True,139046,6755
21386695,HornimanMuseum,True,46368,3453
26768273,MLA_gov,False,5350,1276
21744554,britishlibrary,True,1882646,1041
49939773,uk_sport,True,117783,2527
138037459,ukhomeoffice,True,1004878,570
143039548,educationgovuk,True,452371,1686
40015678,MoJGovUK,True,408695,1465
19707318,businessgov,True,78460,14911
17481977,GOVUK,True,1863790,679
6467332,UKParliament,True,1611121,123
14431752,tradegovuk,True,141742,3702
18689388,Ofcom,True,56450,505
17438751,EHRC,False,43539,1235
19915362,DFID_UK,True,354712,2837
19962986,COIgovuk,False,2966,68
14224719,10DowningStreet,True,5844392,290
