354961816,GeorgeOsborn,True,6281,2427
106822776,kroniksan,False,3117,1915
30689642,Skelpyy,False,1018,791
20141640,TheHouseMag,True,25124,1970
1446202588152713220,NerdyJourno,False,43,45
1366768713240821760,StockCheckerUK,False,32496,12
1327165871803002880,Jim_Trinca,False,1285,157
475841384,OliDugmore,True,27088,2467
979784144350826496,JamesTrickey_,False,341,322
3504741982,namenumberetc,False,305,846
1043518440,tillysteele,False,1876,822
143817544,AndersenDisa,False,973,1875
250704980,shesgonestella,False,2018,1053
1118445940824735744,GUGamesFest,False,1146,108
825630349250199552,AJRichardsonMP,True,12295,2493
1253082024400818176,RyanDuff451,False,131,501
900817087475724293,KatieTarrant_,False,1657,1829
13996822,zptr,False,592,505
784481587,Steve_Hankey,False,948,4792
6729722,cbruzzo,False,1992,177
31388700,kulpreetvirdi,False,13856,1560
913128654590418944,SuperRareGames,True,48226,128
760676900381396992,nonprofitssay,False,53123,66
1141670726950432768,impressgames,False,75,103
859339993810161664,JuliaLopezMP,True,7512,31
1058408672404168704,JimJagger,False,3178,739
96423766,comedystoreuk,False,22852,1330
165174988,carlafrancome,False,2257,4689
1093630523010891777,TalkClubUK,False,783,709
3256148075,NatCoordPrevent,True,5074,896
1023978252,NVGOTD,False,5126,81
15513767,zsk,True,19965,4772
568292582,deaco2000,True,3373,1499
301894587,DJChrisBerrow,True,11143,1212
17687028,Sathnam,True,102043,2298
399348032,KerryRizzo,False,381,363
1023296730547269632,leonkillin,False,984,2018
176722129,dobssi,False,1077,2060
20945360,FordJamesGames,True,1133,792
412917321,David_Jagneaux,False,6517,6231
1041296899892862978,FiveTacey,True,2141,996
20648484,YesTom,False,2437,1088
361203900,TheRealJoshYe,True,5881,3735
53646267,joelgolby,True,53903,2639
469608828,tesckey,False,9,197
198261258,JimScull,False,987,180
1026508982,Koomatzu,False,1663,834
1027647321264275462,PenThorpeBooks,False,1025,1794
522661225,TheMaeMartin,True,103397,2399
1956607957,owenthompson__,False,486,1003
22505829,kylehoekstra,False,296,1284
1126031230829584384,crabdogduck,False,566,518
35858610,MichelleOwen7,True,96726,2201
382342427,AntiBullyingPro,True,92333,33191
1390651287360921600,KLBFinch,False,41,428
986369572717637632,SuperRareGeorge,False,1782,353
1335989300,SeabrookClimate,True,2019,1869
119200469,BenHouchen,True,15603,924
20742096,brettgoldstein,True,207505,2350
1103518614982819840,TedLasso,True,673298,193
431765364,jasonsudeikis,True,139720,141
2678107302,LTFC_Dave,False,1364,1051
360524613,mickquinn1089,True,146244,1057
161031982,BEexhibitionist,False,1197,1534
240750736,stellanewman,False,1028,209
1111923506378358785,DaviesHetty,False,173,497
1414529498637340674,ukie_louisa,False,197,170
3291102293,WatfordMayor,False,3482,2411
1683598100,HelenGradwell,False,6802,2465
20224809,Matt_Styles,False,644,387
257436524,ArtsEmergency,False,38419,11124
83238527,leveluplauren,False,2935,1834
708420974916591616,OldBakeryGin,False,5545,1341
12273252,tomwarren,True,181339,1742
1349670310363209729,iain_games,False,12124,165
15254843,samdbarratt,False,2595,2569
3221068227,stravawankers,False,55244,2148
728164857992851456,joymult,False,369,16
795108489098039297,billmurraypub,False,6021,245
63622909,rocknrolga,False,22588,961
74590140,MrSamLake,False,1298,704
61469889,Tola_o,True,2579,1897
19413393,E3,True,2337674,743
521172968,mrmikewozniak,True,71040,1712
3064737243,makingamesisfun,False,850,56
1366442941401739266,gTV_tweets,True,6847,137
22154753,McGariachi,False,1902,1824
1392940484,RosieCaddick88,False,25075,656
4848860457,OrbenAmy,False,9473,1000
705032564000628736,N22Prince,False,2006,470
830512223177043968,lovethatrailmix,False,109,229
205345604,hornesection,True,38752,2593
1163018835823345664,NakedGamingPod,False,2005,1638
19883587,LeoKelion,True,13126,5464
3384401,julesjulesjules,False,1331,1035
1355440843193249797,The_Habibis,False,1902,3
64700479,Adelecliff,False,1934,769
21224587,EvNarc,True,25444,3018
740521678871138304,nnesaga,True,16369,1376
93640517,InDeeDeeEffect,False,1713,1171
595103346,LoraElwen,True,1648,3040
924983895279505408,Blades_analytic,False,27176,1962
18921484,quangdx,False,1448,375
271072479,jardeezy,False,86,389
14922044,samlassman,False,2256,1075
880854911583387649,WarwickRoadAG,False,648,501
352192690,smcowley,False,515,677
28592874,jnjokugoodwin,False,4172,2556
18997981,UK_Music,True,127339,3582
106082694,LutonJournoLTFC,False,1684,253
826196543170453504,MrCaesura,False,108,141
3046255830,Satterthwaite_D,False,250,965
282253297,DreamSnakes,False,224,2434
19820116,thejamesmcaulay,False,1725,1645
22152483,richardgaisford,True,32399,1994
19424427,GMB,True,911122,2943
74454110,RosalieHoskins,False,1200,747
1362613171,HugeDavies,False,3907,844
1249044254636343304,britpopulism,False,159,120
3222018953,HelloTimW,False,970,702
1249627152322105346,louisakeight,False,3533,865
19334277,timscott78,False,257,258
28509601,scraigen,False,318,346
105632319,DrKowert,True,5598,1720
39085743,acgalbraith,False,504,982
1347580077618429956,GamesCareerWeek,False,940,525
1478400906,dannykellywords,False,95670,1375
139500503,_ednight,False,3281,1647
19397474,RobbieKnox,False,52678,1847
43878033,jburnmurdoch,True,403408,4624
19709319,diaryofamaddie,False,2791,1144
493974431,NintendoUK,True,664253,26
116523554,EleanorRJL,True,1078,649
182768048,bryony_frost,False,735,327
3128741421,paddylopes,False,543,1283
2489795071,Worker270591,False,375,1816
492392249,Calxm__,False,1965,537
9451052,geoffkeighley,True,1351965,8298
2931082511,philjackkemp,False,882,2140
1135819395165499392,rtparty3,False,1568,1070
237431363,BuenoHW,False,574,507
20222896,Noxywoxy,True,47325,2601
1979228030,UkieStudents,False,1604,279
125599889,Sam_H_Bandah,False,805,1474
17658799,rhiannoneshaw,False,5796,1350
104295830,thetedhill,False,1779,1695
23085374,CIPR_Global,False,45791,5228
546287998,ShingiMararike,True,7068,3035
934767849872285697,JonParryHis,False,734,407
434725454,TroyBakerVA,True,427673,1053
108571692,WeAreTheFSA,False,44128,757
864430330161319936,head2toecharity,False,662,433
1313780486062452736,AmongUsGame,True,1409350,1
1091314278085349376,LevelUpPod,False,504,553
23609696,beck_smith,False,4494,1566
2596578522,NiklasJohannes,False,717,351
377231833,vuorre,False,1630,381
21345682,computermuseum,True,30709,1415
2478263302,alex_moukala,True,149122,459
21107075,shaunwhu,False,2631,670
4129175112,nzgamesfest,False,2101,163
1103468076,alittleredpanda,False,1388,1308
18398921,LiamLimeGames,False,238,159
377408494,RebeccaStow97,False,4105,1127
380926765,ChaatChatChai,False,92,200
243306810,MattWestern_,True,9824,1818
363190005,linuspardoe,False,269,684
421223083,matt_hfoster,True,8750,3497
193256948,kvlmason,True,32091,988
193007561,EsportsNath,True,2673,4952
19064404,2plus2isjoe,True,13415,1120
164616194,DulwichHamletFC,True,30208,1152
21644871,pompeygina,False,769,945
861306876,Roisinmdoyle,False,1307,1476
30548113,JordanMiddler,False,1404,1009
823582004281274368,hoppipoll_,False,449,393
17001077,paulcarterTV,True,4109,3716
228716245,treblethree,False,2828,2955
1082992455379832833,OhWhenTheTown,False,2639,799
2832088119,AmpereAnalysis,False,1679,369
62039228,PiersHR,False,2034,778
3802119923,jayannlopez_,True,8646,958
742074673756798976,blackgirlgamers,True,53253,2059
1102277894406062085,CeeRTee,False,461,728
19968074,kayaburgess,True,15367,2705
193072671,SimonStattoP,False,5887,577
123841215,lutontownST,False,6041,331
234023636,vidaisonline,False,4006,477
1897205485,SymphonySilas,False,737,1065
466711571,james_lewer,False,3244,1966
22548838,Mediatonic,True,62364,1825
94064927,nrothers,True,3221,2509
1363470846,nakeyjakey,False,366149,532
2725736347,JoeMcRichardson,False,2953,402
15051219,shonaghosh,True,10676,5612
1067915380025249793,itsgfreviews,False,97635,801
24713719,SkyNewsAdele,True,7629,1833
716742823,AnnieThwaite,False,2497,3227
1271118663018577920,OpenHistoryCam,False,302,214
575660096,jdjhfsdb,False,151,1443
1152594389845323777,jjamesappiah,False,172,0
21328619,JDLiteracyTrust,False,6775,2272
1173782564,OliverAge24,True,65584,7223
2831504133,JenFenrir,False,1783,1531
46346652,danhett,True,27361,4673
22008503,Rushy33,False,9318,245
879964508,cianmaher0,True,3746,1046
1705171262,MudManCampbell,False,4412,208
44100037,RareLtd,True,284926,243
18001024,Dayna_Dayna,False,1954,1882
186148334,elliemaefowkes,False,222,214
218808703,DoubleElevenLtd,True,26919,765
233285129,Vitu_E,True,31897,1461
48664265,jaywshin,False,589,397
871490228,shwetakvb,False,688,682
222065279,MimiTurner01,False,2381,939
21909952,MatthewJones93,False,756,484
1276485771344650241,KITKATGaming,True,51854,424
166924262,Dawn_Emery,False,3662,3544
757615769278636032,svkgda,False,303,171
986356221966979073,TamingGamingDB,False,2098,3
92787955,Literacy_Trust,True,94141,2346
1261046604062240775,jamesplace113,False,19,385
102193741,mattbentham277,False,504,695
41066009,LottaHaegg,False,1111,1746
19445695,AliPlumb,True,49157,1470
4476363149,alyphen_,False,733,2325
48519871,Gamerboss,False,14027,1743
293967213,firstsightmedia,False,2040,2035
291077770,StevenMcinerney,False,44578,1332
731805773026734080,HBowdenJonesOBE,False,6090,5862
129656992,seth1389,False,1406,1293
532406707,XboxP3,True,912867,1107
426632834,KeroKeroBonito,True,89354,279
1397615640,BrewDogCambridg,False,446,162
160074531,natogreen,False,8479,1813
145671928,stephenkb,True,118216,6330
233492975,Lizzle_B,False,700,700
262706840,slightlymadteam,False,15449,33
3307436680,millicentgames,False,5232,909
18646697,writesJW,False,6180,6795
45884485,Bobby_Dean,False,2477,1411
21645209,SiobhanBenita,True,31141,3312
19908335,anthonyjwells,True,20435,1104
893925480159731714,BrwnGrlGamrCode,False,5043,1535
968872495838384131,GDoCExpo,False,8765,242
1039193180426711041,leveluplinkup,False,925,122
1524240914,CreativeIndsUK,False,13275,3774
83891235,Abzybabzy,True,14457,72
332878986,acatherwoodnews,True,20269,1261
2816325970,AliceIevins,False,1747,1427
130120037,PippaCrerar,True,182817,3414
22812734,faisalislam,True,368397,10511
774419785,AlixPickles,False,514,3568
85172763,RichardAScott,False,15077,13067
52352712,Ell2309,False,275,580
21668689,DirtyDC74,False,980,1233
127681878,Absintheuse,True,4517,2960
914223906,BenRTWeisz,True,4295,4077
1253396959425171456,ViolateGeneva,False,169141,3
16692859,hendopolis,True,101179,7738
236561938,bexlectric,True,8710,3371
97004017,ellibear_,False,1299,1666
3224492332,Keymailer,False,22693,180
1169161186774007813,SStoreyDCMS,False,512,143
1002084811,CommonsDCMS,True,23476,752
568249574,HuddlestonNigel,True,17436,2961
383238347,cj_dinenage,True,22225,1220
1008991273066299392,NHSCharities,True,10885,1026
256947719,AICPRESS,False,3642,2015
26992518,jasotweet,False,4314,3803
262672654,TVNaga01,False,263420,1954
738872945062252544,MatPiscatella,False,21580,1504
173530099,AvaSantina,True,38811,2277
19938347,scully1888,True,13418,1410
1590856494,HannahMay_93,False,595,496
2470734750,CreativeUK_News,False,19906,1622
34247411,mikegalsworthy,True,212024,56428
348373966,SumoDigitalLtd,True,27369,164
88580889,ColmSeeley,False,488,935
1017669694541778944,rachaelkells,False,22,144
1196091375105785856,nocontextfm1,False,158645,102
1230175786247823366,StayIntertoto,False,9857,226
46078433,hellibot,False,325,189
2736848076,ClassicCeri,False,830,805
40082045,jon_NoCode,False,4321,769
606338434,Eam_VannHarris,False,6559,985
1140968821,Stealth40k,False,45865,19824
117471412,robyounguk,True,3563,2511
1241419106181677062,JulesSB3,False,89,392
1228400703074373635,JaysonHilchie,False,113,149
3503400442,stircambridge,False,1511,114
468256387,CassiaCurran,False,1572,2109
3101705175,Fuzzlette,False,1385,1462
866991473417486341,analog_bizdev,False,560,1027
78313798,alexkirkland,False,8454,2750
2362437362,bayer04_en,True,388381,4099
341679754,CharlotteNangle,False,952,1038
978574989824753665,JamesUpsher,False,367,1479
69120534,vehollehraptor,False,1832,1143
3292748619,boundsgreenon,False,1578,502
128552129,owenblackhurst,False,2840,1637
16468227,Campaignmag,True,217255,4019
28224338,brettclaxton,False,1938,4909
20246730,willlowther,False,2180,638
17228590,TonicDave,False,1365,768
392091024,AC_Revolution,False,3986,2542
2239497956,AnnaMansiBFI,False,2054,3791
1179003243663364098,LegionGamesUK,False,375,407
1235610466761797632,cassidy_sar,False,109,771
1173961158048604160,CreateCentralUK,False,1924,703
2510021780,HMRCpressoffice,True,18311,279
22819318,drdoak,True,6171,1237
765213854070665217,choomsky,False,884,898
16744475,Official_GDC,True,202110,18
118667844,Everymancinema,True,35680,1060
1138456156815466496,ModernWolfLtd,False,6424,542
4709245637,BoorJay,False,553,478
39132259,Richard_Jolly,False,787,427
273587027,scotgamedev,False,3901,280
19915728,Wera_Hobhouse,True,22137,4504
23600542,LeeKirton77,False,4494,1308
156248241,lauradonnlee,True,15984,1090
162071541,ShaunLintern,True,58188,5066
159125669,denis_campbell,False,24751,6258
1227616188148174848,mightyboosh_ooc,False,3042,96
2330977045,nzgda,False,4125,832
1172535926209298432,OliverDowden,True,36841,1048
469244510,wayne_emanuel,False,702,528
1194366032435175424,RicCowley,False,167,106
391485640,iNathanM,False,1674,2358
1564239992,wallacec42,False,615,668
23749162,SteveReedMP,True,35083,24277
84209446,ralesk,False,652,630
77235742,jimfarthing,False,822,2437
14133667,markrt,False,2502,1834
311991161,ThatRobinGray,False,1682,3502
34240020,ESACanada,False,3715,2703
500821045,Ryan_Pasi,False,239,451
115195475,crwilso,False,1900,1252
250694167,RegentSounds,False,1288,1017
15481429,volapuk,False,350,471
836922046198218752,videojuegosAEVI,False,12154,295
274416030,PEGI,False,1344,394
1271714653,julianknight15,True,12677,754
188251694,Vialixia,False,5105,3082
374030227,SELL_JeuxVideo,True,9921,1462
621523,BBCBusiness,True,2008185,142
1102250644948307970,BEA_Newz,False,196,53
518007449,PereSuau94,False,859,1892
182329814,beatevaaje,False,92,157
86921824,MarcCieslak,True,5550,512
96654457,KatyAustinNews,False,3748,1541
29333356,Masudmilas,False,1671,806
979631500995022848,SGA_Official_,False,408,220
849230306,AilsaPrise,False,71,389
15229546,markyward,False,1055,884
522731421,JessMcDonell,True,28560,465
1069515052443684865,InGAME_Dundee,False,930,430
347900760,steve_merrett,False,1058,396
41475018,allyhumphreys,True,7003,3403
421116564,HereEast,False,10129,853
356227929,timgarbos,False,5263,3298
19618549,Rebecca_Nicol_,False,750,533
28306725,DehennaDavison,True,45593,3322
17219682,beccacaddy,True,9670,3831
498104611,Network_N,False,1699,207
277834034,igea,False,4490,1909
73156982,ravivijh,False,742,1170
23690496,Ronki,False,1419,577
3742741047,orourke28,False,4140,3622
2420823168,IM_org,True,55096,1084
19705819,barog,False,5968,6568
740149724146241536,discoelysium,False,46071,1721
3369594003,nadams,True,14395,1774
18448883,DCMS,True,244004,1515
34940114,NickyMorgan01,True,70113,1205
61436299,nibzy,False,3065,2779
209286446,EddieHenryJames,False,2764,5001
18046301,mikeysmith,True,26179,3671
284609063,DuckDuckGosling,False,465,691
281705101,RKRigney,True,42845,2223
187201210,lornajane2,False,2676,3381
27033505,MindCharity,True,509941,3554
19250968,susrack,False,873,1492
44585922,ByRobDavies,True,10787,3710
94853854,Coadec,False,7186,2104
3437929966,WebDevLaw,False,8048,562
841401829187604485,hotmilklondon,False,780,276
518642999,Matt_Whittles,False,452,472
1190670483018174464,lildavro,False,95,172
374116302,sam_s_cooke,True,2549,2058
1064130530,thedalstonyears,True,39336,6446
19337621,dutchgamegarden,True,9348,5918
27987687,PinkNews,True,250640,1163
1111334294,bfiben,False,13074,1085
8201702,ruthym,False,153,418
158035855,PublishersAssoc,False,18633,2403
2611622852,duckvalentine,True,12715,1162
16527091,joetidy,True,15576,3015
615307717,Jen__Davies,False,174,518
24989982,Tomdownie,False,549,1337
27045668,thisisFoxx,True,16252,1461
861940431600406529,Platform_EXP,False,1218,633
335312037,lewis_goodall,True,240412,4651
2841791319,GamesRatingUK,False,696,894
790820238053011456,CAntonyBaker,False,185,750
1163472555811987457,GHGshow,False,1426,46
2969880305,Robert_N_Adams,False,571,1929
45485902,patrickhwillems,False,42826,896
3028083039,ClaasWolter,False,717,1836
301621600,laurenelucas,False,107,171
78706092,adkinsowen,False,485,953
93723373,AndyPlaytonic,True,13716,1094
2764245625,MercerRyanJ,False,1406,1266
27014998,TammyPalmerLD,False,1940,2524
19981832,Dawn_Barnes,False,3240,2541
14197060,lfeatherstone,True,22850,2529
20608366,MichaelBaggs,False,8612,1431
33636680,IvoGraham,True,58169,2399
1192074079693627393,AmyNEHerts,False,334,145
552094236,byadamfitch,True,4021,361
121245162,theCALMzone,True,81981,3110
15687399,BFI,True,847748,2725
569413702,Nadjeschdarella,False,13,105
38177028,DavidrHolly,False,643,1602
43206205,AntonyHookLD,False,6788,4264
216315824,NoMagRyan,False,3000,1507
15892523,willguyatt,True,7087,3475
25884000,mrbasil_pesto,False,5097,650
708818584693116929,CheckPointOrg,False,6322,335
376850708,EmeraldPaston,False,890,981
38505015,PhilNWang,True,168919,1333
15580384,PRWeekUS,True,86083,2380
6131142,Shakacarnage,False,4117,4950
43561060,x_GemGem,False,5111,865
23483816,eliistender10,True,389832,170027
1016711586965225472,Blankpod,False,16602,8798
733738224166768641,mattzarb,True,48280,2012
1920516054,Wortermelon,False,7407,1190
906111073018941441,SafeInOurWorld,False,6330,245
1175069188009971714,FutureofFilm_,False,996,2744
4004901,alexhern,True,69760,1941
48849134,LeafyBeanCo,False,854,1021
17568079,Rose_Matafeo,True,149572,2049
16181584,jimrossignol,True,17560,3157
338308200,LuisaPorritt,True,14367,6219
569169675,HelenBurnill,False,1177,674
2397827568,Kathandthat,False,369,207
928567854525534210,immybeck,False,2510,664
2999967663,ASRomaEN,True,649714,15845
2925733198,taralouisereddy,False,1531,2209
3825452369,renaissancehub,False,557,1035
1101442076,MyddletonMarket,False,2209,478
18772184,hannahnicklin,False,10060,1586
799196791396794368,WarChild_Gaming,False,1839,1322
5868662,hanknova,False,2956,477
570689836,askaboutgames,False,3007,17
17134728,Gloves71,False,385,866
22248829,robleane,False,1568,4622
3527021187,ben_greenstone,False,434,485
40246348,J4CKMULL,True,514890,175230
1164549552172650496,DonchevSimeon,False,9,48
2770453683,Radical_Em,False,919,2402
831593317,AnthonySturdy,False,223,331
2182865641,DanielKorski,False,12516,1147
895298685554368514,jesshoulgrave,False,3336,2560
363015521,Ninfa_dp,False,8158,1715
1148649788952498177,BBCLevel23,False,226,244
132557640,EdGambleComedy,True,236746,1583
1105433520623808514,visualsatire,False,69323,314
3293060964,Tagmata_,False,685,128
20129531,PhilCrawley,False,1351,1330
506355104,FBFDann,False,2139,674
102707504,thesundaytimes,True,472004,310
202108590,LindaHGriffin,False,1052,1308
928013960,BulkPaint,False,1465,258
2578400893,Shahneila1,False,1046,585
4844891489,dombakerdb,False,1986,369
25810663,GemmaLeeWrites,False,1319,774
29721907,EdwinaLangley,False,1043,167
600947151,JuliaRampenMM,True,6779,4701
51873598,sicklydove,False,734,800
93857739,JamesWright_UK,False,2220,2612
68817967,JamieHarrisTech,False,1144,395
1593519787,GHHospice,False,2294,663
281814030,PGMcNamara,True,13711,3135
1323371755,hood_vic,True,4121,2370
106109075,magicleap,True,82636,127
857806262,HeatherTeacup,False,1433,1222
14693692,LewieP,True,4777,606
398908715,LukasRoper,False,605,493
731540318437412865,andy__briggs,False,660,592
16510888,SteffanPowell,True,13342,2442
19502119,LondonLibDems,False,8641,4094
886731296784953344,GlastoFooty,False,1152,133
15442750,marksweney,True,14995,2957
13919502,reallyalexsc,False,1539,1024
365393654,zDamascus,False,18665,893
19561650,StumpyGoblin,False,7316,1270
705078961,EmileCole93,False,4580,813
81107994,PortuGoal1,False,21567,944
40237871,RisingStarGames,False,14287,531
17368573,sinista4real,False,439,821
1061327328,GoneEFK,False,4956,804
86123570,tomphillipsEG,True,11569,635
517788125,_Sam_Browne,False,933,1716
22251233,Danny_Fullbrook,False,2273,680
199340897,BBC3CR,True,90100,196
1020367103948451840,scarytoilet,False,239047,1
19350455,PeteEtchells,True,8482,1221
258802618,sciencecarol,False,309,489
65130648,SheRa_Marley,False,20889,6427
45594696,lomadia,True,164931,1623
317227766,lucydoesarts,False,3623,3055
1822726884,MatthewGreen02,False,13111,5481
19805689,SophieTighe,True,1178,1231
700430509223112709,BitmapBureau,False,6934,892
21784286,antonstanley,False,1135,4787
24156666,TomHoggins,True,2490,958
1061777076569673728,pocinplay,False,13183,1700
279536875,nyyjen,False,2003,774
1490179052,mbridge82,True,3878,4712
250765241,NFJensen,False,622,2725
34009165,Laurie1984,False,875,653
473351433,ClareDelders,False,1131,950
265340249,ianstotesbury,False,1328,1259
1072035306,MsKittyPowers,True,4934,1369
25593853,glyndoggett,False,612,1047
124436762,doggettephgrave,False,1376,1204
332886115,David_Ephgrave,False,1588,1510
1115639476837990401,LBMentorship,False,3106,27
822644540,Voxels,False,24109,1320
131118665,SoundInterest,False,558,1362
3266270408,RyanModLifePod,False,2452,4947
1123992159265415168,windmill_pub,False,199,243
200883634,jessicajcasting,False,8897,609
1121351625761804288,EastEngLibdems,False,594,305
36468030,BenSmith2588,False,2801,316
241047422,sheezdogg,False,12350,432
142994399,classicshirts,False,259370,5769
23628419,SamDiss,True,24659,2342
317330092,mrcharliejones,False,2227,419
1998841,Barb_G,True,20046,11680
19020366,Spoonface1,False,5431,2906
1115297680224206867,Reggie,True,616216,268
45791609,SolAestus,False,306,489
79244088,TheEventsDC,True,16456,1771
20206622,MattSpall,False,429,339
103964544,Martholio,False,2503,959
138129845,dangerdisco,False,598,2197
720560509179863041,BoMarit89,False,13578,869
1022507564829999104,WolvesEsports,True,14133,256
76968739,andybrassell,True,78291,1498
22235412,imranyusuf,True,13191,1071
368651647,Jon_Mackenzie,False,10418,1104
3413508473,gamingthemind,False,3596,96
869291187630428160,IanSollom,False,1955,320
281005756,zipeters,False,654,1224
888550937203277824,moods_jpg,False,2025,511
387694188,runjnee,False,626,433
190014991,maltron3D,False,1922,1143
584066634,BrendenGibbons,False,1143,735
26530416,thecomet24,True,18004,4079
152656121,mrjamesob,True,861731,3628
1225696320,George_Osborne,True,233915,240
343288845,CambridgeLDs,False,3110,4813
159100695,BedfordLibDems,False,746,178
3354762004,HertfordLibDem,False,729,425
818597437271113729,WelHatLibDems,False,307,131
3353847244,SCLibDems,False,1410,788
1176484046,WatfordLibDems,False,1534,1491
1106128820816490496,NH4Europe,False,3709,4991
84835388,oliwelsh,True,4296,482
302042226,Linkuru_,False,25000,484
753544555560050688,PolarBearTwitch,False,3671,967
16526203,dezm0nd,False,1648,11
832967925078323200,EuNorthHerts,False,2674,2378
148446462,LizJarvisUK,True,14456,3306
3081167825,ColliverEmma,False,485,1296
47087325,ShuhBillSkee,False,6995,1247
291025161,cha4zz,False,171,519
109209857,someheadhunter,False,1308,427
93846775,LouSanders,True,90997,1950
1062325562834849799,30yearsofplay,False,475,18
18716626,mubly,False,865,735
19785044,botherer,True,16190,357
362131246,kazenga30,True,17282,242
164240461,LutonNews_LTFC,True,16778,536
554510636,SWatercolour,True,551614,2600
491507944,LFisicaro,False,928,476
13317642,iainsimons,False,2148,1465
2474000222,NetworkVO,False,11940,6757
954304030293012481,MuddyKneesMedia,False,1475,88
4699631418,English_YL,False,2059,432
746752405014982658,octane_gg,False,11282,821
2359705746,HertsGrowthHub,False,3494,1270
943186342288257026,TonyMost2,False,7368,7169
2934301503,bitmap_books,True,20585,7622
1073606435580325889,ByDonkeys,True,482288,0
51579583,neildejyothin,False,1444,886
1084599330080722944,seraph_team,False,541,991
2371827829,kuxir97,True,50599,303
992328115,miztikRL,True,21148,550
807216985994133504,Speed_RL,True,19890,433
562926437,RichardNewby3,False,10063,621
78991867,Gibbs0o0,False,38138,1210
3995035577,JournoDanM,False,2788,758
168609193,EOBBYTE,False,2326,34
14157134,Peston,True,1181784,1372
732556450984267776,YorksGamesFest,False,1965,1738
1006631850,JackJ4D,False,378,981
65331201,NorthHertsDC,True,11711,517
178620913,Femke_Axedottir,False,573,758
2149804807,Brammertron,True,9553,331
170456392,xuetingni,False,2564,475
18681803,dafdent,False,554,651
460587890,SaundersTara,False,890,254
222552192,djmattcrawley,False,2497,4873
3363819819,smnthawbb,False,2570,2479
371207461,caneandrinse,False,3709,745
123800256,RachaelNaylor,False,6892,2794
261839748,GaryJKings,False,2139,1351
1034092460912386050,DoppioGames,False,449,110
31037985,MarkRein,True,123527,670
834865587251736580,Lisamboo,False,4126,2797
22313827,wearelutontown,False,12377,8655
768923983563591680,_TechMode,False,29631,0
843351710194159616,d3d4football,False,21780,2032
284160048,touch_of_ginger,False,782,559
2743817250,DWBakes,False,7302,853
938869513746915328,WSOE,True,41756,193
816299284878524416,plosiveprods,False,2131,559
1048990325862281217,OffMenuOfficial,False,97248,155
893150023457943552,otcpod,False,11187,312
95109967,melswal,False,1649,1401
33581319,AsherEinhorn,False,13201,487
2712744217,GabSutton,False,10708,2727
304373957,NickGill_Comms,False,3689,1869
1069917632244170752,Music4EU,False,1108,219
63975371,Sdinsey1,False,1529,411
922954694,OldGameMags,False,5727,130
101889708,mdf200,True,12227,1378
14304857,GeekDadGamer,False,16673,1600
20284321,sammyandrews,True,8759,3388
622426905,SDoughtyMP,True,35156,9081
61468024,FionaC75,False,62,324
432612010,Strata_GeMm,False,860,949
29771447,lukemcgee,True,51809,1983
82929120,kftart,False,933,507
755239094,tcross81,True,3970,786
939045964731568128,DreamHackRL,True,11640,190
1064510736033038337,UkieSoph,False,263,197
14664059,jameshurley,True,42019,4886
1059736704540700672,tvforeu,False,179,151
24973042,MythicalC,False,857,774
375743092,carolinkrenzer,False,287,344
17595478,Jessica_Taylor,False,1248,2402
276560379,Ryuhoshi_Yurei,False,353,282
478446511,stefscribbles,False,98213,819
816046213883629568,ElaineLithgow,False,1019,594
4058986150,RianaMckeith,False,2401,1275
1873493533,janamakesgames,False,4161,996
26902304,twoscooters,True,15092,825
199862369,sulkymoanyface,False,1517,1590
524749622,cllrbridget,False,2140,1313
11759572,_vixx,True,7574,2104
100786035,apacherose3,True,5319,2386
50411401,grimsevers_,False,5405,1068
3508621,jBenson,False,1750,1858
105242637,SamMGreer,False,4097,722
1393397634,KarmahTV,False,19729,988
1060455514243510272,anderonaplays,False,238,394
102079070,SimayDinc,False,1343,1334
139045397,KlaasKersting,False,1442,2277
20762892,Danny_D_Pearson,False,4651,4143
42371615,sturdyAlex,True,123317,2062
22146373,SamCoatesSky,True,184435,5289
378712448,FreaKiiRL,True,21379,275
121597261,RossySheil,False,16080,3796
857980161953845248,LutonLibDems,False,171,165
265306868,Bridgen2far,False,563,721
308946809,BAFTAGames,True,107029,1783
25659095,GazDeaves,True,4599,485
14946104,siobhanreddy,False,8906,6683
97170019,rosschawkins,False,36148,4547
605324308,davidmarkcain,False,1083,1677
1092998137,TomRailton1,False,1173,2759
19537682,Alicelevine,True,131927,919
420366322,Andrew_Adonis,True,161646,721
2511876643,BitchinHitchin,False,3367,598
42407755,cecianasta,True,19409,1719
243095677,nickbuttonbrown,False,1059,264
20198793,AlexHorne,True,317704,1112
1049305422061088768,ukie_grace,False,396,379
857998979405148160,fluumpy90,False,63546,379
13388262,DavidMooney,False,10335,1534
989907772610437123,saveourtownltn,False,2639,126
20240946,tom_davidson,False,2569,2366
715520773826420738,ukieluke,False,1247,596
351119534,_Its_AColeWorld,False,513,1074
2214587197,jaskoolhoven,False,513,1036
2587332985,LTFC_Community,False,2468,181
172721763,SianMP,False,710,1657
325694098,3DArtistMatt,False,447,582
268853924,RoseannaCWarr,False,330,153
700997757734150144,_HELO100,False,1184,2229
900561080,IsaacWesleyPage,False,258,449
726095850104066048,B_Ridge_Music,False,212,888
20367011,nd_kane,False,6716,3403
80802900,CarolineLucas,True,526378,6551
27708397,superhys,False,2376,318
723258051399131137,NarratioStudios,False,443,1131
21666641,thomasbrake,True,69494,39945
2999447739,UKandEU,True,38395,3907
19643239,LiamCullen,False,322,1157
759791193534242818,LibDemNewbiesUK,False,5076,576
16983518,eleanorrose,False,1690,1898
31711513,PimlicoPlumbers,True,18750,2302
156291261,rebecca_vincent,True,25030,2314
150955515,Dr_KTaylor,False,1343,1684
25248496,shanecelis,False,2207,1920
18974989,joeharrod,False,1534,1325
291585159,RMurphy_forPCC,False,280,383
971664462,CarlFranciss,False,1115,1111
15639013,JazzaJohn,False,9548,2828
62849140,damiiism,False,1865,585
163417378,wozr,False,577,1571
586058412,AdamRosserRadio,True,2009,2432
26563129,SarahO_Connell,True,47552,38242
2863303983,samrdenney,False,17,168
2276448362,EABoissiere,False,5132,3540
1379756934,LegendsOfFM,False,8808,202
3291774885,JohnnyBoi_i,True,69364,399
1030085774157524993,GranelloLounge,False,296,236
12592522,sdrhod,False,1276,1247
14368093,The_T,True,123760,260
199325510,ed_nights,True,2432,2172
126819958,jasonschreier,True,316658,1904
43503,JamesWallis,False,3609,908
19491239,pimlicat,True,29870,5294
41387380,eloisetodd,True,18420,15362
1009041761094787072,Bethesda_UK,True,28211,276
54719771,L_Aitken,False,3752,3285
430850854,KeywordsStudios,False,3195,311
839461035639721985,UkieTim,False,275,130
880073099395420161,UkieLaura,False,553,593
807377894595063812,scjlibdem,False,1502,1070
966327262206464001,SyndNation,False,3297,2955
628933425,its_natclayton,True,5040,805
921150046644600832,OFOCBrexit,True,67817,484
119333280,Naysayerz,True,10527,4023
992933318,VenomGamingUK,True,13422,1554
1023122909886402560,SNorthLD,False,931,321
14476902,MattieTK,True,4755,3249
864271848,TMFootyFinance,False,5980,3199
2898067546,ttvhavok,False,3124,648
23125824,richgizmo,False,904,1664
348944290,Esports_Cory,False,2032,765
1104644810,TinyPixxels,False,5049,2505
16656014,origamikid,False,3066,437
611941828,JustinRoiland,True,747982,1968
749724384374382592,SquanchGames,True,25819,59
923922714,aliciavd94,False,179,451
807292568,SadieFitch1,False,265,779
1009351447551586305,denzeldome,False,153,401
985798937494917120,ukieleon,False,1012,1098
3317822506,tribandtweets,True,22676,2277
443815509,ChrisTapsell,False,2194,1052
20502935,SalAhmad,False,1008,1355
4399478237,crowsx3,False,24497,561
94989637,jonclayden,False,478,632
874209696420376577,PaigeHHarvey,False,3333,1155
841719626,PaulHitchin7,False,966,1572
872836675218665473,signify,False,931,2354
24581476,viiolaceus,False,38793,996
20107933,amyflanners,False,569,947
14751855,joroach,False,2563,4374
846037320667217921,BestForBritain,True,119493,4985
211203177,Naomi4Britain,False,2000,2099
252271613,JustinDealey,False,6008,476
61183568,bbclaurak,True,1323583,1689
804274105600065536,nhertsmuseum,False,1159,225
1014472100709576704,Games4EU,False,1986,84
360281376,JennSandercock,False,4905,1116
510385617,samgerfc,True,4864,915
702879609336033282,rainbiscuits,False,711,1717
17229641,Pheecetious,False,3019,4797
3004552798,_SteveThornton,False,3039,995
311582457,Just_Ge0,False,1468,485
307063455,AlexHigerty,False,146,281
625758114,Sportradar,True,14524,657
3945167319,Hitchinfestival,False,1798,660
1008326577451687940,ActForEd,False,224,47
469453917,Plumbee_Games,False,938,44
2976179205,alexbrewtiful,False,415,1315
2209427760,slucastweets,False,284,291
3574903217,TomFfiske,False,3261,2149
113476721,libdemdaisy,True,22051,5388
363403954,Stevie_SG,False,4546,1090
521238652,TifoFootball_,True,93609,608
285605927,SkypeSupport,True,46216,8
103593997,OlafJensen,False,420,585
14933304,joswinson,True,154829,3232
331824821,WilkinsAnna,False,102,365
37645590,alexjmchugh,False,707,625
1002119333659795457,SamCollins4PM,False,75,103
996704951945613312,UkieKirstie,False,204,187
2305460162,RSVGG,False,8675,208
281101684,hendo_007,False,1313,2555
744910543006371840,digisportsmgmt,False,1288,983
22157661,brrrammers,False,6329,643
238362157,stevekjarvis,False,508,185
57140290,rosamundmtaylor,False,10177,674
2433590426,ASUS_ROGUK,True,169561,678
501227843,MarkLangshaw,False,1338,2792
702134322770399232,noblechairs,True,155555,214
329890064,GeorgeElek,True,11522,1002
760929240565026816,journo_georgia,False,626,643
994160155133730816,hitchincommuter,False,758,98
118751895,fryman7,False,1422,2720
766639645081931777,esportsinsider,True,18004,274
157703788,aidansparrowhaw,False,74,576
1139970740,RoystonRuth,False,448,318
944508478839840768,Seanlibdem,False,201,408
965669889041149953,thefmcharitycup,False,555,37
931285827912691713,KnebworthLisa,False,542,1054
23424533,LaylaMoran,True,70493,4868
3684636316,jp_asher,False,1746,823
186139309,LuStarvis,False,593,612
21257036,katosman,False,2223,923
16861531,RachelTheRogue,False,4225,743
1640899897,IGFestUK,True,45677,772
197908028,bexmakesgames,False,879,2379
24909051,NickyShepard,False,4093,4286
17468254,MrOscarTK,False,921,762
3369212519,Rob_Fraser_Dev,False,27,87
24856916,gralefrit,False,9651,941
2270446934,JasonHazeley,False,12240,2124
967061386042970124,FMWEC,False,367,126
50738554,DuncRG,False,859,922
839840698073505792,AcreRach,False,232,673
633792414,Will_at_Amiqus,False,935,1021
905163369208061954,Joaooliva6,False,12,97
20495756,YugSTAR,True,9356,662
4582000168,RL_Moses,True,18958,252
1082407915,LawlerTV,True,22648,509
393174473,WavePunk,False,14989,1219
4795889722,FindableCarpet,False,12209,587
930374593,CallumTheShogun,True,18797,674
406842374,JolyonMaugham,True,330025,1823
77731013,gnomeslair,True,11148,3803
133236916,TristramHuntVA,False,45881,9426
1617891,tigershungry,False,4664,996
22319307,APZonerunner,True,5131,1126
277631001,Bertaroo,False,6300,4079
14630243,olliering,False,1878,1521
65736391,SoundlyAv,False,657,565
115099658,ElleOsiliWood,True,27337,734
4591161,markpack,True,17348,1202
323982384,jacquicollins_,False,19707,2268
1428636871,ProBattleLeague,False,1060,86
3270659389,GWeSportsSEA,False,618,131
127643253,SaucySean,False,233,499
16259415,iocat,True,16968,1801
961168587078717440,HarpendenEurope,False,1989,1229
392503731,DavidSRudin,True,4702,689
2709098552,olivermpw_,False,2171,354
4874591606,bishopchristian,True,50851,2137
71224849,HertsLibDems,False,1054,716
5680622,LibDems,True,326124,4353
4821011650,sbarrett92,False,740,715
959797868583424000,HarpendenLibDem,False,1072,2121
191943702,JRWinward,False,1914,2012
16863381,acegiak,False,4303,551
335496985,ComposerLady,False,170,198
3506080513,shaunyjangaudio,False,416,263
19126258,elisekatesaudio,False,501,1345
2885193034,Elleon_Sound,False,769,692
278264376,LizardEatsFlies,False,931,1594
845012454,carlyenyte,False,4085,592
27322501,marcrisby,False,652,1111
15681129,Andrew_Reiner,True,46764,2898
18438362,simoncarless,True,22296,486
3020639553,snapfingerclick,False,6751,734
3465721,adamcrei,False,1300,937
4428161733,ESPN_Esports,False,489334,253
563890459,elgato,True,1166392,1158
17656588,staffelf,False,2023,1435
381988690,subsetgames,False,29822,117
778739669517295617,MetaverseApp,False,6166,3459
14787758,cypheroftyr,True,48496,19320
2671556916,downtohoerth,False,14718,2285
888445326327263232,Shadow_Official,True,46695,294
802585,kindofstrange,False,7416,2630
2591473543,TriFreako,False,2041,672
278142809,DreamHack,True,244414,363
711755029036793856,SquishyMuffinz,True,237659,227
718931780175269888,BlueyRL,False,29493,608
21207450,BenDPB,False,1270,700
19221888,nikochina,False,2615,594
2242689264,NumskullDesigns,False,61483,305
817678112,Ollie_Bayliss,True,47269,4928
380215177,OptaPro,True,40503,454
844584603067301890,SunlessKhan,True,144781,566
39364684,chrissyteigen,True,13375747,4799
32393208,ProducerJohnN,False,4782,3082
14149195,Shiny_Demon,True,8235,6360
57312952,Iain_Slitherine,False,2150,35
941784833587597313,RemainerNow,False,43782,11021
3343939666,gregbuchanan,True,9168,2524
75406762,FridayNightFM,False,4451,713
297512189,WorkTheSpace,False,32054,536
938441479160238080,2PointHospital,True,20054,146
20153733,samito,False,974,1075
29305259,thompsjen,False,372,334
1439953268,AlwaysAgnew,False,747,1192
859142548811546626,incorrectswqs,False,12177,1
193397819,SamRolt22,False,29,104
217122352,lfc6cls,False,205,226
138525648,edshirbon,False,213,685
87985887,KeefJudge,False,3675,1889
70571063,samwrite,True,4261,1409
145978713,CAGames,True,56503,567
296530728,GIBizJobs,False,563,147
387810042,PanicButtonGame,False,14536,84
8013472,s3rioussam,True,8322,1911
1395351186,xdsummit,False,1269,1072
2853613315,chriswrenegade,False,315,305
28794043,Mariuxtheone,False,4340,3237
4742679093,TheManagerer,False,300,53
188662555,DannyJamieson,False,6912,1610
370320941,DigSchoolhouse,False,2632,842
1436973182,briamgilbert,True,296416,297
418594029,Nele_St,False,2025,832
1706043530,Stutsies,True,10066,1050
76616483,lilmissphillips,False,2517,97
19060089,GamesWriting,False,3373,1491
18643131,rotational,False,3511,271
2561762473,Scede_io,False,1397,744
935500397455822848,BlackBladeMedia,False,461,1817
435287788,MonocleSociety,False,1301,19
83191847,IsabelDavies_,False,943,952
116534927,Toadsanime,True,21031,1806
20000559,wizzouk,True,5853,1915
2578755126,InvestNEEngland,False,3939,2975
778629070208761857,bidstack,True,2944,560
84105644,benitopagotto,False,40814,1707
4876574385,Tranzfuser,False,2283,975
461548936,SethBarton1,True,1825,1053
125366857,HereLiesJeff,False,1569,795
2321009274,TheAlbionGirl,False,4374,1475
249300135,nialljtaylor,False,1260,438
45898501,JessHider,False,4097,438
91385140,EnnioDeNucci,False,698,1816
137735038,DaniellePartis,True,4255,1927
1664917034,johnfvega85,False,762,570
264244078,theNUEL,False,5514,491
39389251,Ungapants,False,25650,1142
39289585,iam8bit,True,82618,2030
18239280,stiniuk,True,5525,1498
44671378,jen_bolton,False,635,626
106864506,Will_Unwin,True,4993,995
794236662591221761,runnerduckgames,False,1568,45
44851304,Sly_Rebirth,False,1733,520
791065461672685569,overwatchleague,True,457306,401
904767529398157314,Spitfire,True,123049,129
19770074,Gemzar,False,607,1014
855080155068473345,mochimode,False,473,147
855809973141594114,ShutterShadeLTD,False,513,754
85924114,ClemMurphy,False,1364,3189
18609520,jennyanne_m,False,3648,1331
164710383,Roll_7,False,11908,2135
46135773,icopartners,False,1640,67
20557641,laranoujaim,False,770,1290
478922860,PhilipWilding,False,1986,568
17172316,andybastable,False,1393,687
433321427,houndstoothian,False,974,732
2377815434,ClickHole,True,487005,2
414682999,boanlkramer79,False,307,341
2681776598,sixatpax,False,1152,454
3058864165,RewardMob,False,2915,5749
1421618737,MeltdownLondon,False,3673,1461
3265508599,indiesworkshop,False,760,36
92259065,babelfishwars,True,4887,1582
5735712,JodieAzhar,False,7024,1511
65675031,BellHarborICC,False,782,1124
16306263,timcullings,False,1435,3187
778122741467734020,TacoTruckGames,False,4216,3875
189203918,marcduffy10,False,2851,974
7273792,tolik,False,879,928
501099084,Pokethulhu,False,3536,710
753370682,agarcellano,False,1762,4998
311884415,TotalGameGurus,False,216,128
2229319694,SeattleIndies,False,3035,2036
703710354681892864,SeattleVGOC,False,184,28
159626448,FunBits,False,1106,796
121347784,IGDASeattle,False,1233,549
22128896,XenoGirl,False,2285,1924
4019522178,PolyarcGames,True,18836,247
3256929698,holo_spark,False,1155,199
3245419116,SeattleMegaGame,False,104,22
14902305,k_mukai,False,1110,740
982040378,chetfaliszek,True,29665,1101
192894437,LaureJames,True,25196,1661
265593408,briecode,True,11810,547
21658656,camdentheo,False,6918,6053
461892713,JordanMurphy_25,False,1572,1475
102500579,JanDavidHassel,True,13819,3428
856897706555580416,TheWFGamer,False,10608,600
18875685,PowChiacotta,False,313,518
37743792,MikeStubbsy,False,1750,178
173152793,SilentEchoDE,False,1130,2648
770934354642104320,PSGeSports,True,85711,47
142431058,DebMensahBonsu,False,1447,429
15137026,FrankieWard,True,81397,2536
18803600,byronicman,False,3365,845
56999787,vincecable,True,168006,3792
1130896429,LibDemNewswire,False,8696,2681
22246248,epicLAN,False,12753,2830
804618439809757185,Football_LDN,True,42936,310
19502819,ericwhelan,False,1248,783
2496029630,BelongEsportsUK,False,7398,366
18133609,Esports_News_UK,False,6259,3221
2317902151,RetroGamer_Mag,True,51116,13776
20765987,IamDarrenCox,False,6161,2342
16133363,ShippersUnbound,True,171620,3776
21202851,IanDunt,True,346286,4299
2689651279,ChucklefishLTD,True,154642,644
4142759651,TeamEndpoint,True,29523,467
25685189,KirstyRigden,False,1346,719
18583083,mollygos,False,11657,832
147332955,AeroTrewent,False,476,526
763141069,Jupiter_Hadley,False,13892,1460
42322406,TheSnee,False,312,1214
46420987,asobitech,False,4736,1858
243616649,sohalikethestar,False,13870,1114
889800320,ckmartel,False,1523,531
503074288,Veracityy_,False,3297,726
2409245946,TechGirlZA,True,12743,870
224307691,_JessWells,False,967,908
58290082,Lyoneer,False,1071,768
321364429,HarrisCarla,False,583,438
3282812239,MindofSnaps,False,25747,4763
1313478546,CarolineRebbeca,False,1175,517
40517045,Therealizzard,False,1529,900
221908611,moreelen,False,19216,1780
881517930982277121,AnimalFarmGame,False,1464,214
25100770,KellySomers,True,39569,1199
26335241,KellyCates,True,150373,1131
896005962628308992,Freya_Perry1,False,79,107
193368860,BexSweetmore,False,884,1249
422020554,FraserMacInnes,False,336,213
174160127,eaglemcgill,False,1835,1514
884445098053861376,PCGamesInsider,False,1989,1205
889464209553186816,TheTotallyShow,False,51371,231
212568113,Darcy_Belle,False,400,290
880341755362762752,3bonuspts,False,149,43
4920839734,zoe_dels,True,13662,1395
19455489,Jam_sponge,False,30937,1060
93050227,annabashall,False,99,577
82116113,SophieLB1,False,5206,1579
14503128,ptchfork,False,726,441
115915405,MickDonegan,False,1059,44
227507908,M1sterFox,False,2061,1106
21489334,nvmuk,True,8371,2947
19605323,Topfluffer,False,2128,1490
488797128,KYAN1TE,False,3398,327
2270521807,PlayMotorsport,True,110540,584
2862633748,acast,True,15189,1583
117180495,EricVBailey,False,15682,471
3150559732,immi_beresford,False,943,583
2366625899,GET_TUDA_CHOPPA,False,2578,875
1507571,DaveMoran,False,828,1185
250527479,HitchinTownFC,False,12037,496
3070319554,scottsltr,False,1520,453
2430631980,ilovehitchin,False,2616,482
19497653,_DaisyBenson,False,7468,7035
1228232346,WhyTryGG,False,1866,95
3131670790,beckyfr0st,False,3509,2499
59454817,IGNUK,True,329361,1257
837272102847799298,EGX_Esports,False,1075,108
18843826,Dalagonash,False,2536,1077
35463810,Dorianlynskey,False,40726,3690
866692350961233920,OhGodWhatNowPod,False,45122,2175
30518499,amzeratul,True,7081,2363
2445322386,biancathemaker,False,3245,3359
185606252,cavicn,False,450,109
1349033276,puccarts,False,1014,1006
786983724705603586,E_C_Oneill,False,3337,234
86751291,aliterative,True,24505,989
2147875296,Hitchin_layth,False,3552,2346
845149392,laythy29,True,34450,3427
2871969258,Craftandthrift,False,50,107
243299651,acfdt,False,792,647
796002723707678721,KatLouHowarth,False,284,2825
20361540,tomvictor,True,11247,1047
126152870,mrsambarlow,True,13160,933
311949828,experimental361,True,41958,888
9926652,raiden,False,2645,2924
19775201,davescarborough,False,1348,1225
707331193524641793,remkoe,True,33087,292
717787057712660480,Deevo,True,38987,498
4195450036,97Maestro,False,12434,150
230826438,triforcemeg,True,4542,661
303456746,gregianjohnson,True,15423,3132
564761622,TonyIncenzo,False,69224,768
2808343526,OMyles90,True,2108,827
128181195,LaPetitLion,False,5701,577
17828704,LotteMakesStuff,False,9657,1499
27944478,Bearskopff,True,4977,1663
76912302,BigTomD,True,80057,2229
585668787,sharkyape,False,638,872
113683399,SamiraAhmedUK,True,64997,9128
633711980,AnnaHollinrake,False,19570,2952
512554477,BootstrapCook,True,344341,6808
104490925,seemajaswal,True,98261,3456
1124816718,SkyNewsTech,True,58578,11
42418040,RossBell__,False,1283,698
200073621,MattAndrewsTV,False,15435,960
286463509,RdeVark,False,774,1438
159802929,yurdani,False,1237,947
139503110,Inbedwimaradona,False,21503,993
96394264,Sosowski,True,19396,1624
111921807,katemosse,True,65200,1708
15989129,marklobel,True,4233,3253
347899850,CatrinNye,True,32316,3397
143897824,StreeterNews,False,6668,2307
15848919,Shikaboom,False,7263,1980
824581505620017153,NatalieGMG,False,128,560
417045854,robinlvalentine,False,1499,986
148405169,BenAshenden,True,5796,5418
830032805736353792,esdfanalysis,False,4342,97
309126590,greg_jenner,True,121911,10176
882530100,skellyt0r,False,431,405
748087222377848832,British_Esports,True,11360,1349
75259532,SFBTom,False,7152,1110
2322400503,garytaphouse,True,26546,3241
19612883,andygoldstein05,True,163703,1568
21181555,bskipper27,True,2356,1349
163990491,Singyamatokun,False,2481,2065
105486615,markpougatch,True,152621,1042
16736535,pcgamer,True,2323013,119
222833342,Cookie_Vonster,False,2475,5000
15774509,stevenplin,False,7083,645
2939339013,FabGelato,False,1393,745
90201338,producerchris,False,12533,923
402291756,TiagoEstv,False,23304,794
780149787303682048,GameHistoryOrg,True,42763,9
312791269,woodywoodyatt,False,346,505
194624312,hitchincoffee,False,1172,747
420485308,matchdaymatt,False,731,1499
190906140,SchadenJake,True,627233,475724
2936932295,Playabl,False,2040,47
34986939,TaraZM,False,1658,1422
4148547814,pesleague,True,17845,237
21656343,Multiplay,True,15957,862
29763247,NoakseyV1,False,6861,6929
89325741,JohnGeeMcCarthy,True,5862,5351
79923701,Lin_Manuel,True,3562526,3964
17781928,SoFire,False,6201,941
1433899416,msmith850,True,19026,1379
60882070,acidphire21,False,499,256
1503451500,Byrneinator,True,2417,608
825873771668062208,NorthHertsSam,False,19171,2775
103392633,dellcam,True,34695,6261
803274572212666368,LPQR_FM,False,519,141
813286,BarackObama,True,130402758,587668
2870518744,HFountain_2NSC,False,36,74
22629749,justinebower,False,3552,4323
16660064,RChaply,False,3280,111
4547141,psmith,True,16597,5584
145799768,Jonathanbeales,False,1772,931
816675428001861632,victoriajane58,False,120,262
26032644,GaryDooton,False,1277,436
806523385979273216,go_editorial,False,104,14
14307405,libdemvoice,False,23337,6535
778098210904612864,law_and_policy,False,29925,6
2444019684,ZhugeEX,True,153594,109
808757060783538176,FM18Project,False,3672,197
770545687314460672,marianna_ukie,False,101,392
110058074,iyagovos,False,3123,1297
21910500,suttonnick,True,118140,2147
317707659,AlexMoyet,False,2646,936
771001796886134784,amcadegames,False,7491,5761
730049409531166720,NTT20Pod,False,17170,727
132952767,AliMaxwell_,False,13659,999
48472426,ryanbousfield,False,575,793
20519683,MattKamen,True,3208,1190
413509852,Steviegrieve,True,21715,5230
43435693,Colm_Ahern,False,2894,510
792450512385900544,Megapanel_Games,False,48,87
147888601,itsCharleyytho,True,18188,1260
253744777,OliviaCrellin,True,21904,5627
882378030,EtSowden,False,1116,605
105866228,julesbreach,True,105104,1080
1637589674,StatmanDave,True,272589,605
1280737226,sirjoancornella,False,532792,673
22775788,dannyodwyer,True,106468,1131
30435103,RyanKeaney,False,2235,300
2814919371,GameRefinery,False,2245,1355
1503048786,btsportscore,True,167138,222
262404679,SamuelWRoberts,True,7163,1259
71832766,Dom_Sacco,False,5125,4632
3053042977,Overcookedgame,False,27343,993
16220934,rockpapershot,True,189031,13
285837868,PCGamesN,True,116476,66
477003359,LukeWGraham,True,2308,1672
143508762,LouHaigh,True,49876,3968
102175349,robsedgebeer,False,2178,774
344729527,Ankaman616,True,62237,2928
771288638374154240,vicjane771,False,46,212
4728282495,CharBarnard92,False,327,649
84632850,selasigb,True,81159,513
297842910,Mi_Clos,False,5585,609
520685404,dukope,False,70913,102
19650051,HolliePattison,False,1119,1057
757998713751101440,GatefoldMusic,False,1297,461
52680782,RobertpHaslam,False,794,971
83589605,andytouch,True,11830,903
404285942,thepincomedy,True,39469,2546
471109581,euan_hunter1,False,121,392
275783231,bitserious,False,497,558
200960600,BoxDaveB,True,15711,9853
761568335138058240,OfficialFPL,True,2779935,23
15764800,burdinho,False,680,1305
789602490,tweetDaveMills,False,1087,303
27821114,djedery,False,3406,177
762266443559870464,jimburnsdave,False,3730,183
3099036574,VirtualUmbrella,False,5277,1222
396875028,ghostlycola,False,2111,1247
35068127,ElineMuijres,False,8088,880
2296259041,LondonGameSpace,False,1386,21
19778316,grim1011,False,663,479
21046244,andihero,True,2727,330
575432389,OutsideXbox,True,77033,2821
20583865,MikeChannell,False,45957,2246
1605431178,Skellylicious,False,2920,1096
43848355,SamVanTilburgh,False,1798,955
9709672,tenpn,False,1673,885
33832818,BusttheNet,False,5401,717
47691900,quill18,False,40032,324
20873069,ameliargh,True,26603,4028
20343600,lollujo,False,30021,306
134387811,DanDawkins,True,7739,1552
20257452,wyp100,True,6848,1161
187951544,__Grove__,False,504,866
226222865,GinxTV,True,23459,2046
58830999,nerial,False,6020,919
95870075,grahamruthven,True,25533,6704
338369524,SirCoolbeans,False,4317,923
15892337,katbamkapow,False,5520,696
1225628126,Gfinity,True,160314,1924
19825835,MattHancock,True,428473,1253
181995347,OwlchemyLabs,True,20991,3827
336028534,ben_machell,True,21082,2593
21236926,liquidmatt,False,2979,1712
18721289,V_Ben,False,2806,2280
23242794,johnnyminkley,False,5434,741
4177919489,esportsawards,True,108752,2873
1089451280,AirnowData,False,1694,1642
114554280,ian_livingstone,False,27464,2421
544397215,PhilipJCollins1,False,66650,163
3438476266,NHDCLibDems,False,1417,3584
80021045,timfarron,True,280647,13501
33315010,davidallengreen,False,237616,2067
53975148,griffmedia,False,1415,5001
1562935142,BBCtrending,True,229844,15593
207420832,JamesLiamCook,True,18131,660
25275453,jimwaterson,True,254337,2854
41845056,GeniePearce,False,563,1815
217758017,b_judah,False,50821,5148
11385122,JoeHart,False,4159,3040
18760991,JackLenox,False,2918,2652
736575345705517056,BAMEinGames,False,4884,3375
115342569,LJPullinger,False,734,362
19393570,PdxInteractive,True,160071,60
31249651,Adam_Bhatti,True,60985,734
20581597,GAMEdigital,True,577412,9590
2174181,janmiczaika,False,3877,1051
477261649,anvu,False,322,276
177684659,JonTorrens,False,1996,332
733676150959026180,Biggamesmachine,False,1897,1056
1445764381,anders_lykke,False,602,658
730298709460852736,WESAofficial,True,9316,199
14482768,tamoorh,True,45334,1000
703370607119839232,RLEsports,True,347592,183
16120847,kvlemmon,False,1151,922
34766576,Doctor_awkward,False,4096,1928
1526107645,AFHStewart,True,35043,1259
3295862888,DSManchester,False,304,437
1003854361,ExpaJKL,False,1382,1877
1527553856,SuperRockGames,False,3011,183
5325582,Robin_B,True,7384,1184
38010788,SimonOliverUK,False,781,401
453142886,SamPamphilon,True,6442,1086
123592373,mcneilpamphilon,False,2326,808
2994495371,Go8BitComedy,False,4141,156
19535664,stevemcneil,True,10436,1
358103628,GamingFTL,False,2791,750
111317353,thumbfood,False,998,603
92047540,SimonSmithMCR,False,2600,800
726754154,AlexRoseGames,False,3319,270
275241710,whatahowler,True,24078,871
253024031,LiamBME,False,4650,1996
58301479,Starfox118,True,1628,757
949468862,TheSimms,True,22632,852
715165284215177216,eGames_Official,False,1637,54
3388794502,FinalGamesShow,False,1014,801
45845904,fcbusiness,False,52125,22646
108337198,MatthewStanger,True,23640,1031
916486920,PStahlberg,False,940,1226
279955065,joonasutti,False,769,889
168481562,CMDR_Cynnrain,False,543,914
2460498708,PixelCupSoccer,False,1572,1610
91493485,dndn1011,True,3184,536
1307802397,Jambonium,False,3884,320
131832264,spikesaysyeah,False,873,837
465122673,DannyMcLongName,False,64,321
57318109,arnaud_debock,False,4330,4022
4886111015,RebootDevelop,False,3514,689
503448617,EmmaElizabethVO,False,5807,1465
21742449,markalexwalton,True,4646,1034
106733606,FinInst_UK_IRL,False,6260,1232
2977873853,IBTGamesUK,True,11183,635
2319108198,serial,True,319459,138
28583197,Radiolab,True,286335,1118
20998847,LeisureSociety,True,5126,1972
249405796,rozisonline,False,783,593
3039834879,WeLoveGameMusic,False,2779,967
385473825,Squawka,True,1152021,871
493868676,JollaHQ,True,38972,960
484276395,ROMvg,False,6111,116
38666174,MichelleSuperT,False,683,703
4888783756,BrightMavs,False,73,81
2904407045,Esports_Pro,False,708,367
10243642,markchapman,True,278313,817
59130827,frontierdev,True,76110,27
47890258,GamesAid,False,4065,1338
297419624,Shrubbette,False,8128,986
3434532034,inbetweengames,True,46811,5
7429552,HazelBakerNews,True,4130,3866
3342929843,OpenBritainHQ,False,87492,833
728410166,nielsen_holly,False,7035,776
168101329,twitgera,True,9103,1490
14742525,lerika,False,7061,698
2206910826,MChyrvona,False,443,336
444042094,teemuhuu,False,582,149
4779698126,SirvoStudios,False,1072,8
3642444502,GameFriendsPod,False,122,129
67587128,ianinthefuture,True,2008,1815
48958647,cleaverslips,True,2326,1780
312633917,PJWarman,False,949,30
173571013,nessaboyce,False,163,363
3396725217,ukgamesfund,False,4813,1112
19982498,martinhollis,True,2684,773
1545271399,MezBreezeDesign,False,2059,1775
25760178,alicemrendell,False,1764,1012
2162573900,StephersJF,False,1008,439
21585020,SuperCooperStar,False,1880,1742
2978434911,MegMgumi,False,1421,965
2402607037,barScenario,False,375,8
805118666,SiliconSpaGames,False,838,305
894986436,silicon_spa,False,929,474
2906198104,Vizor_VR,False,6775,1240
2369224483,gwguk,False,2788,835
338677823,squires_david,True,67156,1715
147561724,ThePixelPlatter,False,638,467
32384374,Vivid_Games,True,6426,77
182779444,londongamesfest,True,7524,910
16091912,dkarbass,False,22260,566
27520862,CanaryWorf,False,1684,2844
236892009,mariedeal,True,1397,1335
43286203,CharleyGC,False,1573,832
50111999,Arekkz,True,156274,3297
1301526493,modern_dream,False,576,236
71488700,helana_s,False,1232,624
309366491,Twitch,True,8918213,765
316145842,DGoodayle,False,3805,2492
270510878,MizButtons,False,3360,1711
208690321,Lee_Price,True,4397,862
300311737,LanaZgombic,False,1735,862
295913885,weetim,False,5976,3679
80687653,PsyonixStudios,True,196988,121
1171755060,CDPROJEKTRED,True,1085206,52
148305124,James_Dart,True,24512,1023
20079091,lonnie,False,27589,436
29694744,Nitrome,True,52622,1381
19772827,danthat,False,38016,65
19537549,Seffers007,False,2447,1625
20000725,jessphillips,True,466313,3410
18807649,karriebearr,False,3294,1015
68839530,JoshwaM,False,1002,1074
1952397204,SecondYellowCrd,False,10417,565
2853999693,charlieh1345,False,1320,549
1543117476,FM_Samo,False,5441,254
2722606963,TheFMWhizzkids,False,4676,797
403561210,rtherringbone,False,1355,82
2716696029,PNWandless,False,4480,443
18758375,thatwouldbealex,False,3352,4350
3038139925,beastsofbalance,False,3061,1435
20604763,greenbengreen,False,8648,768
21872358,DeepSilverUK,True,65702,120
1430286692,Games_CE,False,1639,1125
35166293,gamebowski,True,14992,666
21879708,EmPestell,False,2035,1754
277568748,GrizzlyMrDan,False,239,406
14676748,grant_gibson,False,852,791
20764565,GHarrisonSounds,False,2665,2235
138209702,hostedbyjhall,False,11800,1039
2418094170,PlayupPerth,False,615,515
2608957872,gamesweplayau,False,164,526
556163,oceanpark,True,2856,1343
15316338,robotnic,False,2841,676
176771194,thomas_mac,True,2299,789
1160737477,bristolgameshub,False,1804,286
875234504,bnolan0,False,478,1037
370647722,chrisgrayling,False,2660,2307
21082856,HenryHoffman,False,19975,7694
223281772,Kerber_Cartoons,False,13695,572
18206305,gamerepublic,False,3144,1573
3396819227,Mobilizemygame,False,1303,1180
28142602,MrBenB,False,2248,2659
42081131,JoshNaylor,False,5306,2924
89156734,JamesACoote,False,1132,1139
46156858,DanTwoHundred,False,14132,618
92008385,lee_stott,False,4373,1174
2232827756,NoMansSky,True,330826,1
4108648473,Sociable_Soccer,False,3059,65
315130530,RFC_Rab,True,23593,1793
2884141193,TeaboyGames,False,881,676
1431199669,SharkCustard,False,1071,1575
24944812,jakesones,False,991,536
124583125,simonbrew,True,10917,946
2465853247,LostWordsGame,False,8011,8344
283457938,MarkBackler,False,3173,4616
39542667,mrrcrossley,False,4088,711
37176335,GoldenJoysticks,True,28333,2183
62592479,icklenellierose,True,78604,1116
306232814,OskarBurman,False,3694,348
434465199,ScottishColin,False,2387,980
174116522,ShaunMusgrave,False,2268,652
33478796,State_of_Play,False,6030,2419
196618084,xboxuk,True,911235,1681
204774122,LaurenHollyOC,True,2377,1888
1284326888,nicolelhg,False,335,1421
163945942,John_Ashdown,False,21033,854
3242146167,Imirt_ie,False,1450,173
3954287121,GameFutures,False,510,869
3255901714,emmbo_,True,4278,822
2876238699,playhubs,False,867,1043
55523,DannyT,False,2211,4052
297149727,marc_pick,False,1266,3034
20204789,RufusHound,True,1049168,1823
18893128,TomGino,False,124,523
517436325,RipstoneGames,True,23952,2488
962777900,rae_ami,False,1819,865
243782508,np_marshall,False,1360,1217
81200968,GamesByKinmoku,False,2885,2347
20565395,JamesDuffield,False,3475,1814
249562432,IrregularDave,True,5967,1266
300196842,MergeGamesLtd,True,27727,3904
1664892060,PixieJenni,False,2113,480
19071487,PLAYgamingmag,False,54238,3819
2274421124,itsJenSim,True,9447,2161
40009841,bentyrer,True,1793,913
91773259,Thomasbcn,False,11434,3567
73531959,tamcgarrigan,False,2311,1855
26735731,greglockley,False,393,510
3229089299,Gadgette,True,81494,59363
3421782861,ISFE_Games,False,999,648
20045686,BenjiWilson,True,4804,2104
167182648,caldie,False,4872,1616
3005626235,GhostTownOli,False,1610,941
1857819775,TSAPodcast,False,97,72
322636976,CraigChapple,False,1322,1209
847001342,DeadGoodMedia,False,4449,1720
2223749968,SallyKevan,False,183,264
124288585,Lef0nda,False,3150,2166
3533349495,rocketjumpevent,False,414,541
3032554413,gameopolisMCR,False,1684,368
18696409,shinvincible,False,530,746
22258431,dayusz,True,2140,1870
422096527,jlaspey,False,2715,1170
70361794,acjimbo,False,132874,607
14606657,chrisslight,True,3306,495
17895714,paullamkin,False,4124,525
17175009,stablesjames,False,2796,1223
61792237,rollsimon,False,536,224
85537798,Thomas_Hegarty,False,1217,498
297903598,NeilGortz,True,7513,869
246915368,SquidGaming,False,49236,1922
1010619798,SarahWellock84,True,17511,2838
14637498,jimmycanuck,False,2049,1757
1003644973,AppTweak,False,3950,417
21411047,lucyjamesgames,True,67379,2105
1667659764,SubsurfaceAlert,False,1810,2
2228885634,Its_Mr_Shrike,False,296,709
191068541,MarcusSpeller,False,32007,235
60587317,lukeaaronmoore,False,35724,1273
52368075,JimCampbellTFR,False,28721,3561
3430632215,SingMaraoke,False,930,100
3340823771,sophiedensham,False,1825,1213
19329138,Crowbeak,False,1999,673
110468594,LiloJames,False,701,703
20037000,ThisDanFrost,False,237,162
2732818747,RocketLeague,True,1071832,407
3307234961,TheMillerReport,False,5573,3
153537435,ebtks,False,883,1568
23961476,PlayerResearch,True,3942,1791
42189027,xndra,False,2554,1284
12474042,johnneh,False,28954,1704
30449866,ChanGhataore,False,614,431
18096679,edvaizey,True,40883,1792
119043148,lukekarmali,True,7793,417
38902984,dcolaianni,False,938,375
19738805,br,True,495269,746
33249484,Paigestanton,False,123,194
1967409835,MerryKish,True,50684,1398
130951729,JosefiinaIda,False,386,498
17671589,joakimbaage,False,1381,2158
23316779,eventsforgamers,False,2181,1085
407757254,Kantar_UKI,False,28061,14929
1179963302,opsmatic,False,1263,0
15823261,geoffjnewman,False,1865,543
1292973655,ld89_,False,694,10
27809379,studioanisa,True,25835,2909
22030480,daveo_irl,False,546,795
5391902,joanikin,False,6864,3170
205587579,CitizenSumma,False,567,0
37749812,BevEve,False,37769,31685
33868543,mossmouth,True,56698,1274
369406940,ObvItsAmy,False,9486,1499
18577777,rauper,False,4549,454
227716708,playmob,False,2881,2028
17624109,BenParfitt,False,4386,776
1708072441,djbteamsters,True,4509,947
58048452,TheJaniceTong,False,538,789
15269426,AuntieRich,False,1595,1258
16605976,ninacliff,False,2123,2050
22543573,RomerosSoldier,False,1124,861
6537492,jemalexander,False,3365,706
20672266,MerryGuido,False,8739,1149
52733138,assambop,False,912,162
82694047,adamwtelfer,False,819,438
1612611240,KptnCookApp,False,4865,1733
189083184,KelseYouLater,False,5183,982
102713808,Danbojones,True,2336,1432
23578176,AJemaineClement,True,535691,2115
27414706,museofhistory,False,3170,4992
213614971,PhilKitro,True,32891,977
22778202,kelly_welles,False,7602,1674
1926587215,BrandBuddle,False,2706,1594
19890396,petedonaldson,True,48055,1721
10044612,ella_romanos,False,2438,1097
11254852,owen_g,True,54019,8430
29675574,flappyfingers,False,1897,911
19485820,JonnyGabriel,True,75755,434
2999703069,waypoint,True,60956,839
422145715,alicewhitey,False,20917,847
565635364,MattisDelerud,False,854,716
355623589,HaydenSchiff,False,371,1435
17392172,jenlong,True,16009,2292
2372746188,SuperweaponTeam,False,483,317
272538401,tinyswift_,False,755,187
19774940,MikeDiver,True,12313,1331
20668369,georgeeaton,True,104814,6154
255979502,ustwo,True,27459,1011
15348883,MrHarryCole,True,127731,4833
159992511,ConHome,False,100575,12
117366399,FraserNelson,True,270677,2516
162044153,IsabelHardman,True,169477,2971
14132004,James_Batchelor,True,5402,3350
34274809,dudettecolette,False,6974,1153
15902958,Crazyreyn,True,5909,997
15020806,shahidkamal,True,26660,665
194995000,gamesbizuk,False,2886,1752
168122433,AlexisTrust,False,5134,860
119341643,curvegames,True,24845,292
518510945,lizjmercer,False,447,719
101524268,TheRealSJR,True,25993,3918
2748828468,JenMakesStuff,False,699,450
185190437,bossagames,False,20001,4280
161965753,adrianjclarke,False,56668,1667
457618157,YICETOR,False,6150,5250
61290495,JamesHorncastle,True,165143,4519
2591381383,Bigideasmachine,False,5307,276
24913625,MarinaMe,False,254,1008
142401418,InsertCoinTees,True,53605,2300
1380367110,MikeFHines,False,8716,7431
363792365,RobinGamedev,False,2039,4360
2836857176,dannifromdublin,False,781,1241
20392335,SpecialEffect,True,55662,5813
1071024182,IndieGamerGirl,False,1503,1065
26755983,jessefreeman,False,9317,1035
1490239718,FourCircleInt,False,864,14
48261240,byekitty,False,2102,1411
3124351037,toku_podcast,False,775,181
192123466,Alecto101,False,3870,3171
222406234,thewelshswanny,False,722,1065
396568512,apprope,False,15140,87
3082197460,Gamerbake,False,916,195
351634176,LonelyBeastApps,False,1315,1300
16754081,SlideToPlay,False,25027,6326
1671443366,tsf_podcast,False,42230,1176
19164090,Dan_Gray,False,4592,1012
136233571,Mastertronic,True,4208,2470
23742038,mode7games,False,13844,7560
221473541,InverteBrett,False,2775,1686
16542547,MaxTB,False,4838,1045
32048879,HonestWilliam,True,18777,777
42419638,SimonMiller316,False,109497,1037
6318552,GriddleOctopus,True,5496,3001
186411307,TIGAMovement,True,25443,5287
19238557,docky,True,7530,2778
14684699,trustedreviews,True,29430,3867
158186511,TrueValhalla,False,20311,143
455723617,F2PSummit,False,576,1755
407339677,inkleStudios,False,12205,509
308679863,m_katkoff,False,3511,213
20234194,Tony_Gowland,False,5099,1184
3012247457,EdsFMBroadcast,False,2759,443
45412939,bitkari,False,722,701
18504810,arcticstartup,False,23306,516
14770841,patrickol,False,2664,1251
19534006,TomChampion,False,4980,2321
20445908,OllieClarke,False,2558,1468
81891054,jdolcourt,True,23810,701
38282454,EmilyDreyfuss,True,24038,1952
21850047,stepickford,True,4021,1290
40273,benthompson,True,208966,1635
176170634,joningold,False,5452,358
189142770,Gamerdisco,False,1833,2170
16886835,WordMercenary,False,2239,212
12905592,OrenTodoros,False,5078,5397
21663770,betterthemask,False,16364,3419
744001207,Growmobile,False,442,111
514794495,AlanZucconi,True,24040,109
6425412,ilicco,True,31588,9048
191107456,CalvinBook,False,19165,761
23120425,cymrogav,True,28259,2254
16103528,misterbrilliant,True,16866,441
14502253,philippawarr,False,12837,2154
18151263,VG_Dave,False,11085,985
16484437,ChaosSmurf,False,1690,520
8266102,brett_douville,False,3382,534
328287799,sarahkeartes,True,4404,2248
23310035,higgyC,True,1725,871
2731162110,VideoBrains,False,900,5
2571597991,other_places_,False,3062,274
2841558382,thesetpieces,False,21053,1042
563000437,theinsidelefty,False,4723,992
22434242,jonhare,False,2901,116
18322087,liamthomasfrost,False,8888,1231
2154139728,codengo_com,False,821,1820
22534061,designCaitlin,False,5667,782
17214479,JimSterling,False,244659,738
21558955,brightdials,False,889,817
48668375,mickrigby,False,810,472
154089581,yodelmobile,False,4053,1994
562509274,prhaig,False,446,618
32533316,marmarlade,False,2062,1171
12110982,JonButterfield1,False,1836,94
891363512,AdamJTPalmer,False,5995,797
435367627,GetSocial_now,False,5125,1869
6469092,reinouttebrake,False,20104,12252
143596802,chrisbratt,False,20148,869
135784613,Heinider,False,3716,2358
36048614,alexstubb,True,372137,6795
26996604,mel_rose_place_,False,1500,1731
2443722986,MobileGamesWeek,False,1376,2448
175383336,VGTomO,False,4897,376
44874400,daraobriain,False,2580746,653
25560502,DaniMac2,False,182,88
2754511382,TechNation_DBA,False,2689,1103
16719596,ultrabrilliant,True,27499,2851
167530573,playinthecloud,False,3794,3517
65356596,GamesMediaAward,False,1503,290
8457302,flackboy,False,6808,7468
2521025520,NordicGameBits,False,1164,295
98335997,AndroidPolice,True,533613,349
474784901,TroelsOvergaard,False,413,489
238625906,failnaut,True,7547,352
24457403,LilacAlba,False,455,448
31767312,robertflorence,True,51251,1714
2507389530,GamesBusinessdk,False,199,213
177572222,TheSteveBurnio,True,9422,1354
2233895142,TheIndieBox,True,13498,5499
53459595,HollieB,True,99108,1327
2829687343,SideOneUK,False,201,416
83704617,tommleko,False,291,276
1374942246,LTDowneyDent,False,203,378
16082188,martinmacmillan,False,759,534
15676020,_JakeTucker,True,3887,1476
14823556,Nashy,False,14878,498
2508184868,TomLeclerc2,False,2202,1037
19704979,mrdpa,False,1956,4002
15453583,edjeff,True,4063,919
18866772,CosmicLionGames,False,6984,0
20063830,VGC_News,True,55751,105
7157132,GameSpot,True,4570636,704
18927441,IGN,True,8458056,1366
6240732,GamesRadar,True,1050154,768
14799177,eurogamer,True,407258,263
20472850,VG247,True,194714,96
802413265,NewzooHQ,False,8221,2380
97053482,NoodlecakeGames,True,31984,1159
586410081,devnationworld,False,2881,1086
2275962739,MindSpeakApps,False,1547,3458
1499086092,oysterFAKE,False,6655,1738
454340464,Polygon,True,962869,108
13687132,engadgetgaming,True,622365,93
11928542,Kotaku,True,2201348,67
17766951,caffeinedreamer,False,3178,2163
20273398,gameinformer,True,2334851,110209
148022668,BLCKBRDBLCKBRD,True,8460,1165
2742926611,DjangoGirlsDUB,False,321,13
1904313662,hipsterCEOapp,False,695,23
23458031,mobileworldlive,False,50695,1291
15393788,janedouglas,False,85517,2633
1426266752,9W_vgculture,False,602,716
372923595,veryfriendly,True,18977,2000
89467992,tonyjameson,False,5554,995
1024095475,LUFC,True,835537,91
18771668,RaygunGoth,False,1673,423
12070792,marmaladegirl,False,2049,1382
5906212,georgbacker,False,2978,957
12276642,dcturner,False,1909,2510
1227,colm,False,1312,962
5680362,lucyhattersley,False,3425,3059
72702593,WebWallflower,False,3367,777
269679842,tjleino,False,53,164
84437823,beckyface,False,158,852
18321743,halbpro,False,1233,1888
218629564,FatPebble,False,1866,499
308735034,BobHeubel,False,338,242
19456374,nickbaynes,False,658,217
9663842,grmcall,False,3695,3001
509274630,LaurakBuzz,True,58076,2321
6313552,Stiff,False,2157,3838
561210962,SEGAHARDlight,True,29585,109
517546327,LadyShotgunGame,False,1612,1422
88707084,TomChatfield,True,8956,1055
13461662,patrickklepek,True,168426,1038
1565210394,gamingdrama,False,427,795
60129416,TheCodeTroll,False,1175,2655
115395977,developconf,False,9044,4081
19899126,ipaananen,True,53832,562
21262917,pcrockford,False,737,584
918711,OurielOhayon,True,21948,4998
15456487,pvesterbacka,False,86325,23802
91423506,hgranholm,False,507,687
2306318347,MissPowaska,False,65,113
18588419,LiamHoughton,False,4259,3234
334597708,AnAndyTomlinson,False,572,1058
1192697377,UkieKim,False,1197,1879
2537868546,RAmbroseEvans,False,654,355
14321767,FootballFanCast,False,70777,1466
148343494,ByJamesJones,True,3069,1596
6825792,ibogost,True,107233,5648
32966376,RamboAslak,False,1161,795
16310048,xiotex,True,11908,2319
24178732,MoMoLondon,False,9077,4401
19571104,JefeScott,False,10712,3885
220879570,RobsteinOne,False,1592,430
713993413,SkySportsPL,True,7027650,772
5260,joostschuur,False,1706,896
457639985,kdieterle,False,155,119
16903370,heijari,False,1785,1235
16423304,batalia,False,2210,564
2420931283,tutulab,False,274,63
182370042,necrosofty,True,15874,667
1230837734,BadMiiversePost,False,49917,1
245396597,CF_jobs_cambs,False,184,29
49713759,FootballMuseum,True,39467,3367
2483464704,mcrfwf,False,3641,675
2250156151,moWOWstudios,False,203,1019
18453099,teroterotero,False,9137,4402
389681149,itsmemdl,False,280,294
1573540892,AppCrimes,False,25,0
22974708,tumtumtum,False,1138,1063
335404251,StatsZone,False,103046,2
119020250,digitalspygames,True,13825,38
22912342,schillingc,True,9840,1956
19764998,jmcomms,False,2998,2137
5058231,duncangeere,False,7764,2059
10194392,reneritchie,True,136911,1089
1650208237,BusinessofApps,False,5492,32
115015929,Tim__Keenan,False,1202,1192
26214368,Pau1West,False,1541,781
24363108,Jogosity,False,643,300
2374031491,Kotaku_UK,True,25960,369
94323359,gamerlaw,False,4844,244
2380186378,DevRelCallum,True,19517,4411
250729979,Moonstormer,False,1435,1232
105308959,appitizeus,False,1211,1432
602755132,gameconfs,False,927,26
35761373,LutonTown,True,100695,569
1712713788,notagamepodcast,False,387,210
282142374,NiceTouchGames,False,235,477
19393128,FootballRamble,True,90904,1480
462007962,Revatar,False,1406,1599
59081551,scanters,False,1730,372
22199531,Chris_Dring,True,8276,1139
42085195,leemcewan,False,1498,1793
27855816,itsJuliaHardy,True,47217,1371
19041496,onelifeleft,False,2750,27
57572404,steishere,False,4241,363
23487429,bfod,True,102022,955
47644077,NinjaTheory,True,122729,1231
28709583,critdistance,False,7779,45
21742579,bethamari,False,2558,853
1553279137,ImRichTea,False,2862,935
925288154,CEtchingham77,False,1868,1017
14224219,brandonnn,True,69610,6205
19375115,Williams66,False,155,242
153729505,GameAnalytics,True,11170,1522
16032684,jcarterdotson,False,6523,3762
172443768,alistdaily,False,17563,651
7087112,CampaignTechUK,True,257422,21613
2151322327,ThePeakHQ,False,431,221
14687193,MediaPost,False,114337,916
15996830,nielsen,True,197845,1511
12480582,adage,True,995063,74549
15596402,SlashDataHQ,False,8616,3183
18833061,andreascon,False,5033,898
21217761,eMarketer,True,290342,2474
1524399546,AppAcademyNL,False,962,1766
20591940,exchangewire,False,13733,477
20640328,Digiday,True,186675,189
18248647,adexchanger,True,60534,980
788287705,evleaks,True,453294,1875
2294593100,TabDump,False,1192,0
182438807,CPriestman,False,10238,881
120841704,notquitereal,False,13281,696
13096002,mikeBithell,True,70925,3590
1866631,jewl,False,1925,2568
15589942,jenjeahaly,True,3589,555
21189431,James_Jarvis,True,4454,1055
1650140700,FullIndieUK,False,1155,383
5960932,therachelweber,True,5527,1251
3669121,gamezebo,False,19733,560
5603992,helvetica,True,72481,152
2278046648,ThreesGame,False,4082,4
16741826,AsherVo,True,13554,1748
21316949,Annie_Hendry_,False,2397,2343
15418343,aeiowu,False,8854,784
28089893,ashleygwinnell,False,1429,1066
2302890834,thegbjam,False,175,313
130457177,imgawards,False,3996,2632
15008936,engadgetmobile,False,108613,0
7402032,joebraidwood,False,2447,1910
55662128,wilhelm_taht,False,833,330
38419922,NatLG_Spark,False,2878,1651
526330122,PocketTactics,False,13055,355
41584370,jericawebber,True,8374,501
20376113,RuthBarnett,False,11315,6100
20587987,gamesbrief,False,6461,1812
43119166,billysonthewall,False,433,217
461922813,Ibra_official,True,7801893,9
86958365,GrahamRanson,False,894,377
15426188,jozimek,False,281,347
337330541,oliverheath2000,False,187,11
6958092,robfahey,False,3774,494
11833202,Econsultancy,True,220850,1207
6342272,Sorrell,False,1893,592
26937522,Superplex,False,3667,705
1900331258,PixelTrapStudio,False,193,194
39737288,KevinBeimers,False,542,325
95206745,andiradulescu,False,2802,5444
888773575,PanicBarn,False,1477,454
308047126,AlysiaJudge,True,14833,646
636928797,mihoba23,False,107,344
280726054,BaronVonMonster,False,1457,1231
35756077,DavidMcClelland,True,6079,2665
1901456695,MobileDevMemo,False,4880,3
47900816,ALGChapman,False,1351,584
613860927,GibbonWhispers,False,763,1588
499606930,adjustcom,True,6312,485
19071453,Lee_Bradley,False,1837,1354
140474229,elliegibson,True,17238,1735
1324463570,moseshoyt,False,111,215
2285227584,30CoffeeProject,False,28,92
19195728,ms__hella,False,2599,1267
294147025,timb_ow,False,2412,1493
7555262,holly,True,123480,64126
52402926,IreneMelo,False,659,873
82125107,BenFletch,False,3038,2052
32742396,Braze,True,16600,6061
2244340904,Recode,True,376307,645
28172926,WSJTech,True,322328,100
33274371,LucyPlummy,False,1503,2222
486661026,VikkiJessop,False,397,259
473097039,maijahovila,False,236,174
1337027004,sophieatthetab,False,23,3
1074792596,ekh_sci,False,1903,1008
296835658,AnisaCousin,False,492,719
313177227,EdwardSnowden,False,1224,259
858747138,fiveoutoftenmag,False,830,101
547091449,AskBettor,False,3005,284
21650344,AGBear,False,1613,739
45418375,SomeIndieGames,False,4079,1732
24048220,frankcifaldi,True,31601,997
26626815,chloeingram,False,3632,4488
2231610506,The4thSpot,False,4,50
18215717,krisgraft,True,10297,827
180124822,cmainsworth1,False,118,456
18944490,bupbin,True,11970,2893
76377195,LyraMcKee,False,6296,2755
229852761,_LauraGaynor,False,3606,1812
140867355,OneiricCanid,False,1628,4447
2226461935,XXCorpsLabs,False,50,83
19796863,AoifeLockhart,True,55308,421
192238252,EruditeWolf,False,470,519
17945475,StefanBielau,False,3689,916
167771431,eric_seufert,True,19424,1515
109330846,BackPagePress,False,9549,1094
36704075,geegeemidnight,False,2749,1356
420225543,DimosoAgency,False,5252,4410
22427026,Michael_French,False,7197,2177
69554595,mobilegroove,False,1079,1820
15086405,iMore,True,188757,102
55205663,EllaEWalker,True,2146,2209
347959437,FelicityMorse,True,34863,12644
2177795084,ThinktankCunt,False,530,640
18309653,lukelewis,True,28184,3022
41519517,IndieDB,True,73811,8
1864381,diemel,False,2007,777
1083980630,Indie_Haven,False,2119,443
374506642,bitSmithGames,False,2048,942
41666004,mikejjennings,True,4188,1867
20669032,yesdogman,False,10691,958
77599128,MobileMW,False,20467,141
93411196,Metal_Slag,False,1181,353
193740606,miadegraaf,True,3115,5853
97773094,WillardFoxton,True,8451,4024
15341629,D_Nye_Griffiths,True,3653,2878
51337330,mediargh,False,83537,4433
557570120,PLGND,False,353,0
717871956,MckKirk,True,12896,3564
15856654,bensillis,False,2550,2972
20588098,nicholaslovell,False,5750,379
470888771,lizzieweather,True,12959,916
21301903,SimonParkin,True,13521,1405
20997215,MGilbert,False,2786,3280
310960217,RealBobMortimer,True,1084876,213
1734990024,RadBoarding,False,159,191
26885024,azzauk,False,413,439
1601158394,AmandaAnast,False,259,147
47515463,RayWillmott,False,1669,2080
132283777,ModojoWebsite,False,2119,415
550312454,jeremywils0n,True,888,1766
19935502,mobileftp,False,6349,35
125971022,DigitalCXWorld,False,10537,4820
113671987,ronan_shields,True,9139,5192
14145966,LaurenFisher,False,4045,1382
167216267,milkslice,False,2288,3733
32357759,EGX,True,88208,383
26225954,rwomack,False,1161,2737
829951,Vausey,False,1722,1230
520440119,firstintheQ,False,1574,1719
19477583,susannareid100,True,841168,9517
137453225,tanya_weaver,False,2759,1392
1577774113,TransportTycoon,False,1065,338
17310646,superglaze,True,11084,5423
1648313581,IndieGamesCol,False,1152,904
275686563,verge,True,2888826,180
27892929,Thomas_Newton,False,1298,2465
578830636,highelms81,False,1061,3133
20315618,RaveofRavendale,True,29177,836
1236101,benedictevans,True,333494,969
14997690,Arndreth,False,3419,1097
57046942,gamescom,True,264261,1067
6337282,guycocker,True,8547,2677
17064600,tha_rami,True,191304,19948
18024930,chrisgiddings86,False,683,1037
1228516999,arnettwill,True,517403,1042
15391093,wonky_donky,False,4192,993
15056540,mark_samuels,True,8392,2003
153910657,drawing_daily,False,5416,2597
490292549,kerrblimey,True,1528,981
1428866462,RadiusFestival,False,1873,791
978741,Doctoe,False,7258,1638
277207672,Fiksu,True,7328,1639
48033082,axelphunter,False,135,412
28555697,xeroxeroxero,False,2867,280
55526602,stephanie23_xx,False,50,168
873868124,Costa_BizDev,False,366,127
270807938,BethCook89,False,37,276
21662638,ingridlunden,True,33344,2040
335241981,Rovio,True,99809,190
335298744,six_degs,False,79,96
544302271,CiaranSI,False,1218,1003
888186866,nxtgms,True,3938,96
3799821,sohear,True,27111,2152
479706480,neonplayoli,False,1034,169
75253,jamescoops,False,2019,4182
180551068,RodeoGames,False,2509,373
40148479,WhatsApp,True,4064656,0
389277003,DukeFlipside,False,116,523
17784011,PiratePeters,False,2745,571
10623142,KimDushinski,False,6043,3306
44864830,NellFrizzell,True,12232,1804
1345420452,Magpie_Dreams,False,663,706
132619519,realwashedout,True,41144,1
229868474,AinsleyCoops,False,323,670
22629462,Isha_Pit,False,334,295
20169485,MCV_DEVELOP,False,24370,1856
7228652,JonathanEx,False,1967,881
1588074138,ProducerGG,False,539,453
17589374,joannavos,False,1529,2284
5750832,aquito,False,3504,1289
15341415,katiesol,False,6254,1077
247561030,sxscott,False,34285,845
46146200,GIBiz,True,170149,1317
84067766,CazWestgate,False,755,656
17467660,simonecas,False,1778,2852
5746402,allthingsd,True,150649,100
1392252031,MobileHouseUK,False,232,381
1318383733,apppromotion,False,4605,1076
15619588,dgjbower,False,124,254
257116604,Chartboost,False,8992,213
92405424,Athanateus,False,6567,6630
20423403,millsustwo,False,11626,926
328311516,jampp,False,2674,2874
96744218,chrishanage,False,246,504
19881088,JudeCroz,False,353,1106
21489638,CharlieEdmunds,False,1870,3330
14771203,renate,False,4419,527
237089982,appromoter,False,824,1849
15376186,MegFitz,False,4495,298
154166590,agAitcheson,False,3602,2639
7721622,BetaLucca1,False,3604,1277
830958420,MarioWynands,False,969,482
199225265,RodeoBenjamin,False,2776,1060
14547107,peggyanne,True,25207,18007
95870246,gamesforum,False,7194,5388
1242343381,luciaktdavis,False,696,1633
16799897,leighalexander,False,135509,2857
468094034,thepareport,False,7195,28
11997592,kobunheat,True,33275,786
5413042,KyleOrl,True,14399,2357
14575846,BenKuchera,True,40802,2085
21390009,SiliconGB,False,7535,2547
412227503,KernelMag,True,12349,274
50274269,MobileEntBiz,False,8323,731
213718352,Ukie_Lex,False,466,0
314746089,MobileNations,False,9582,85
63086767,Kid_Desimo,False,5328,4760
184761922,nomorerobotshq,False,13584,30
934334078,IONIQGroup,False,1517,535
148699608,SpiltMilkStudio,False,9542,5512
174673086,uk_ie,True,24757,2315
14072241,crocstar,False,3507,3895
405388172,Sweet_Retweets,False,136,109
817268,harrymccracken,True,92384,5168
19179333,Batsphinx,False,4442,541
65356121,kezamacdonald,True,37404,1189
73147282,HuffPostTech,True,567794,544
17193027,IntoMobile,False,30247,60
43164252,indiegamescom,False,126111,236
117362500,lelecanfora,False,791,563
187621573,sophiecharara,False,4237,4221
955910545,TABInsight,False,1243,1258
54561945,Relentless_SW,False,3522,2340
15248323,keefstuart,True,21244,2346
40300483,GameDesignDan,False,8550,997
387948060,AppyNation,False,4009,2304
116400726,will_luton,False,4433,831
16874535,andylim,False,1665,96
1249836458,FootballJOE,True,412304,1361
1175602717,Nativex,False,23328,23806
364542158,HPShopping,True,15638,666
47828847,appspy,False,14370,228
571202103,Medium,True,2238701,387
10211472,gamemakerstk,False,101968,1076
77269622,ed_wilson87,False,1515,892
430176804,MoshiSleep,False,7009,1079
22854275,hanstacey,False,1383,1249
1161035245,ASOmaster,False,459,381
229625132,LoadingBar,False,12904,3266
155844378,Vlambeer,False,64341,2589
328713728,HotTubCinema,False,5126,655
836760126,Fireproof_Barry,False,3504,2951
36457353,terrycavanagh,True,61465,785
607384486,Fireproof_Games,True,16488,50
425049281,NikholHui,False,177,547
10351072,serkantoto,True,18223,627
14178057,s_pritchard,False,6322,1496
190242011,RachelRileyRR,True,691437,1509
18668407,thedailymash,True,147409,3707
99905991,appannie,True,159090,2023
20504649,distimo,False,5209,1285
1201051748,AccidentalP,False,399606,1
119349871,gdngames,True,8461,21
1859811,bjornjeffery,False,7783,1105
20752767,PercyBlakeney63,True,5909,6318
977383291,AvoidComments,False,24724,0
20280176,snoodle128,False,317,270
14283326,gamecity,False,6490,1509
1094922224,SimpsonsQOTD,False,606032,1
136356564,jacklang,True,34241,540
19230601,SkySports,True,6497095,524
905944896,hayleyjpearce,False,1023,826
551001237,PennyFayEvans,False,211,953
76974399,appaddictnet,False,7759,728
39360648,EnglandFootball,True,2187799,116
265902729,BBCSport,True,9696362,348
1054892244,Applift,True,4818,2172
1024058839,bowtifulties,False,152,139
14372486,engadget,True,2402889,265
20690398,ManMadeMoon,True,367702,1267
18131719,bestappever,False,1863,836
19206789,PortableGamer,False,4052,3651
131124979,qualityindex,False,1236,1594
717313,arstechnica,True,1149983,1336
2890961,Gizmodo,True,2821251,149
2893971,gigaom,True,293339,1319
520685109,TapstreamApp,False,5265,3878
718673,InsideNetwork,False,29630,569
968010265,robsnodgrass7,True,121856,658
143852743,apsalarinc,False,1712,1342
565717435,AppClover,False,1336,1763
23411414,FlurryMobile,False,18285,4384
83372185,mobyaffiliates,False,2365,253
111323990,KermodeMovie,True,590352,1374
136312464,Jimmy_Burns,False,4589,4234
139362186,iblametom,True,25905,4910
63598305,iTouchAppReview,False,8830,111
53660409,TheMediaTweets,False,66890,873
227655564,IanMorris78,True,5671,543
480608549,INDUSTRIALIVE,False,509,339
20513161,gethill,True,3545,1695
16186995,Kickstarter,True,1001007,1203
192648672,jackrivlin,False,2588,618
14849130,LauraKalbag,False,21279,3590
19663706,sweden,True,132535,5923
175814719,lindsaycleland,False,720,1666
18029775,JoshHalliday,True,55577,8900
40677039,DIMBLEBOT,False,15977,1352
36155110,DanielCake,False,3209,1908
15857207,pgbiz,True,92937,392
75062648,sportingintel,True,123769,966
936679206,SoccernomicsLtd,False,3531,32
15600475,148Apps,False,48158,9890
113034662,SwiftKey,True,193443,123525
15395727,AppAdvice,True,86173,45
23094396,thetwilightsad,True,31258,602
796101594,HollyStory52,False,184,463
180505807,instagram,True,34139696,251
35020203,xxSteffffyxx,False,163,719
430571886,gg_hart,False,512,1036
20326811,tweeting_keith,True,6788,2834
5459482,Pocketlint,True,29354,194
71564200,xlcomms,False,902,1552
10064382,MartinSFP,True,25321,2914
51039386,futureplc,True,18518,581
17685009,mattwarman,True,19787,14763
16958761,tom_farmery,True,3054,1770
46419635,spadgy_OTA,False,6948,2022
5959342,charlesarthur,True,74144,1397
7481082,hodapp,False,13349,1098
12594262,blakespot,False,7133,501
14941389,toucharcade,False,117177,17
683113,sarahintampa,True,63066,12617
14885549,ForbesTech,True,2757455,14619
19605967,hsbarnes,False,536,347
10876852,thenextweb,True,1672077,325
20536157,Google,True,24122375,295
14600552,malarkeyking,False,1175,623
33044248,TonyTwit2,False,512,622
100637453,uktechnews,False,7140,833
279144084,TechNation,True,98362,8349
304679484,HamillHimself,True,4817570,882
232520849,Pundamentalism,True,107585,1014
17814938,Storify,True,230521,76
26093277,PlantsvsZombies,True,341391,212
65045121,OwenJones84,True,1016593,5982
33249457,markgfh,False,17270,2473
16288901,brokenbottleboy,True,33726,15925
17780538,iphonetiny,False,907,0
12908462,katerussell,True,52677,1357
466990567,CamGameCreators,False,462,1752
19587544,MrPaulRobinson,False,11740,565
216002344,CamMobAppGroup,False,313,483
140955302,DAaronovitch,False,157512,2380
22759980,JJMcCann,True,2830,496
342653605,KatieH_123,False,41,80
374968500,ClaireGatzen,False,747,685
602045645,FionaJLennox,False,111,482
13666,mikebutcher,True,148216,15278
18906361,chtiteanne,False,527,4055
52247264,OTGGamer,False,9237,2490
22010723,jessbutcher,False,7084,2096
25710097,david_rosenberg,False,2506,1628
205910433,blippar,True,25925,141
329753777,EarlsJohn,False,2513,1366
15389818,ThatNikTaylor,False,1523,396
2649551,NateLanxon,True,17185,93
20603883,whosampled,True,28783,1506
417419122,KuperSimon,True,77300,289
20776885,ChrisMeasures,False,812,742
24033618,christian_hall,False,643,525
37889646,milesSI,True,116644,2557
138529583,nickholzherr,True,20053,184
154080848,adriennegauldie,False,277,378
18265032,newstargames,True,8799,535
293508900,bantr,False,2534,628
9855242,jonfildes,False,5529,1734
19512831,TouchGen,False,7665,72
360218824,w7brown,False,390,75
277173619,nicollhunt,False,4057,1226
21768762,TouchMyApps,False,9893,279
20836813,gbarl,False,991,904
208547019,firsttouchgames,True,841382,213
294529571,phoebeluckhurst,False,7466,4043
41619873,BrendanSinclair,False,4358,360
16439471,TheWeek,True,131514,1491
193057217,tiki_taka_co,False,13536,1388
14981881,DanSung,False,3148,2100
19339984,andyvan,False,2164,617
8761432,TCEurope,False,62623,56
17076715,christhall,True,5432,974
63558689,RikHenderson,True,4614,1284
621583,BBCTech,True,878968,65
468183714,sjnoakes,False,131,212
76133,tim,True,98943,9783
411254797,AppStori,False,336,247
23743583,StarCambs,False,9597,2678
126908741,davidsmithuk,False,2871,4409
1060121,KatHannaford,False,6699,852
22756947,womenintech,False,177705,21867
375022391,wigj,True,19875,15174
21055121,austinlchurch,False,1987,355
208534171,Varsity_Hotel,False,3785,80
485907884,LittleAppReview,False,5202,564
19538470,superbeav,True,5602,856
5658692,MacLife,False,152516,200
21229218,pdouglas,True,3490,711
15560223,techradar,True,362967,548
225374524,gamesbritannia,False,2574,757
18761076,PocketGamer,True,227547,655
23964755,T3dotcom,True,79718,38880
183272520,AppsPlayground,False,7928,655
130809390,CJBS_EC,False,13334,3764
22363802,WiredUK,True,284445,20
20481087,stuartmiles,True,9816,1028
8048872,PatrickGoss,True,5327,1115
17652777,techjpr,False,7288,3784
18355562,Rungsberry,True,3789,1570
8170292,BBCr4today,True,677329,13244
87818409,guardian,True,10047622,1062
47667972,gamedevdotcom,False,494983,20
26784830,MacFormat,False,14988,547
68137073,tim_minshall,False,3361,2655
507987512,marblar,False,1126,181
216693501,cambridgeindies,False,398,2
18816063,KitHolden,False,2140,1593
111822567,pitchandmix,False,1164,1017
23487693,CraigGrannell,True,7031,1039
205267054,creatingcam,False,1320,365
18627754,thomasommer,False,851,1316
269764564,AndyWatts89,False,97,180
145670588,DavidBraben,False,29394,299
13617652,dangrabham,True,11638,3013
19871716,chesh,True,14720,2630
38430500,developonline,False,67281,3054
36920055,cambridgedesign,False,1737,973
66998204,innovateuk,True,130026,31667
14190676,maxgaet,False,4915,4304
18959348,MarkLittlewood,False,4005,584
333980240,PHABusiness,False,1164,1960
267382859,xxlauraann,False,579,1263
404090641,AdamBrewster1,False,301,197
31724218,JennaCorderoy,False,2903,1890
1344951,WIRED,True,10256183,435
7400702,BBCClick,True,2090320,218
7905122,guardiantech,True,2450024,21476
399750286,PaladorBenjamin,False,19632,2222
142815582,joshi,True,6192,2563
201236443,camfm972,False,3025,1987
11882242,sunildvr,False,2323,4638
61479397,springboard_acc,False,3490,148
774096,LuriaPetrucci,True,184187,484
18186060,montymunford,True,11707,2563
48853,elleeseymour,False,1670,1263
226113426,simonbayly,False,3881,2537
9935322,johnbaichtal,False,2239,471
15165643,cerebus19,False,3279,3042
6703212,KenDenmead,False,6790,713
50597271,WSC_magazine,True,45176,868
160963011,StJohnsCentre,False,5050,3771
20211972,JessInBlue,False,5842,2933
48711433,scalingit,False,2756,654
14128641,scoutu,False,24713,3799
14431752,tradegovuk,True,141742,3702
39096276,hermannhauser,False,3895,101
21648130,CUTEC,False,3556,1446
139766830,Net2Camb,False,396,177
185597441,Metail,False,1666,1017
19563366,JoshConstine,True,91610,2905
7982802,eldon,True,20096,1330
816653,TechCrunch,True,10169231,971
325092901,OlogicalOnline,False,9548,11
14176607,shanerichmond,False,11053,370
14662269,hotwireglobal,False,5395,1128
101594600,Alex_Neale,False,773,800
20229037,touchnote,True,7104,552
18003829,odedran,False,972,509
18219036,charlottemc,True,8671,3952
40865997,lukewestaway,True,80454,1725
19644608,lukepeters,False,1921,916
124468932,Screenjabber,False,703,155
28318317,kristanreed,False,1796,1532
63722579,joethephish,False,2938,1037
26760014,NicFildes,True,11967,4230
1774511,stuartdredge,True,22458,1408
74300657,T3AU,False,2346,88
15392494,chrisphin,False,4377,459
172290489,tapmaguk,False,3872,85
44236420,appguide,False,8871,310
30463112,appSIZED,False,1170,490
137703483,oliviasolon,True,50705,3910
83814679,PrivateEyeNews,False,522170,0
23474506,viewranger,True,8234,1085
111019811,pembroke1347,False,7215,650
47911999,cambridgepr,False,1006,1701
5715682,julianhuppert,True,22152,190
203057741,v_oktiabre,False,188,192
44632312,NumitasLtd,False,1471,1780
388752038,clry2,False,12635,2641
250089813,ARUTheBigPitch,False,481,564
55390356,magicsolver,False,5175,1849
1180631,stewmct,False,725,300
74559015,camtechnet,False,807,958
25990809,ItsJenRemonte,False,557,855
240187944,Richard_Wishart,False,3246,2610
91135863,cambwireless,True,8205,2811
105425987,ideaSpace,False,2231,268
118816141,honigstein,True,534769,1514
33474655,Cambridge_Uni,True,644200,1624
21325066,XanderArmstrong,True,433390,304
972651,mashable,True,9461211,2730
24153071,PwC_UK,True,100975,371
135448561,cambphenomenon,False,2214,747
224258476,creativefront,False,1420,408
37663506,Terry_N,False,440,379
109307429,CamJelly,False,980,368
23053534,Cambridge_Fest,False,13773,1072
191068269,MSFTResearchCam,False,12047,611
50819145,NokiaResearch,False,2395,3
50618688,RealVNC,False,2307,432
302666251,Raspberry_Pi,True,492165,1115
414801300,Young_Ents,False,2434,2427
342772055,Laura_Louise_B,False,475,960
464211199,ideatransform,False,392,733
296799470,DigiPing,False,24,29
143381041,TeachingSTEM,False,108760,4874
493043308,TOG_IT,False,72,153
31263739,Arm,True,72685,1719
87036741,Zonal_Marking,True,270810,1324
242333359,CambNetwork,False,17106,4624
172933437,waynecoyne,True,131236,768
19704546,Lautarinho,False,518,454
93015504,Cabume,False,1442,406
128614814,DickinsonTimes,True,218862,1533
142930051,robertpmsmith,False,329,1749
16894464,jtearle,False,194,397
163549034,matt_hollins,False,123,367
22131291,parns,False,2379,747
265163857,pierrenovellie,False,8519,1039
126689664,lukesharples,False,175,78
92074571,andrewmussett,False,211,211
254764307,Chungltfc,False,278,739
127262658,fozzzdogg,False,141,287
295228532,rodge999,False,124,739
19337421,rach_coops,False,272,442
305655595,Dawzy05,False,173,219
23814957,sambham_x,False,854,1028
31083978,EFL,True,536871,447
173072831,PhilipFshr,False,454,606
7589572,bbc5live,True,679793,17817
43984593,JacobSteinberg,True,83519,2096
31173665,richardosman,True,1093114,1543
110411821,SabotageTimes,False,26313,2464
394986531,PhilippeAuclair,False,154101,1855
108957853,sidlowe,True,483893,1871
15178186,guardianmusic,True,398127,409
168447892,KatyaHerman,False,2151,1472
26759984,GuillemBalague,True,1058076,2612
227530730,kenchengcomedy,True,23616,3984
49788537,tabcambridge,False,6660,3105
274718012,JessOnBoat,False,4604,1565
130093626,lottieunwin,False,232,231
257030212,mdabner1,False,180,409
47298759,SophKane,False,153,338
17020962,jimmycarr,True,6686796,392
19394186,charltonbrooker,True,1271192,552
110509537,thomyorke,True,1099200,332
22469208,Charlotte_22,False,175,310
229108038,blzzrd,True,55554,1234
56699256,FootballManager,True,396705,785
19881349,Whik90,False,76,306
15332636,talkSPORT,True,1666917,1915
17896311,bbc606,True,100821,606
23075315,TEAMtalk,False,84195,7366
14867598,DougStanhope,True,356057,517
80828791,ModernToss,True,58550,540
43876479,vizcomic,True,301621,1757
45025729,Swannyg66,True,926559,1200
151427075,paddybarclay,False,124831,271
107136246,NickyBandini,False,101242,1291
39092197,SIgames,False,71417,129
19530624,mrchrisaddison,True,376786,1678
26727655,Aiannucci,True,668214,1031
108382988,radiohead,True,1912222,10
206105134,jamesblake,True,341064,62
115512512,boniver,True,748502,202
34342176,parrygripp,True,10943,971
44606764,OptaJoe,True,1286169,25
285332860,WayneRooney,True,17169082,510
788524,guardiannews,True,3635211,1229
7587032,SkyNews,True,7400550,23
179707847,jonawils,False,147721,673
14089195,pitchfork,True,3250539,3867
18057465,theflaminglips,True,929327,652
5402612,BBCBreaking,True,48579826,3
612473,BBCNews,True,12959409,93
