281973742,AlixWiltonRegan,True,14930,1539
17939037,ProfBrianCox,True,3037447,923
1392294244128153606,HumanoidStudios,False,699,0
1422295316749946903,ABetterUbisoft,False,7202,19
31388700,kulpreetvirdi,False,13856,1560
1311673151915528193,_ACSisterhood_,False,2429,44
524559905,GilesPink,True,3024,1262
6318552,GriddleOctopus,True,5496,3001
3579621921,CarlBovisNature,True,109052,98253
731074925159714816,MothersWhoMake,False,2480,3484
43990872,KingsHeadThtr,True,34807,6417
831915913721106433,filmforums,False,12395,10998
1535203292,TheClaudiaBlack,True,53558,861
7605492,AntonyJohnston,True,8614,192
200005259,carbonblkpre99,False,1156,720
20515013,Pinkwood,False,2501,4996
38426861,HaroldPerrineau,True,46269,777
276075902,AJBCasting,False,4295,962
16409683,britneyspears,True,55743885,365722
78706973,jvplive,True,154750,2055
535017748,ashsroka,False,1158,25
1715051,SethGreen,True,1454615,906
2980361908,kitrwood,False,33,108
3304523943,Labour4PR,False,14865,8591
926875995453509632,UnitedBorders,False,3786,811
158773106,powerhouseanim,True,43591,2366
94405825,garybeadle,False,3684,644
61238803,Annanoswad,False,8327,3062
42102455,Lucy_Osborne,False,5722,2128
1064130530,thedalstonyears,True,39335,6446
19394186,charltonbrooker,True,1271186,552
838941253,munyachawawa,True,186061,371
16513349,jessicaelgot,True,77779,2944
303814178,talflyaizik,True,133491,424
57490139,SatbirLSingh,False,8310,2474
264967153,DM_LA,False,1238,1227
18444530,VoiceOfOBrien,True,456152,408
1235301391104716800,BadMedicalTakes,False,134539,58
469445706,franbrad1,False,3344,508
217806990,Iceman_Hof,True,182484,307
310202404,bizhan_tong,False,170,300
1345999541477130241,CartoonBarroom,False,137,66
22011245,helenraw,False,7656,4829
27454137,lottietots,False,318,592
884649543777886209,georgiaEtennant,True,119127,112
14663645,ciarale01,False,10402,11441
28314035,alexberesfordTV,True,247729,1586
243878865,SholaMos1,True,141243,2378
316788501,bluedgal,False,5178,5600
22841103,insomniacgames,True,1106975,26253
10215212,NHSuk,True,586803,5305
580175227,NHAparty,False,72979,45762
2781129053,BeatriceMRay,False,1815,1001
1359910572083576834,ltd_nina,False,16498,12
41817327,tsblinds,False,4020,1397
1230937517140000768,meredithlayne2,False,95,20
266256713,stevenmelching,False,2672,671
368240745,DeborahMeaden,True,489453,2017
3027585848,letsfindlisa,False,7704,4897
2214202604,EquityWomen,False,3236,335
814459796925612032,BaracoaPictures,False,335,358
16573941,netflix,True,14239097,1975
999720386014019584,NetflixGeeked,True,492432,903
795901015266467840,StudioMir2010,True,8247,63
16154755,ansonmount,True,129829,783
473075367,KariWahlgren,True,65580,12422
344183143,TonyTodd54,True,71604,18329
191733878,larapulver,False,87011,375
176507184,DOTA2,True,1059660,6
390411865,ashmasterzero,False,5507,876
1318598437,lsantanaactress,False,634,945
3291261712,SafiyyaIngar,False,1181,2229
593878159,Parillonactress,False,664,1170
117873637,millihill,True,24879,3265
486847774,SamWLDay,False,1909,1160
37247567,EliasToufexis,True,31019,6401
15643370,taraplatt,True,47104,552
1349038465875263489,SerGoldman,False,12097,109
112151500,orensoffer,False,784,1056
19551069,rickedwards1,True,240844,4784
574757247,callumshowells,True,51124,561
1242948664110321664,russelldavies63,False,73070,1
2343618072,PrisonRadioUK,True,5889,5889
613056918,BrizzyVoices,True,112167,1549
1075356324072972288,EveryDoctorUK,True,111755,2134
19397785,Oprah,True,43185723,325
2569743630,TheAmandaGorman,True,1582707,654
1023072078,SoVeryBritish,True,3921488,1
14982315,JamesGunn,True,1038381,1206
1329366823,cleverrgirrl,False,5305,5039
995399770322690053,tablemag,False,53,27
21392462,bushtheatre,True,86305,3711
122928781,AzmiShabana,True,3335608,352
1349175483989188608,SecondGentleman,True,1654004,6
2342309900,philippebowgen,False,929,731
96404383,Giullian_G,True,2969,243
821784477076750338,DrBiden,True,4101212,22
1147942708272672773,stopfundingheat,False,3413,1402
1009577803304656896,itsJeffTiedrich,False,775647,115
23160845,PantiBliss,True,81514,1289
2461810448,TeamPelosi,True,826093,8245
49698134,JoyAnnReid,True,2082985,7175
44988185,NAACP,True,657790,30429
468718296,JoshBerryComedy,False,108397,303
1055907624,joekennedy,True,789529,732
2582596082,mancunianmedic,False,54387,23129
1315053256343719936,JujuliaGrace,True,186101,3775
618441410,Abby_Sethu,False,882,573
31202204,amyrainejackson,False,7623,886
3162521825,AndrewMarr9,True,204415,281
17442320,jonworth,True,73376,17365
1247165169794297860,VoiceOver_Tribe,False,176,327
16254381,Luvvie,True,248149,1531
45715838,peterjukes,True,107960,5446
897505907914846209,anitasarkeesian,True,55904,541
1091085194701008896,CP2077Community,False,105712,98
1332333415526494210,villiers_justin,False,204,354
24630350,matthewmercer,True,788084,1971
376438505,ChristianDailey,True,18734,116
1303873858936737793,BasedByAccident,False,480322,315
100040317,indyv9,True,13730,3892
994256942,EnvysGreen,False,22,290
1376164548,SpittingImg,False,58,176
16316895,UFWupdates,True,126404,5047
44099213,Marcin360,True,43511,740
1322678960,TheGoodLiars,True,216902,206
24586907,PaulRogerAmos,True,29429,4269
2446044841,MikeAntonakos,False,6358,885
271546808,carolinaravassa,True,69520,994
1012326442007433216,Magnus__Bruun,False,15012,258
18937070,piotr_michael,False,2881,493
512603747,Jenna_Coleman_,True,317121,275
1328460760180281344,AChanceforKiran,False,86,1
315493672,SamWitwer,True,177240,1112
3873936134,TwitterGaming,True,1077652,1338
225014581,kaceyainsworth,True,19463,6173
72348450,ConventionsEtc,False,5787,3390
1130070541,BoutrousTed,True,64790,2397
1268242164259131392,noraunkel,False,160,74
986254277545951232,Moolikeamonkey,False,399,215
344634795,Simon_Craven,False,1731,2989
2380871126,HadleySheley,False,17751,16322
42883885,rclark98,True,113881,914
2759986184,SavageRoni,False,2628,1661
2241460852,scopelandboxer,True,7148,5878
24724952,natlburns,False,2103,2089
80802900,CarolineLucas,True,526373,6551
1323730225067339784,WhiteHouse,True,6199487,5
216065430,staceyabrams,True,2685696,1857
188196198,RaphLife,True,13894,1838
14642495,sarahcpr,True,2329075,4457
253712142,jordanklepper,True,354615,1135
166985114,paddingtonbear,True,223532,106
19364873,jonoread,True,48980,3208
2285450113,Reflector,True,4223,707
24209167,JoshShapiroPA,True,148927,3373
205328510,victoriaenlared,False,359,745
4185877812,SachaBaronCohen,True,787389,13
1308908961538535424,BoratSagdiyev,True,371146,33
76656386,Audiomotion,False,2146,1032
724448156,LiquidVioletUK,False,939,312
337131276,CabLivingstone,False,4686,795
301937876,DamienGoodwin,False,545,542
236048339,mrtrevorwhite,True,1944,765
472276000,ZawAndy,False,17599,613
1286340123215503363,open_hire,False,2470,2462
816867692296572928,OozaruMatrix,False,8538,3783
19025024,TheWomensOrg,False,51792,8885
15672800,HannahPrice,False,4266,3385
2978434911,MegMgumi,False,1421,965
1066505848791474176,FamilyKabs,False,109594,38
24889586,AnandWrites,True,717615,10369
1028106049994276865,ProudBoysUS,False,50621,44
3024392340,KillerCritics,False,18884,7408
524061593,tanginafreeling,False,725,1807
21694333,FreddyInSpace,True,51345,3225
1053768884732547072,Fridays4future,True,129419,1233
20558907,jaimemilner,False,4743,684
36711022,DanRather,True,2294271,987
1006611696574713856,PaweSasko,False,40641,63
906154789209350144,Lilayaah,False,11734,1081
10810102,JohnCleese,True,5697624,253
54730258,MargaretAtwood,True,2012769,1510
1204426234589073409,anightmarewakes,False,86,59
222748037,AngelaRayner,True,345842,4527
48370736,GabeGraziani,False,25074,5114
250831586,TheRock,True,15598349,324
20010173,Palomafaith,True,553922,1057
19346626,hollyjunesmith,False,2988,898
69963788,deezprk,False,16220,762
20392335,SpecialEffect,True,55662,5813
949162495398129665,qweertygamers,False,1848,270
32127095,grace_africaa,False,10514,412
83440337,globalhlthtwit,False,85830,931
22732597,phirschmann,False,180,1018
57046942,gamescom,True,264261,1067
1027572891402072064,ThePopcornGroup,False,536,129
59130827,frontierdev,True,76108,27
189211212,11bitstudios,True,32274,1142
718070716348936192,SalixGames,False,2374,355
18429711,remedygames,True,121087,181
1166244687709163525,SCMachado_UK,False,1566,3538
1288769900081709061,InsightM_P,False,1091,157
35413856,StephenSeanFord,True,119300,6473
301982599,rhipratchett,False,77846,1073
813158712,WendySiegelman,False,62277,3943
227545557,BrooseMiller,True,8101,814
1171755060,CDPROJEKTRED,True,1085213,52
242910827,michalpg,True,9200,584
2979985557,DixitNorma,False,147,183
428353418,Peyvandofpersia,False,2316,1745
383119405,Dani_Moseley,False,1430,645
3027229401,nicole_sawyerr,False,405,831
808446686422974466,AttenboroughSir,False,61274,47
381406661,SepsisUK,True,53980,16147
973502953112915973,nadinebh_,False,25612,2231
968758391169527808,nerdsvote,False,2783,108
1022531238,kevinriach,False,813,801
59959530,AldisHodge,True,112418,585
18680381,BagelofDeath,True,5652,407
978943514024198144,Jill_on_Wheels,False,5186,1784
130496027,jonfavs,True,1495260,1586
16127088,splashdamage,False,31671,204
3352322189,YasminNoEplz,False,4590,658
935013558,PaapaEssiedu,False,15301,1327
1215382042772307968,ASP,True,81889,284
19562228,rustyrockets,True,11015291,616
1144503454427226113,uk_aspen,False,1369,954
900963859413860353,helschles,False,301,297
257172614,BadassMomWriter,True,15562,1876
114505454,DawnButlerBrent,True,236617,6565
222307528,LillyDriscoll,False,3036,2016
205782791,AnnaJKlassen,True,26738,496
1280904142396022787,FFearis,False,5617,256
408879713,SoundCuts,False,3193,3283
183652160,SamanthaBeart,False,1774,1481
89986820,_GilesArmstrong,False,1956,1098
71093106,MichaelaCoel,True,272524,20
2354184672,mrjasonowilson,False,76511,362
1264890456070139904,claudiamconwayy,False,526340,51
471677441,gtconway3d,False,1830689,1514
355620160,Lorie_O,False,2567,592
16906352,W_Chloe,True,34395,2279
71099570,thechicks,True,626195,129
26326756,spicer,True,167710,1542
15206103,peterwalker99,True,46255,863
753996179298541568,ukblm,True,91981,512
275169171,francesbarber13,True,51173,4217
182236262,ProZD,True,752535,731
16024323,GailSimone,False,187276,17235
20690398,ManMadeMoon,True,367705,1267
267809609,yursar,True,84885,1072
448476934,ProBirdRights,False,413667,136
2260748054,JessyQuil,False,7708,1002
171617646,DennyVonDoom,False,6069,3060
126819958,jasonschreier,True,316656,1904
342891180,Shannon_Liao,True,10890,1618
63086767,Kid_Desimo,False,5328,4759
803252508592324608,NoeticVice,False,1971,935
13096002,mikeBithell,True,70926,3590
2279883714,WearYourVoice,False,33089,318
20736218,traceyecorder,False,23844,2879
376243560,NelStamp,True,30814,3034
890210810252976128,JHCasting,False,20464,146
915604712367509510,vegannutrition1,False,21236,5860
960969910913585153,Veganella_,False,37799,21871
21754399,TheVeganSociety,True,250559,7217
734492654755577858,MarcusRashford,True,5280925,89
22581339,ginayashere,True,36899,802
21282561,RupertMyers,True,34712,4344
321595036,Sheridancasting,False,23908,885
14291684,UKLabour,True,909548,11449
250435101,benjaminokeefe,True,21046,2044
1093741367162036224,kimlatricejones,True,98847,367
1722644383,pdxlawgrrrl,False,32998,3403
2772863623,L_C_Martin,False,36,107
886018646040092672,SarahndipityCos,False,2911,940
846063377470423041,mireillecharper,False,10147,3078
17843373,akalamusic,True,323984,7492
474154291,DrIbram,True,413666,1433
18730967,renireni,True,152168,964
1021763998600122374,nowhitesaviors,False,53840,1199
866426699193491459,EffinBirds,False,289176,943
938203229963374592,MNFreedomFund,True,40110,372
279390084,YourAnonNews,False,6585150,807
14090948,AntonioFrench,True,124845,2413
939091,JoeBiden,True,31862870,48
12,jack,True,5986602,4481
588532966,SolaceWomensAid,True,13664,7031
274479870,faizashaheen,True,82617,4356
24742040,Xbox,True,17129332,16255
42723893,erin_yvette,False,4660,46
2801997519,IKEAUKSupport,True,40033,9
3705536052,TheSugarVenom,False,4686,1828
1258346122940219392,We_BurnBright,False,2200,1018
619050616,AyoCaesar,True,350694,2299
54699383,WAPtheatre,False,14622,4331
256434823,BruisedSky,False,2225,2326
182108973,Caroline_Bloom,False,749,1162
781096099,OFalafel,True,65236,978
19546081,themayhew,True,38589,2383
1180608218059411456,revwendy3,False,8583,3903
754779907297804288,centreWJ,False,23445,1015
2828396730,phoeb0,True,12102,1749
1647573157,JavierBlas,True,138514,1365
23066715,louisekiely,False,14982,1964
3053649283,dobbsCLD,False,908,682
845129568331612161,TheNapMinistry,False,84517,1219
222445092,cnlester,True,12972,2515
24480018,maxfolkmax,False,1770,878
29262984,DrHannahBB,False,23372,11283
63247343,AskPayPal,True,329439,38744
43553599,lawrencerussell,False,2812,1183
501825960,IrvineWelsh,True,360565,1021
31386479,HabitatUK,True,38803,131
1625461057,Joseph_Cullen90,False,1292,1933
23189432,joetracini,True,251147,4641
596572961,tablopublishing,True,28799,19390
1242900502817525760,drunk_plays,False,684,52
1202562256615149568,SilverRainGames,False,2715,26
76616483,lilmissphillips,False,2517,97
141151846,Trotters,False,2683,648
218449929,vickipepperdine,False,12366,990
354877475,Dramanic,False,2948,2932
1061442397,BritishActorNet,False,5038,1990
48280657,TracyBrabin,True,66827,6077
1190669077691412486,robkellycast,False,8167,96
56076434,fayetimby,False,20449,1097
26427129,bazmcstay,False,2557,2268
4850908565,ERA50_50,False,8049,4298
1447527278,MaryEMcGlynn,True,91744,1813
123438230,Hywel_Morgan,False,1719,2964
7714102,wildwinter,False,2454,1181
1288346749,ThomasGrip,False,4662,87
46604441,frictionalgames,False,39981,72
2343434623,PalimpsestTweet,False,1263,1228
539506506,Santandave1,True,747554,1216
15222083,Naughty_Dog,True,3381521,1908
77007853,thatgamecompany,True,146980,660
240349022,MrJonnyBenjamin,True,43295,9776
1498757215,IAmCicelyTyson,True,61262,1090
1356502495,JsLockload,False,2097,1013
410811457,IanWright0,True,2040742,2129
701721092013088768,WolcenGame,True,35402,33
26548315,soledadobrien,True,1349771,433881
86101978,hansmollman,True,79213,2989
386990155,LloydJamie,True,18747,968
570302514,SLINKYFISHY,False,2033,953
3311036150,HMAesq,True,23445,1371
415558682,LauraDrakeC,False,3108,3014
1176916740,Asa_Haynes,False,712,495
2228165695,AntonManganaro,False,675,374
15076989,SJPTelly,False,1351,1268
25810663,GemmaLeeWrites,False,1319,774
19420352,eggfrieddog,False,801,768
977616852519137281,NSIPstudio,False,10160,924
1122079547686625280,CITheatre,False,1713,3277
70979419,newdiorama,True,39535,2211
3816567737,WhoresofYore,True,523274,7942
151972518,OliviaLaydon,False,4347,1000
119972954,ReignOfApril,True,191425,3170
88101055,battymamzelle,True,15019,550
2961551116,ottobathurst,False,2691,261
179465724,JamieRossChilds,False,1712,281
26458550,OliverKassman,False,1925,590
16286419,MForstater,False,53303,8232
850914342174248960,ChangingFaceIFF,False,1223,1214
858453667,AgentDaeche,False,3445,1736
1416622795,DavidKHarbour,True,1042581,785
860096803978571780,scrowecasting,False,14442,358
731922931333369856,SoniaAdesara,False,18618,3775
223845387,EmilyBronwen,False,2276,1992
325637185,mrjamesnunn,True,4479,983
200883634,jessicajcasting,False,8897,609
840502412842541056,PoliticsJOE_UK,True,147887,845
630850107,GreyDeLisle,True,110034,9155
929399289436147713,RacismDog,False,652375,287
2209778173,TheTattooedProf,False,77828,12853
3163482711,butwhatifitsall,False,20532,1901
49460512,bendepear,True,38305,3893
610001077,Tell_StreetLink,True,23557,572
80862758,FullFact,True,193354,1605
49597428,Josh_Merritt1,False,3292,1574
53459595,HollieB,True,99108,1327
865176994358734849,lauramaiton,False,646,1845
553493120,Riley_Jones_88,True,8383,4104
1163171744502489088,COVENtheshow,False,339,262
969653077442809856,fanmio,False,1905,20
3916461,tylerwillis,False,8817,5742
14292370,jessicashortall,True,14783,5185
35720019,paul__johnson,True,42798,1712
294430454,CaseyDHudson,True,77990,508
746908296,RoseUnwin,False,14572,5909
764486167677038592,BlkGmrsRev,False,3172,399
893925480159731714,BrwnGrlGamrCode,False,5043,1535
742074673756798976,blackgirlgamers,True,53253,2059
787149253302812672,chrisinsilico,True,169275,2595
224568664,Steven_Swinford,True,65718,804
405769757,alexwickham,True,108510,2686
717122472114528256,TheProgAlliance,False,19712,9739
1073606435580325889,ByDonkeys,True,482282,0
2251625161,thetowerofstars,False,2450,454
1564067226,AndreaToyias,False,9083,191
19311189,yasminboland,False,5795,1244
214622133,iSmashFizzle,True,235560,1906
2547894054,LoudClearVoices,False,1509,1668
864030687120281602,JMPSimor,True,134820,4929
19902709,BethRigby,True,347324,2152
14567976,dirktherabbit,False,14438,6683
1122858502874124288,XRebellionUK,False,79109,1599
58440245,ruthjbrown,True,23398,2310
967027984426242053,fred_guttenberg,True,421073,2883
2729784259,FredTJoseph,True,118231,2535
1072187272815149057,FridayForFuture,True,215652,1010
310746442,Otto_English,True,89338,1750
2199786713,Mermaids_Gender,True,84914,3756
20761592,TimBradbeer,False,585,1141
375022391,wigj,True,19875,15174
241230333,cruisingatopia,False,22588,7673
14933304,joswinson,True,154830,3232
14569869,Channel4News,True,2466466,4452
87117483,_sashawilson,False,1416,1394
280967190,mrperou,False,7611,253
19284721,DevinJohnDoyle,False,1008,1031
300599613,GambleMike,True,79028,289
1865540413,TanDhesi,True,91995,7924
1166706999259779072,stopthecoup_UK,True,3938,596
187965811,Simon_Nixon,True,40308,1348
582953166,Amelia_Womack,True,53830,46527
78391017,CalRhys,False,1158,152
31951039,unormal,False,10447,5423
128216887,jonsnowC4,True,1442658,631
131926473,RoryStewartUK,True,301192,999
1019319160013250560,MrKennethClarke,False,114305,148
1134059457191776257,vanessa_vash,True,231890,1771
36924726,labourlewis,True,113623,7214
56768257,femfreq,True,676318,1644
28786588,maybeitwasutah,False,1697,781
237915410,iamkateherron,True,70510,4278
1036779185660993536,blkwomenradical,False,62001,2756
145367514,archiert1,True,29833,1353
152601415,Okwonga,True,97730,2871
846460762579226624,HSV_English,True,23646,183
4323237983,JKoukourakis,False,273,203
1122778620525780992,GhostRecon_UK,True,16646,49
821102114,CyberpunkGame,True,1603923,101
1122091792239874048,ChrisDaviesLD,True,6227,334
778149365949038592,SideAhales,False,203,1
22944550,Sparker_Sound,False,381,732
243058696,DiscoBabaloo,False,7507,1252
625022363,GillianA,True,884606,178
17688634,johnschwab,False,2301,1150
15384720,profcarroll,True,138674,4404
102069864,EmbraAgain,False,747,736
21096291,_SarahMilton,False,2706,2068
1049583945237581824,dopeblackdads,True,7163,1083
1094017011674423298,BParty2019,False,22,132
1017637447,MomsDemand,True,315030,10778
330264405,SavageDominic,False,1626,120
846037320667217921,BestForBritain,True,119493,4985
59444589,YaketyYakVoices,False,4688,1077
972146544509181953,FoyersLodge,False,452,449
1100245418569596928,ItsDamionG,False,52308,1241
38505015,PhilNWang,True,168919,1333
783792992,IlhanMN,True,3029695,1667
826382447885574144,brexit_sham,False,76659,9782
844873356457467906,TwoShotPod,False,15835,3859
1049365727705288704,HistoryMuppet,False,218753,1593
63514682,David_Leavitt,True,278693,5037
2227423028,SBVTalent,False,984,204
94628304,Jemima_Khan,True,3301322,1109
959171422085038080,endless_mission,False,291,226
21691962,itsOsy,True,2246,523
1125498104546037766,excellencet_,False,375,350
379209090,TheReelRandom,False,124693,20726
1979124564,carmencubacasts,True,16362,1675
2433526788,andraydomise,True,85772,8862
2439177534,BrentNYT,True,50507,1283
2896470448,charlottebazely,False,967,1760
83367022,sarahhenleyuk,False,3199,1784
20141906,DirectorJWebber,False,4621,3379
125370749,haveigotnews,True,845478,124
36686040,RepMaxineWaters,True,1685187,696
390170244,itscaitlinhd,True,50932,1896
14335586,Public_Citizen,True,467501,7504
283457938,MarkBackler,False,3173,4616
5906212,georgbacker,False,2978,957
780888331030781953,PIntroverts,False,682,267
4407879329,LosFreddos,False,195,183
2904913023,JimMFelton,True,315089,3448
2214135115,Pancheers,False,23537,1064
166295530,MesaanaSedai,False,3037,1817
125971277,hellohobsons,False,2308,1037
322172157,SueTerryVoices,False,4775,1746
353731533,TheJonesesVoice,False,2720,630
3288091105,charlie_adler,True,22295,1421
18263028,BrendenSewell,False,425,1164
123081702,BKBMG,False,156217,0
2831956616,johnharris1969,False,69690,641
309824548,rafaelbehr,True,97457,1272
109819630,THETOLEDOSHOW,False,1099,330
147946063,alexjjacob,False,1175,396
949762484,xciara5x,False,3746,2853
2840670079,TheGuyPearce,True,34901,322
17064600,tha_rami,True,191304,19948
28866119,TVjeffreyglaser,False,482,398
177335809,GuyEndoreKaiser,True,90213,1240
30409200,everywhereist,True,112945,592
937674123878203392,CastingAsst,False,9520,1358
2844080687,mitch_iverson,False,3896,236
4878236248,KidsWriteJokes,False,224923,35
867068269987024896,girlsontopstees,True,11765,910
14190551,tom_watson,True,303154,34754
28257421,MagicMagid,True,97142,2326
89501061,MichaelWharley,False,2912,2126
39668527,ashleyn1cole,True,194560,2847
20137622,afuahirsch,True,183603,10232
863320472641044481,RespectableLaw,False,178336,544
3012462963,JustWhatNowWhy,False,23915,26307
1502110711,ChineseRoom,False,18803,469
59912464,ChambersArt,False,6734,826
20392734,darrenpjones,True,30489,5256
4349708549,caster800m,True,410687,1086
20274104,GhostRecon,True,249444,361
2182536796,elliottm_ross,False,613,1157
19458195,venicevans,False,597,396
236511695,I_VincentJerome,False,874,740
950673012,whatemmadidnext,False,3944,987
979161462852734976,UrFavCA,False,6667,353
343858532,Amanda_WyattVO,False,1730,380
109401958,PeteMoods,False,112,1625
18591471,alexhilton,False,4021,3872
47786101,RobertDowneyJr,True,16808158,1
15529670,TheGreenParty,True,318859,13567
47507793,tayolamos,False,1136,1166
27995275,Joe_Lorenzo,True,20450,10517
774510439824822273,BrexitBin,False,64674,26463
1006419421244678144,GretaThunberg,True,5101133,2713
1019974187975430144,ExtinctionR,True,384074,23046
14761795,TEDchris,True,1544924,828
104574264,TheVulcanSalute,True,597260,773
2288583506,imbabytate,True,108140,1251
89990341,TinoTwoDinners,False,1603,1225
790922024,chrisedgerly,False,29669,660
1107265732642000896,Josh17437797,False,11,21
19908335,anthonyjwells,True,20435,1104
32357759,EGX,True,88208,383
308047126,AlysiaJudge,True,14833,646
331854460,LittleMissFlint,True,144882,884
803697073,CloudImperium,True,12395,58
803542770,RobertsSpaceInd,True,120380,476
233978509,CER_EU,True,38348,6774
4541535439,jennycohn1,False,205214,13592
842550390818201600,jessphoenix2018,True,84227,4309
115720296,nickfolkman,False,1838,893
3159148494,CriticalRole,True,570561,12
22959763,jacindaardern,True,787421,4166
19658506,sagaftra,True,150362,58
463434326,sagaftranews,False,40902,15
80132462,sagaftraFOUND,True,70626,4021
378731285,SAGAFTRAMOVEla,False,5441,180
2251202660,NextGenPerforms,False,858,13
868210878692413442,Cparks1976,True,55486,1919
16672410,RogerCraigSmith,True,121931,4976
15343773,YuriLowenthal,True,130429,822
21733692,WajahatAli,True,273520,1781
2688148651,AirbnbHelp,True,100506,5472
223402407,thenitinsawhney,True,39424,2424
14700316,hrw,True,4817697,21218
17173761,DariusBazargan,False,2031,2627
518687078,sallyhayd,True,25367,4084
20427376,channel5_tv,True,168590,3049
308379387,MarinaHyde,True,453427,2607
31388819,sharonrooney,True,129193,1458
204832963,TheTweetOfGod,False,6246251,1
216457797,nickmurftweets,True,9825,284
482201713,OliviaGranted,False,12661,712
243223954,MikeH_PR,True,19502,2941
240169098,REDProductionCo,False,26037,946
284078891,AeroportidiRoma,True,14147,248
2334732225,StevePeers,True,151008,95133
21202851,IanDunt,True,346280,4299
355172006,AriaEnts,False,23311,15995
1413677858,Zen_Warner,False,24592,878
17565514,shondarhimes,True,1987175,1633
1201051748,AccidentalP,False,399604,1
2833177377,ElizabethEThorp,True,34696,7794
200889851,armiehammer,True,355272,192
1092327358986514433,RealActualJesus,False,10,101
1645711686,PedroPascal1,True,940170,189
877620230,GiganteUk,False,636,890
19644592,campbellclaret,True,743758,9225
184581600,aaliyahdeanne,False,1107,386
2853910604,UnitedBlackout,False,16276,1389
41567253,AndreaPHowe,False,3710,3006
800501341416099841,TrumpMusicals,False,9523,191
163556820,selmaleh,False,7747,2246
108392679,RichardEGrant,True,278703,660
2292548047,maxwellgrant93,False,588,165
18756273,KevinTPorter,True,52166,1953
59487565,JewsonFilm,False,845,523
143052179,sinKEVitch,True,75790,1879
22255687,jjsaunders,False,990,196
21763344,laurendevans,False,14232,505
20556429,rachelphilippa,False,4995,3244
217374596,PeterMannionMP,False,30236,6105
601363808,OlaInce,False,4849,425
306457651,LynetteLinton,False,12349,1472
88165761,RikkiBB,False,10318,886
152785310,MrNishKumar,True,413300,1460
2557037323,GRRMspeaking,True,1341030,141
15924858,ArenaNet,False,60650,14
1048155923674554369,MDGYPlay,False,125,67
16863340,TaranaBurke,True,163731,1124
122208388,dreamhampton,True,101391,4
31108138,RaquelWillis_,True,81489,7023
470708968,ProfessorCrunk,True,163288,1922
160952087,NicolaSturgeon,True,1471570,4885
148731444,waltdwilliams,True,8973,755
718595376,sheer_awe,False,14267,1607
73857275,ColinYeo1,True,29961,2992
215839576,Laura_Axelrod,False,4301,3980
4105532853,thatginamiller,False,198098,157
6974622,rgay,True,862183,2074
95023423,UberFacts,True,13670320,1
3376135714,BeCoMeCast,False,17891,710
2813691690,HeatherBCasting,True,22570,2443
3130552677,jeremyzcasting,False,5201,66
305727773,Mr_DanJackson,False,11948,639
703211693938069504,katedowdcasting,False,10991,130
724345101498089472,Ri_McD,False,7365,429
938859746265878540,JGreenCasting,False,16809,1321
19915362,DFID_UK,True,354712,2837
593615017,MahaliaBelo,False,2000,999
20855218,SebCardinal,False,2737,412
456553337,WaringMcKenna,True,14051,990
20000725,jessphillips,True,466289,3410
264226472,soy_person,False,2746,4273
430840756,aliceorrewing,False,2015,2777
193958168,GregoryMcKelvey,True,29979,2626
32429400,PoliticoRyan,True,84620,17582
15700266,joy_lo_dico,True,7042,1441
1070953983576027137,ExitBrex_it,False,192,395
231902736,PatsyFerran,False,5020,91
85583894,QasimRashid,True,315005,330
784018,davidkaye,False,762,706
3355313961,Russo_Brothers,True,1361231,85
14700117,MayorofLondon,True,3233971,3520
354911386,ChrisLeslieUK,False,47466,1192
196259146,imrejele,False,4108,1126
596785827,DonaldsonElla,False,965,1061
154649311,ParkTheatre,False,34197,5647
26003792,RealMattLucas,True,1224289,11217
88197046,missmcollins,True,194694,10530
3383159573,doctor_oxford,True,227677,2573
121114962,Jaelle_G,False,798,2405
185357705,SabrinaMahfouz,True,15521,1389
557746406,labourwhips,True,51145,4572
142116606,KimberlyNFoster,True,67329,2359
928640569357762561,KRJCastingLtd,False,10197,51
21296788,jimfieldsmith,True,7432,1054
3246053949,heathrwalsh,False,281,570
166774906,GabriellaCap,False,418,229
2425571623,Keir_Starmer,True,1131349,411
849371345624477698,emmagunnery,False,8754,851
53795460,kwamekweiarmah,False,22561,638
342770193,Alancumming,True,292468,351
14643178,yassir_lester,False,77288,1896
497971559,ShaiMatheson,False,1007,334
824458089373933569,jusmunkaur,False,3359,297
320730589,Tim_Vickery,True,127562,296
326184301,Anna_Soubry,True,225741,451
120393728,SabinaGiado,False,2047,732
381512711,YMUDrama,False,15164,473
16181584,jimrossignol,True,17559,3157
19152541,dannywallace,True,192602,1007
21258339,DavidJackson_85,False,28086,910
3422063771,Robert___Harris,True,82504,692
1527932107,dixiechassay,False,4900,317
4920839734,zoe_dels,True,13662,1395
863334285931139072,MsMonoProd,False,1123,928
6240732,GamesRadar,True,1050155,768
91415653,sarah_gordy,False,7749,151
3063032281,chrishemsworth,True,7392162,106
580097412,ChrisEvans,True,15253120,726
37176335,GoldenJoysticks,True,28333,2183
1195438603,DanielRusteau,False,858,528
745670755,CBHayward,False,4041,669
239892125,warrenleightTV,True,59020,4596
879334265900724224,eurelationsappg,False,5134,21
2340915637,OrachaelO,False,14654,861
17891808,jules_su,True,125073,1282
1607352380,DrRJKavanagh,False,66278,2099
117617140,actualfactor,False,1067,1722
290735485,ladyhaja,True,136932,3727
808752330829078528,thelizcarr,True,48048,1937
2801555199,ShaulaEvans,False,7100,593
17054003,MissJodie,True,36176,978
328685389,christianhodell,False,6333,1448
373951375,lucywalkerfilm,True,18441,3953
34698369,EvanHandler,True,42773,279
994534855,BrianKindregan,True,1908,622
1339685491,ClaireCatterson,False,11189,267
3339182475,thebrownhijabi,False,20955,2154
2290612183,lifeafterten,True,30730,145
738538436,AoDespair,True,330231,579
26029878,ChuckWendig,True,185427,4757
1049783973914718208,UnofficialDADAY,False,6725,92
846137120209190912,dog_feelings,True,3657306,3
237845487,GeorgeTakei,True,3287205,1018
19847765,sahilkapur,True,195110,596
252751061,Quicktake,True,1256743,1535
14230524,ladygaga,True,83971889,118765
18880638,CreativeLive,True,159694,4618
17241895,chasejarvis,True,385698,25760
14305530,strobist,True,260019,92
225540697,jackieaina,True,713403,675
1327015224,LAllenCasting,False,8775,1186
1054716628921970689,PalCommunityUK,False,591,745
258970724,DavidSchwimmer,True,722344,12
2690531472,mlssmahut,False,12610,199
946746050567725056,sextedmyboss,True,12584,531
15298072,theatre503,False,50458,8405
100473683,WillieMcGregor,True,5292,932
234694571,Femi_Sorry,True,330249,2180
23176659,taraflanagan,False,2056,511
42493604,josierourke,True,27945,935
629892954,mgyllenhaal,True,89213,199
855922161810362369,glentheshow,False,673,999
394748169,SaraJoycey,False,4109,1306
2231753876,FlatEarthOrg,True,95514,267
570702713,rianna_walcott,False,6930,2105
823558302290341888,TranslateThings,False,137781,922
24709830,Mysonne,False,42790,1235
144152221,BeckyParis_,False,2210,1409
14790966,DollyParton,True,5318678,45
971129027875557376,pissboymcgee,False,125406,1269
931516861019295745,KLScasting,False,217,5
283161406,chrismcquarrie,True,108822,1
549548235,jon_paquette,False,5606,515
198634633,maryknews,True,20268,6536
306150880,LarAtLarian,False,16749,462
48485771,therealcliffyb,True,583661,2902
37340424,FilmFatale_NYC,True,58637,5943
543329854,JohnnyFlynnHQ,True,31326,412
215060612,elijahwood,True,962552,3336
14585409,heawood,True,45905,3353
21301903,SimonParkin,True,13521,1405
2420931980,PlayOverwatch,True,3355590,241
14538254,hunicke,True,17074,195
173155110,molleindustria,True,15573,616
165537786,radiatoryang,False,24080,2028
24937082,PersocomNina,False,26132,967
170735298,JoshSeefried,True,34365,33491
1032508899067346944,annacoopercdg,False,3804,694
30347782,AdamLenson,False,9458,3503
52551600,JimCarrey,True,18649492,1
172083392,StephenMyott,False,862,590
3009121256,ZackPolanski,True,12163,6251
139823781,BetteMidler,True,2042842,68
145499533,MissyElliott,True,6924219,11461
1001041357035786241,sarahlongthorne,False,4885,3341
590212082,saffrussellart,False,400,331
157948750,PhoebeEclair,False,4662,2179
18105481,mogster,True,16182,7839
41584616,olparker1,False,4835,650
41084386,omid9,True,306429,3357
1009125118486990849,wildobscura,False,1,0
1024362037533650944,selfcaretheapp,False,10285,96
213419457,JakeeDaniel,False,3882,3287
1570131168,RawTVLtd,False,3865,885
810861879438573572,feministgayry,False,42214,459
801458691258122240,GrantDotDotDot,False,5432,394
331908924,Blizzard_Ent,True,1405594,215
1019672184929902592,IPROMISESchool,True,83168,137
959884616214745096,AgentDeborahW,False,2071,431
174292801,gavinesler,False,101847,2474
46110762,MadQuills,False,2600,133
855263756,cononeilluk,True,33357,3356
282914879,fascinatorfun,False,72108,7264
2854038197,guyheeley,False,773,368
923672722936393728,EmbankmentFilms,False,613,1132
504205554,LoriAlan1,True,14712,2548
1915033663,davidhogg111,True,1107806,2395
256927269,WilsWilson888,False,1182,693
913812620,PostMalone,True,6941763,2808
3574875675,DU_2024,False,135923,1456
2512939673,GuzKhanOfficial,True,82650,1313
471287735,GaryLineker,True,8258712,1213
18020612,DavidLammy,True,746133,5063
375208735,Astro_Jonny,True,8046,3299
36412963,QueenRania,True,10445057,46
19979086,simonblackwell,True,136065,2706
2332206228,nktgill,True,45088,1890
20427223,SusanCalman,True,267419,417
3226765068,Gaohmee,True,40467,3393
976029015667630080,shahmiruk,True,83005,900
265333701,TMBCurrie,False,589,1492
353975093,TorUdall,False,1461,1286
138203134,AOC,True,12828446,3538
79309628,SamSykesSwears,True,60324,1108
596584033,NatalieAbrahami,False,3200,468
209133146,mrmrlonghurst,False,11255,582
236512970,Bedlam_Gareth,False,3442,1589
29064492,liamesler,False,7744,3407
355591226,DemSocialists,True,381792,4847
13190642,SteveLevitan,True,96281,431
35472060,tarastrong,True,425390,11250
30354991,KamalaHarris,True,19064939,731
476256944,SenFeinstein,True,1497461,253
1045771176,Ubi_Frank,False,2286,1020
34068984,DavidVonderhaar,True,1176547,333
353196325,Cromwelp,True,3758,455
904312784,UbisoftQuebec,True,24824,1158
22258315,GameStop,True,1853879,607
637339309,thejbblanc,False,16869,321
284696632,BAFTALA,True,27219,780
23976368,TJFixman,True,5235,883
299776583,nolan_north,True,254848,459
228624732,ashly_burch,True,189095,656
365304025,cissyspeaks,True,20962,2154
1078027472,Julie_Nathanson,True,19395,909
452231023,Nola_Be3,False,52894,357
469689725,BethesdaStudios,True,1443974,122
20495756,YugSTAR,True,9356,662
828664867410288640,CreedRelay,False,8350,333
26558187,DaveWoodwardAC,False,1691,4895
31107562,DianeCoyle1859,True,29062,1458
72032591,TheDeanSnell,False,4533,4155
21163925,DragonCon,True,69851,1811
827551487890960385,_dolezalova,False,517,830
18125335,aishatyler,True,521822,583
17753033,wossy,True,4951323,9683
547729458,GeorgeAlanSears,False,113,97
990496270480564224,Imaginarium_UK,False,1605,193
914588454,HackedOffHugh,True,662259,950
90023872,lemnsissay,True,89390,2533
50239410,NorthbankTalent,False,5422,2687
990585324123410432,FindingClive,False,225,710
586291040,AuschwitzMuseum,True,1189453,2377
19413393,E3,True,2337681,743
3299701823,realnoabodner,False,230,215
45055696,Kaepernick7,True,2430737,528
1387499905,rogercharteris,False,1730,671
1280791620,SpanishPrincess,True,21484,393
54617733,BerniceKing,True,760371,690
234024563,jeanjoaillerie,False,3293,2721
941784833587597313,RemainerNow,False,43782,11021
379710539,NadineLabaki,True,760934,304
21753847,jameelajamil,True,1092255,843
97893955,devafilms,False,2294,3739
346917288,RAWeiseArtist,False,11755,6701
19279990,donaldglover,True,2581912,0
161199620,corybarlog,True,344620,666
230118325,FilmBayona,True,188262,1023
232933135,scorpioredhair,False,24495,546
869581731736821760,KastworkLondon,False,2588,119
19910041,StormyDaniels,True,1249527,289
23317602,beyzaunal,False,1459,881
1110190452,CHIMPSINSOCKS,True,231307,4120
3032775413,KatieFlamman,False,3185,4369
77529009,SJMaas,True,148133,279
146145407,trishvoice,False,2277,1390
161234960,WinterNatters,False,2059,2036
19337621,dutchgamegarden,True,9348,5918
26128542,jswale,True,6418,185
495120093,Nico_Lennon,False,670,1097
300796564,annamorriscomic,True,7599,2299
949986657616453632,leeanddean,False,1904,1289
601275230,BigWiddler,False,905,682
706064157574037504,aurora_punker,False,330,642
243095677,nickbuttonbrown,False,1059,264
47644077,NinjaTheory,True,122727,1231
199862369,sulkymoanyface,False,1517,1590
1131315456,BAFTAGuru,True,23735,1014
190258208,VictoriaAtkin,True,49239,5637
107938429,tprstly,True,26040,1647
2411475565,randythomasvo,False,2516,1531
900103086982737920,opendoorpeople,False,6673,658
199014148,cat_willis,False,28863,155
902627856680935432,asthesunrisesuk,False,1905,4719
48459821,mang0ld,True,96047,529
122533830,PattyArquette,True,540471,5634
78853098,fs_martin,False,4987,554
20098015,davidschneider,True,534885,1612
743453688727998464,TBCSPodcast,False,1759,1459
44949890,AdviceToWriters,True,477921,840
79822143,Rowenaaaaa,False,4035,2639
2978299360,VermintideGame,False,30336,437
913134989625237505,TaraMorseN7,False,345,476
225266266,BearPunch,False,1656,1001
965266179836252161,callmeX,True,1467234,259
246939630,shannonrwatts,True,537319,17070
2782300825,CrowdJustice,True,11216,1342
372563164,rmayemsinger,True,136825,985
45666744,JosiahRenaudin,False,3607,772
820585,baratunde,True,265527,12756
564653566,SalusburyWORLD,False,1658,2393
24878499,aljwhite,True,43437,4670
845016122101411840,GeorgeGendi,False,2995,96
205553183,colintrevorrow,True,85238,320
19582460,peterdickson,False,27348,1635
1411186370,AccessTheAnimus,False,68925,204
15250428,Gharavi,False,1479,453
377669286,Adey800,True,4875,4198
1242580045,arjunsethi81,True,48999,1517
39364684,chrissyteigen,True,13375746,4799
34701600,Zarpan,False,429,397
47429047,locust9,True,25366,3004
829264302,BlairBroon,False,6021,331
392411032,bbattye,False,4708,256
2824974364,FalsettoJohn,False,2378,683
33581575,fordrachel,False,1196,416
581038695,CUMMINGSDAVIDA,False,695,1028
760413676570574849,boogaloo_radio,False,7111,1866
14482768,tamoorh,True,45333,1000
27855816,itsJuliaHardy,True,47217,1371
55841095,englishscribe,False,5472,2585
15737955,AlexReuben,False,145,189
46476977,jopatonhtay,False,40,127
912288554709127168,Whatifwomen_,False,117,240
107841116,therealjomartin,False,19680,703
320229459,olwenfouere,False,4845,2060
95610041,TaikaWaititi,True,1423594,780
65770439,jasonsfolly,True,293150,141
858372518209605632,BritishGovWatch,False,9182,8865
101601965,ChristophrLeone,True,3155,1456
2203336505,dorey1414,False,1600,2239
278708184,SoniaAllamCDG,False,19337,3296
1339835893,HillaryClinton,True,31064559,949
863027975247343618,ObamaPlusKids,False,48895,2
368621509,SarahSchachner,False,17111,717
43567124,raphaellacoste,False,120993,1706
606196086,deepakguptalaw,True,27095,1551
738080573365702657,robreiner,True,1619598,346
466214115,janellejcomedy,True,33446,1923
427505253,IjeomaOluo,True,309134,1076
179255183,IWriteAllDay_,True,86629,3343
22080935,lucyprebblish,True,42112,2193
1159438784,K8Levenstrong,False,419,668
365539677,alainmercieca,False,1330,743
2221956350,Valskuiken,False,5406,1033
409486555,MichelleObama,True,21144442,16
3153667788,The1IvanSherry,False,537,650
42146799,Al_YourPal,False,926,55
47578715,scottderrickson,True,140067,866
572704301,RazzFrat,False,123,281
33030256,Neil_Druckmann,True,452501,628
2196205273,tomgold84,False,243,531
317540632,SofiaPernas,True,9594,115
145702955,JeanGuesdon,False,4334,108
202468548,MikalVega,True,2510,289
166160626,Noah_live,True,19947,41
715104644,AnneHeche,False,12404,110
204531616,ecollyerbristow,False,11123,419
308657330,vicfeatherstone,False,19374,1365
464829719,StephensSimon,False,28170,764
125938349,larianstudios,True,120964,325
38232487,assassinscreed,True,4339118,297
114709222,Kathbum,True,750893,1460
885155368569102336,hyemwriter,False,31,78
137295176,henrymance,True,59598,1713
252666242,pmiller67,False,9808,540
253784731,rupertgoold,True,25243,479
571883982,IRubasingham,False,11721,506
613493207,calm121,False,1424,1216
879472109579157504,DeanGeorgaris,True,2973,119
132450735,DanDoherty_,False,22433,1195
152656121,mrjamesob,True,861716,3628
69080476,PickardJE,True,183820,4839
405871371,Sanemavcil,False,55617,85631
19507713,hilaryheskett,False,3541,406
196142659,Ubisoft_UK,True,453709,774
14922225,Ubisoft,True,8672677,627
14476016,AdamBienkov,True,67015,4474
722242009,carolecadwalla,True,597760,5176
19397942,SadiqKhan,True,1137064,10217
212598949,the_MerMae,False,7408,1557
79307850,kcmyoung,False,4297,1119
39374924,DomMitchell,True,11586,3914
2360077580,Unlimited_News,False,10291,19715
606412878,WipeHomophobia,True,711141,689411
200025561,lauramvula,True,47635,470
168090600,ToryFibs,False,147123,23719
27015226,sterussell,False,5122,4788
3020785939,squirelanestage,False,8309,8675
405323682,jhaletweets,True,99933,724
860548071750594560,AndyRegan13,False,35,830
849332628289445889,baftaslucky225,False,397,48
241377241,Railynnnn,False,2064,1204
3433028235,likeagirlinc,False,67092,46906
456859842,bingowings14,False,10833,944
394903435,AndrewOldbury,False,68947,768
3148378414,megatopiafilms,False,878,820
105893335,kingstonwrites,False,22499,14597
1356649315,anttoby1,False,1716,608
1267435621,TheFloodmovie,False,3192,2709
63302020,JordanPeele,True,1891328,1712
79192302,fatsharkgames,True,168276,113
217632453,tate_ellington,True,18838,706
3077632900,NobodiesTheFilm,False,1024,1431
1873493533,janamakesgames,False,4161,996
41121010,typesusername,False,109,294
87818409,guardian,True,10047599,1062
3018358773,Dragheist,False,208,264
2397727670,edrowett,False,553,537
4830170685,PrissJohnCast,False,9008,439
17530370,Mike_Vogel,True,78141,166
18671559,edgarwright,True,914840,3992
3327720838,brielarson,True,2756380,211
17446621,THR,True,3332285,2735
824755847494529024,dickon_tyrrell,False,1675,1709
837284926596730880,StuartBCasting,False,11292,1418
827473515527929856,WhitherWould,False,507,288
16087273,jehorowitz,False,29724,1704
27384718,MatthewACherry,True,311596,13821
619278612,BarryJenkins,True,228137,3020
549376366,MichaelLindall,True,1039,562
872423437,InTheWordsOf_CM,False,200090,120447
1108577040,ShaneJWillis,False,849,926
112400302,NicholasPegg,False,23813,1432
757303975,ChelseaClinton,True,2969345,937
799047255378391040,slpng_giants,True,335252,458
15279429,VanityFair,True,4805189,1214
809887021,jfreewright,True,308784,3423
730655455,GregoryBelacel,False,662,1975
17243913,kim,True,221064,141021
2418231158,EricAnder94,False,4398,1292
801159713035612160,Trump_Regrets,False,274392,10665
824473943931293697,RoguePOTUSStaff,False,668889,69
93069110,maggieNYT,True,1703653,5448
215207998,kurteichenwald,True,510315,2622
338985020,afpfr,True,3737841,1344
241259066,paularomy38,False,431,0
4149690013,TheGayHumanist,False,46266,1247
406842374,JolyonMaugham,True,330010,1823
3297800601,BarristerSecret,False,461655,1031
22080646,DannyZuker,True,327584,1843
46760864,hopenothate,True,105206,6839
293552084,TrinAndTonic,False,10464,962
2439032786,jes_chastain,True,854833,635
216776631,BernieSanders,True,15411188,1471
54904679,AirCanada,True,580606,27033
21003056,TheCGarrison,False,2002,1655
419019955,Kiriem,False,243,561
2838539139,saustinsaustin,False,245,466
219349412,drbenwhite,True,44348,8414
1886786551,tweeterprentice,False,294,756
1289403140,Azz_Stephenson,False,177,376
24516595,JolyonRubs,True,60478,5198
802962345962115072,Stancepodcast,False,2300,4118
125304962,BerryProduction,False,15894,6635
133404204,mrmarkmillar,True,118943,5858
872630612,michaelshelford,False,3545,1428
95820486,HemiArt,False,2105,1095
2717254872,violadavis,True,1770257,489
373018050,Mark_Meer,False,34498,1545
174143949,cultstartup,False,7827,5501
490687158,SimonEvans25,False,8011,918
105804290,imjoshuaparris,False,1226,855
20196258,ElizabethBanks,True,2229335,517
377384818,JackPug72,False,7687,597
15719970,JennyDuffyCDG,False,9203,266
50374439,tomhanks,True,16365868,25
61312719,jessymcd,False,1135,4965
56038335,suziruffell,True,62361,3342
568094009,annakennedycast,False,12232,1024
773215112,Castingsasha,False,20645,157
31388830,OliviaBrittain,False,10585,668
500222175,JessicaRonane,False,14542,1232
248300454,TRafaelCimino,False,34449,5650
754604381048344576,StopFundingHate,True,128797,6562
308324295,macwalterslives,True,25193,212
2250409442,CollinsCasting,False,2035,220
13393052,ACLU,True,2011950,5646
278077567,NKuillAndInk,False,1931,921
1694040764,xychelsea,True,402175,1314
29442313,SenSanders,True,12310475,2328
2916305152,Snowden,True,5053768,1
18627768,bengleib,True,130670,4423
68234391,ZoraBishop,True,1409,794
4882743003,NHSMillion,False,717088,12349
83891235,Abzybabzy,True,14457,72
77749295,Valnkoyo,False,1285,3129
593131686,MissDumezweni,True,29672,1453
216795653,fizzysnood,False,2958,3568
774261222074122240,zb_siwek,False,951,2999
586019266,DavidWBryan,False,37514,8919
3170309751,SimonGumbleton,False,299,142
711192277,nrpmccree,False,39983,43057
410013217,TiboSanjorgy,False,1238,2472
416418985,catrincooper,True,8245,5485
1239770605,dedwardscasting,False,37211,990
2151122460,ShakyraDowling,False,33020,2572
1603749037,jayjucetus,False,101,113
602993818,MsSarahPaulson,True,1192961,647
4923330647,giniandsophia,False,75,128
3342687947,emma_emmaking,False,429,249
93428699,fizzandginger,False,4671,4839
2800218703,Tucker5law,False,38122,11919
55117855,amyschumer,True,4440287,1942
169699000,VickiTCasting,False,16297,725
2279568930,alicezpurser,False,5502,792
3285502920,Dan_Farah,True,3874,1129
141900110,KateandLouCast,False,51221,577
38845872,StephenRMoore,False,24341,1884
21257344,rachelle_warren,False,18298,1143
858222620,HanSteveCasting,False,16277,565
22031643,AlCoomer,False,15440,3286
3675425417,TheIsleFilm,False,1985,2888
304679484,HamillHimself,True,4817565,882
3307585687,RemeshedCom,False,1117,3056
321379732,womenofyear,False,5816,1375
1248662336,SoundDesignUK,False,6540,5732
1090026433,Reductress,True,280751,783
262279821,stmcox,False,1133,43
3294329626,floizentaylor,False,180,291
4691712816,SophHollandCast,False,37136,1582
322663133,pryorandy,True,37237,1351
887004169,Rosalie_Casting,False,22737,346
40892253,GemSykes,False,23052,1024
63691113,1SarahLeung,False,13344,416
1194052405,SimonePereiraHi,False,15613,858
2166531241,SuzanneSmithCDG,False,21452,673
700970338113482752,TheActorsPad,False,37996,29673
35785221,youngvictheatre,True,153940,2764
39263607,oldvictheatre,True,160351,1342
15169489,swkplay,True,74727,2690
17778689,sohotheatre,True,121097,1912
23056885,NationalTheatre,True,506078,1976
145770786,JerHerrin,False,15310,866
37383654,janethampson,False,19848,839
351874406,JaneAndersonCDG,False,32857,624
1226167831,SHughesCasting,False,26705,613
63459282,NorthernFox84,False,1477,881
524382705,DCockle,True,16963,1688
843398474,rebeccaroot1969,True,8145,1464
518957746,JoshTBoswell,True,2903,2669
141528690,wendyide,False,14413,2165
52855610,JuliaBradbury,True,155807,6760
314467617,MarcusMarkou,False,7372,2405
2375639244,ToriButlerHart,False,973,577
19533512,exitthelemming,True,80782,4789
2369030473,andyserkis,True,262291,106
700750780983283712,CastingGiffs,False,1656,333
700782869518622720,ActorsGifs,False,1359,420
178812809,IAMLenaHeadey,True,1124010,326
3315766473,KathyBurke,True,471577,177
787546549,GulwaliP,False,14931,8013
372277426,RTDearden,False,826,2271
86096933,davemorrissey64,True,337413,1789
18774246,Baddiel,True,785921,2934
21301854,SimonLenagan,False,1161,1128
22934075,MyannaBuring,False,32848,1344
24171456,Alteralias,False,1540,3422
60897405,sanchezarevalo,True,135300,1110
1443758940,Jon_R_King,False,307,152
84503378,foczyzie,False,425,1055
355131338,mikegalvin_,False,782,344
876667021,SaxonKate,False,7173,1210
31209538,RachelFreire,False,2545,536
1338349670,JonBrentCurry,False,1378,503
333141908,gamermd83,False,7448,267
422059169,JenniferBryden,False,351,284
21082856,HenryHoffman,False,19975,7694
460452370,Paul1McNeilly,False,6363,5492
85176034,jaynedickinson,False,384,676
320839401,daphnebloom,False,193,655
1175458980,ShelBowden,False,10,22
47189282,Moranfox,False,1266,1693
1327385358,Jasagriffin,False,480,1058
2728348696,danilaw80,False,369,1063
3455592315,JCRAG,False,218,189
702675428,Spirlingo,False,5915,2827
1108941708,evadrolyat,False,868,818
4507039576,Play4Calais,False,523,117
2382721477,HamburgsFinest,False,610,1156
30762052,sheilawenzel,False,914,404
807095,nytimes,True,51141387,860
2216635260,LifeOnceDreamt,False,1271,853
21557369,robertjwatson,False,1202,1804
574023889,DaveWeasel,False,557148,103343
434725454,TroyBakerVA,True,427673,1053
60732124,Big_Dave_Loac,False,493,912
1119829946,jaredgarfield1,True,17110,801
378704454,StreborUK,False,294,283
1064858047,DarbyMcDevitt,False,21385,250
611585332,Bonn1eGreer,False,99107,23877
18359716,edzitron,True,46121,3910
920442636,BlunderingIdiom,False,5904,4792
221544802,SophieAnnBarker,False,686,1114
1588363514,KatkinDrysdale,True,10926,1033
249331519,seanjteale,True,52096,672
613448103,shepren35,False,46,381
117777690,jeremycorbyn,True,2440809,3038
1530459984,RobertLindsay,True,86658,779
1105401852,MirandaCAWilson,False,566,738
150462046,abcomedian,False,6193,1599
52388450,jjdavers,False,95,232
31582008,HollyShorts,False,16748,15615
297129090,MrAlexPotter,False,1671,2216
1536791610,POTUS44,True,14332946,77
1917730820,OverallRichard,False,816,379
2196201139,MyDaughtersArmy,True,110932,77896
1479735163,we_are_writers,False,1567,1945
30697038,melissasuzanneh,True,7624,1751
17867794,hils_k,False,1847,987
28308082,AlixFox,True,22415,8363
1212285673,SarahLangton85,False,280,856
209176493,Harryslaststand,True,176414,9820
3092283615,WEP_UK,True,94144,3945
33873561,akuurban,False,4251,428
119333438,boombands,False,2292,718
2764165571,KellyMCates,False,44,42
133820655,gideonemery,True,138573,122
68013087,MButlerHart,False,2759,4909
243584465,Luc_Serrano,False,588,394
372933236,jennywaldo,False,946,1531
744937848,SimonCotton5,False,1903,451
238618906,TheKevinLeslie,True,4493,1300
200013628,zoeyrocha,False,1191,377
68755136,romainkedochim,False,563,302
235389976,elnathancraig,False,5541,684
603906005,JustinMarosa,False,896,613
621807482,_polinalevina,False,947,1703
404797148,iamgennafoden,False,294,428
189124479,JohnDower,False,1371,432
5858892,stuarthoughton,False,2580,2980
19366576,ChandlerPoling,False,2399,800
110262961,ilaneshkeri,True,2516,744
326855700,ToksCoker,False,407,317
21856443,AboutThisLater,False,1818,2022
6284432,CThursten,True,7226,505
162790338,BTDHayes,False,661,196
21663770,betterthemask,False,16364,3419
308946809,BAFTAGames,True,107027,1783
42368230,JoeHillGibbins,False,4976,1141
878637326,robbensonuk,False,1135,2011
555323223,JohnnyAldred,False,157,421
14982804,ava,True,2732699,16021
14901294,Schkeat,False,605,474
1332121,getFANDOM,True,458900,42252
148307992,ClarePearceFilm,False,1193,629
20375332,JohnAmaechi,True,82757,8715
25041297,Bowen12,True,137842,223
1906176547,officialmutombo,True,98927,2861
18424289,AJENews,True,1983686,173
254555485,MinorHourFilms,False,248,671
157760690,gcassuto,False,2065,1435
550385234,StevenIsbell,True,16033,4113
306472866,BioMarkDarrah,True,79535,268
81164242,THRmovies,True,101003,14
31941155,scyllacosta,False,4922,830
69878365,ChristinaCarty_,False,559,640
139880624,AlexGaumond,True,9093,725
14274198,david_moon,False,2097,1088
369295652,Ryan_Treadwell,False,3463,1161
267719552,RichardHopeUK,True,3068,3104
132475143,JayBritton,False,4576,655
21729394,eplerjc,True,21777,623
240735723,sbaigcasting,True,56029,2334
560193949,AutodriveFilm,False,1073,767
1297001623,lukebryant00,False,477,499
2777356364,RealFPJr,True,155423,378
2832026264,ConalPierse,False,3223,277
282106165,andywooding,False,12774,5466
97267937,bolaagbaje,False,11993,2408
465993295,MoliProductions,False,1624,1459
15135421,Goochoid,False,789,1354
20571559,SarahRapp,True,7387,4336
202623680,Leilamousavi,False,200,375
317763988,CMTaylorStory,False,795,526
170872356,tobiwilsonline,False,2041,2311
320750468,RupertFYoung,False,28158,417
469697406,PoppyDrayton,True,43520,521
1267653595,BradMooreActor,False,2585,1714
1142027030,MrJackHawkins,False,1775,866
142822822,CamillaMarie1,False,1349,914
302501550,benbocquelet,True,42802,650
17945263,DanRebellato,True,19404,2251
31224367,cv_davies,False,656,423
254580461,SarahMeadows1,False,5487,2531
397116468,wadebayliss,False,298,292
57653804,montyburgess,False,2099,2125
2327359038,HeForShe,True,344556,1340
21158690,bioware,True,2696955,438
20747741,dragonage,True,237245,51
30085539,warren_bennett,False,3309,1614
178558022,ToriCarlini,False,521,1270
171297844,TimberWolf_CLT,False,139,424
24117694,ladyinsanity,False,11928,746
254947753,kirky_James,False,389,807
21982720,ariannahuff,True,2820383,2771
462541005,BioMaryKirby,False,14788,213
133212069,Cameron__Lee,True,9426,149
224831274,cyrusartist_,False,609,250
88441571,OurCaringWorld,False,55481,22464
293444386,AmelieZilliox,False,103,73
41882262,BeaAddis,False,216,241
1217511,CampbellX,False,10079,6739
494101439,BenFensome,False,1359,1026
27765070,sumaleedotcom,True,32495,5072
26841335,annlemay,False,8048,817
62050341,AarynFlynn,False,23526,1374
23054163,Stevevalentine,True,16932,360
36635596,Jim_Sheridan,False,26563,6137
2461851558,HardimanAustin,False,465,1209
18291042,nnimrodd,True,12961,2276
52691127,harriet_hines,False,563,592
2344982426,GoodShout_org,False,273,352
43662236,ehlien,False,5314,738
322463395,AllanSchumacher,False,3090,1056
363426409,Mike_Laidlaw,True,37757,1162
486397485,JeanRogersActs,False,1730,1474
19535562,Gornard,False,2390,1007
242653461,Charles_HRH,False,422166,179
50812125,MichaelEllis_TW,False,2765,2311
17289383,ZaheerAnwari,False,2868,135
42371615,sturdyAlex,True,123318,2061
351671009,TheEvilChris,False,8090,1301
360515971,dkontur,False,737,793
419791441,IsabelleSieb,False,8470,961
23491909,Destinyfilms,False,5034,1184
1707600493,aude_sw,False,2131,196
15907183,cmclymer,True,372687,5779
35270579,matthaig1,True,464632,9897
211119735,Unnamedinsider,False,44182,4520
17446446,IAmChrisKeller,False,313,102
14630318,davidstripinis,False,3707,666
2442756415,faktemfilms,False,445,1680
218915226,MikeFensom,False,183,2065
240270365,MrRichardGadd,False,6409,1105
19152989,almonty,False,259,377
1489282981,FollowFilmClub,False,252,466
33087222,bengelinas,False,7395,1016
438460947,SherylChee,False,10519,304
163035408,TheMilesChapman,False,2411,1099
344334227,davidgaider,True,42522,99
330262720,delyththomas,False,1566,1528
2327884337,cakeoftweets,False,264,328
915225925,BrownEyedBoyTV,False,924,476
329573265,celynjones,False,3464,1427
270681123,notmurphy,False,2085,683
18721289,V_Ben,False,2806,2280
2344776925,66__66l,False,26796,11722
299715714,stumpynat,False,812,642
335841645,BrunswickStudio,False,3074,3325
28185163,BeauWillimon,True,161182,2465
625517772,Waspyourmouth,False,570,1081
143207157,pielor,False,81,394
97411152,mouthwaite,True,250585,6100
21183577,MhairiMcF,False,20517,3595
466690179,DavidMumeni,False,4596,1071
57360680,nicklawsonactor,False,273,321
612120041,samfickman,False,5196,2661
566870009,JaminTaylor,False,3095,1200
22084427,robdelaney,True,1583278,1
628367263,studioexec1,False,39022,3203
63951644,emmajslater,False,319,375
467336498,may_anthony,False,23,34
791054389,jesseraydiamond,False,7571,86
21758734,tomworthtweets,False,608,1813
2533111,kevinells,False,827,1802
20599959,SamBarriscale,False,739,953
1482229116,LofPTW,False,643,542
121428577,fletchdale,False,2228,931
96003537,jovan_k5,False,314,247
51775432,RogersBase,True,112078,880
14092046,peterdewolf,False,1242,1334
37039749,SleeveNotes,False,7567,959
116511302,SimplyAllegra,False,66358,800
1688472156,Leeparker19974,False,200,276
65045121,OwenJones84,True,1016579,5982
135180054,OVOEnergy,True,28820,4760
20699709,bbcquestiontime,True,556773,639
424160060,OmeallyJ,False,364,291
443648104,AscensionFilms,False,244,206
23939269,HannahMillard87,False,244,320
1039719625,LaetitiaLit,False,2814,1726
7985132,advisser,False,665,1990
52208597,RealRusselBolam,False,1564,1700
311945103,thatalexandre,False,368,382
1134315230,writestuff2day,False,595,586
23224486,zakklein,False,685,1558
19013255,enricoNT,False,1455,1460
216812643,NerdAppropriate,True,5540,702
78478190,portfelio,False,303,688
1335174733,ApertureWizard,False,212,196
502876845,ZonulesOfZinn,False,567,694
505806933,Doc_Harrison,False,1363,1107
272545863,KvanBellingen,False,169,153
25052711,markmacnicol,True,36900,7980
47391671,MrJohnDorney,False,5958,3139
1713366697,shut_up_tessa,False,227,229
18474493,JaneSlavin,True,5073,2008
1639043384,lauraerea,False,645,1032
339788188,EricKaldor,False,12891,12261
444205853,WatchingSean,True,14490,1507
24936945,dammitniccolo,False,376,382
42408194,AlexisRodney,True,18475,15612
21078534,BiliousHenry,False,284,836
16523698,ChrystalGenesis,False,1303,3574
119561276,HardangerTan,False,273,1051
357429058,SophieBlackFilm,False,1990,997
16341217,yehudaberg,True,152309,43711
38393226,chrisgthom,False,24,79
32032000,KarinWeekes,False,18422,1923
20136728,worldlandtrust,True,28485,2651
15492359,TEDTalks,True,11365565,677
14154231,helenprejean,True,169463,365
133767020,deldridgewriter,True,13249,5964
26956310,Iamverysmart,False,4154,4125
39227012,raycoulthard,False,578,91
14800108,PlanUK,True,45426,4737
377305373,GilesAlderson,False,9372,8914
291684320,Georgia_Groome,False,13208,1319
497251056,HannahTaylorG,True,2247,817
16282504,jessewolpert,False,146,1376
23937508,BBCRadio4,True,532562,7951
275412128,oscarjaenada,True,36360,248
37680416,ajriach,False,1338,686
202268188,Melia_Kreiling,True,9870,2001
428393542,RamiAliofficial,False,94,286
23680215,davefineberg,False,374,275
106759550,joncampling,True,10245,3402
930114780,LovesByLara,False,148,268
405486652,IrvineWill,False,94,144
75193883,courtenaytaylor,True,25746,912
102903198,JessicaMarzipan,True,47675,762
333709376,missalihillis,True,26325,522
905955200,lindzcopeland,False,122,175
65068779,jlifschutz,False,240,1325
212934503,A_HOWDZ,True,10296,1057
409323102,NinaSologubenko,False,374,1287
2553151,Avaaz,True,732544,10015
869019337,SadieSatirical,False,4,5
23832022,RevRunWisdom,True,3938747,1
22313814,MCMComicCon,True,105378,1505
293973211,MrJonathanBaz,False,4338,2834
93892724,Mark_Clementson,False,564,479
449458965,NewRegency,False,4651,1405
18356820,MichaeljonF,False,835,1129
214672289,westendproducer,False,59717,8896
536705576,HouseBeautProds,False,171,683
632714698,MurrayMcKellen,False,580,566
28811790,andrewnolanokay,False,2459,1945
20307004,AlmeidaTheatre,True,129385,3391
327687335,okorie_chukwu,False,740,1002
561142043,TheHumptyWall,False,51,112
140118545,Queen_UK,False,1516117,0
329032858,bespokereels,False,1235,1536
54325576,CGTester,False,1374,2129
561642447,ThePhilmCompany,False,4995,3963
311720364,SimeonWillis,False,2248,1950
18771375,FrazzledAquila,False,457,1058
490665699,econfilm,False,6477,2364
20022608,JohnnyFocal,False,72478,45315
27283839,Sarah__May,False,94,219
18861666,Raindance,True,112923,9111
15687399,BFI,True,847747,2724
384462969,ALEX_RENDALL,False,105,0
14947384,KitCatFilms,False,1710,1819
531538970,omuk_london,False,2017,1162
25909520,jeremyungar,False,292,105
24249432,ChrisJonesGeek,True,14987,3554
121513480,nevpierce,True,7820,2447
102822704,blainebrothers,False,4678,1349
499129474,RobTheWeston,False,1461,458
369586333,PatrickWeekes,True,47312,265
19447469,reddalek,False,273,378
144664514,preeves85,False,79,328
201676115,thenomadcinema,False,8003,4325
26856750,IndySelvarajah,False,1189,1234
56536465,amyhubcast,False,44520,1873
140405063,kccasting,True,35091,1278
18495486,Indieflickers,False,1907,194
22783629,AdrianMackinder,False,651,1262
28345619,chrishislop,True,12756,10786
61721712,Vicbavister,False,693,393
116177142,Kristin_Maccas,False,1870,836
152774790,jadedivision,False,53,97
13770012,Jloxley,False,362,872
14511951,HuffPost,True,11351721,5599
14095052,AmnestyUK,True,279764,2751
22045817,craigryoung,False,3878,3817
20816283,eltard,False,35,66
20993432,drneilfox,False,4539,5002
112125663,BarnabyEdwards,True,22140,972
22967375,JasonCreasey,False,128,117
233294222,iamSeanBrowne,False,1052,1304
16681111,caitlinmoran,True,861084,2729
382318989,KatyaWhyte,False,28,101
20270056,mahnazsaigol,False,252,97
54507994,TheLexiCinema,False,8082,3017
262454289,IANMHARDING,True,1894339,460
42448407,KateShapland,False,12113,1651
20151535,KatieMcCullough,False,2085,864
813286,BarackObama,True,130402543,587668
70954846,SideGlobal,False,3154,1242
27617413,Sini_in_Studio,False,1279,828
134064204,glpltd,False,868,1359
5520952,paulocoelho,True,15424179,187
16735647,darrenport,False,9,0
35159694,ForgivenessProj,False,8797,1428
24763060,ClaireAMAdams,False,67,79
21299939,lngmaned,False,91,365
224700958,jessiecave,True,126610,698
16672510,mediaguardian,True,491074,115
360530745,ZabrinaLaw,False,345,1119
153781569,orsoladecastro,False,15292,2171
22151193,qikipedia,True,1312195,1009
38443170,jonahfreedman,True,11758,1912
26424602,rlmcphee,False,1458,2181
23572671,Breatheyourbody,False,618,452
349290565,Reuben_Henry,False,172,301
254759088,caroleweyers,False,522,106
26814221,Jopickard,False,2174,1844
320305650,tehminasunny,False,2217,420
20198533,3571,False,1765,1137
17338021,Matt_Charlton,False,1497,557
52905129,GeorgeWeightman,False,1464,1028
160158625,immarkosullivan,False,3927,2082
18971520,JulietKinsman,True,10138,3958
121690401,Susan_Kingman,False,799,1589
143036346,AlistairBriggs,False,78,103
19294818,paula_mua,False,300,669
104515400,jonsondangelo,False,65,73
175351028,djcollyer,False,152,10
54882933,diecastagency,False,254,182
17208821,laurenjerome,False,960,218
21848231,mirandahennessy,True,2630,1662
123546713,refugeevoice,False,2156,0
22204514,adamlannon,True,2272,907
20433377,stuartwheeldon,False,2979,4134
245850179,IntrepidCinema,False,607,1840
280927366,Alliepavs,False,150,273
110785507,SabinaArthur,False,788,725
18728064,olilyttelton,True,3414,1785
19969472,supatez,False,765,356
17693109,TashaSelf,False,727,1320
