18758101,austin_walker,True,86824,2212
7543102,oizys,False,399,928
270675506,milkybootscomix,False,646,460
3039238929,LeLabLabLab,False,101,0
37886101,ShirazHaderach,False,1484,2444
885608465573396480,Autumnal_Coffee,False,669,259
2233029973,NeitherNora,False,1577,234
1398567188,ZullieTheWitch,False,38780,0
3065860143,IronPineapple_,False,54790,452
754903686497701889,safifesse,False,31187,892
978943514024198144,Jill_on_Wheels,False,5186,1784
42531001,Dimosar,False,148,215
16972415,quiddie,True,115541,1898
88762468,yacobg42,False,30295,412
911099383495585793,BrujeriaAtWerk,False,481,5
781600387379888128,anxietymon,False,29,33
1449453224671514627,umurangidaily,False,177,7
65688592,VoidBurger,False,18843,510
258280763,patbits,True,4765,1039
21683983,fridayafternoon,False,10536,775
3248380108,mycyclopstime,False,237,0
2902482482,jeeyonshim,False,9255,666
76763823,emersontung,False,50030,1071
2352612552,benmce_art,False,12278,631
18920834,JurieHorneman,False,5110,2251
126549563,dunkwun,False,5452,293
423082290,danielhkwan,False,9033,997
18108111,lynnenova,False,93,164
455362595,PlatanoRanger,False,1295,576
43809915,3DSisqo,False,557,1687
45228561,chadvictory,True,4975,999
2864989104,EyeZehUhh,False,933,4994
1434919348276273154,specificteeth,False,30,34
1124809890604748803,OnlyMIDIs,False,5654,0
750361790547169280,meredithbalkus,True,2482,1409
1321935792416149505,MorePerfectUS,True,66164,1077
78728812,kjettpack,False,5044,993
2436587863,_pbnjer,True,1849,294
17467023,machineiv,False,12858,3337
14053425,jeffstrain,False,2519,29
14477443,Noughtceratops,False,1304,982
1014894957683867648,75PercentSpite,False,111,106
1366166063881146368,FakeEnormous,False,3647,0
349211585,HelloCakebread,False,37408,468
1406965038083153923,IvyRoadGames,True,2593,12
1321739216,goomvi,False,546,490
1409751982861172739,echochlocation,False,6185,397
3772896857,wayback_exe,False,17847,1
1313500399819685888,_restaurant_bot,False,41486,3
8250142,hermanos,False,7677,511
169968593,Kofie,True,58383,3124
250327916,emily_lip,False,1993,1701
1395512954347343874,nextlander,False,31006,3
628933425,its_natclayton,True,5040,805
1367728258150662146,starwars_names,False,359,1
1123295903522217984,FieldsofMistria,False,57576,30
1396516206840975366,starwars_chars,False,4232,1
295970692,That_Cassandra,False,36,56
247567799,Gameonysus,True,17631,1087
1337022648921059331,LegoBuds,False,387,6
948740563523788801,allpurposeteeth,False,72,74
3256815082,ChefLuBu_ATL,False,2039,1624
1323486094348984321,RealHeathcliffs,False,32207,24
1350123171933003776,turbovax,False,157806,492
979070875751235584,sonofbadru,False,1549,646
1306676374128799744,BAmazonUnion,False,25882,19
1360174801055285248,fromsoft_pics,False,66047,74
1139254483962257409,kittynouveau,False,16288,656
152731266,Kuvshinov_Ilya,False,517853,18525
1301566674815066112,WaldwegOnline,False,42,141
928586786145755137,anni_sayers,False,1710,210
1289214585170464773,depthsofwiki,False,80437,1730
84944278,profdavidharvey,False,147021,864
2433526788,andraydomise,True,85772,8862
14952378,talkingorange,False,11025,877
80262276,newsmary,True,9689,1443
835852942435565568,RowanRookDecard,False,2287,9
9388202,TheMaddigan,False,1098,536
1153093822609387525,AiDungeon,False,9047,54
709106291147415552,ThanetGuide,False,1835,84
1565827656,kelslewin,True,62578,999
14025592,MsMichelle,False,494,898
1235794935124815872,JournalSpectre,False,7028,829
4871026003,SeaExcursion,False,2308,414
768626095,ChipTheoryGames,False,6027,212
13854472,NoraReed,False,17030,2358
2611622852,duckvalentine,True,12715,1162
868157659702329344,rangedtouch,False,3020,26
1305699534765342720,ZechaTactics,False,3850,2
1337546548830474245,More_Civilized,False,6449,4
71082732,djolder,True,54853,7428
49351273,yungslav_,False,1397,1471
874896877,dionnewarwick,True,586282,5345
780149787303682048,GameHistoryOrg,True,42763,9
100934277,TheVTran,True,40546,368
1033,ConroyForReal,False,11829,790
587361717,BrydenKeks,False,2343,1668
3038154945,greatgrebe,False,383,142
2300411641,RNGundam,False,5927,40
918538218009608192,MoraJaybird,False,28,394
1320637925072138240,aurabenobashi,False,3031,171
18992631,Peter_Wartman,False,9612,901
1163533535375814656,AdelaideJ07,False,233,798
2809442637,MsgToObserver,False,12131,519
348506984,DelReyStarWars,False,55006,215
799724558429409281,SashaTorres,False,34,172
402904739,cobysoftco,False,23600,2023
3283274946,vextroforever,False,205,62
1326632491742949378,ONIONPEEL2021,False,424,8
50535201,nilpholan,True,2374,948
1296587502078193665,VTTaro,False,9683,344
1278062799009308672,badsavingthrow,False,329,89
597600058,JonRenish,False,1135,69
369685088,angryspacebee,False,2290,791
18847857,jason_wilson,True,5514,1828
28490696,joshez_,False,1011,987
2170946791,youssefmaguid,False,7193,1532
3304572883,aerial_knight,False,7508,1430
15100219,GenePark,True,75875,6853
1319576264978489344,lowpolyanimals,False,270778,1
1305633745358041088,BoldwinLi,False,92,65
64916987,Dconquist,False,42,88
1215736303544868864,TheGreenKnight,True,12063,11
377119609,glancingonhuman,False,15970,1409
1643813473,porntagonist,False,10577,439
53231557,brian_ransom,False,581,927
189220827,elhammar,False,733,1210
543956575,afillari,True,1640,1035
710848468,DarthInternous,False,4444,161
1154976584,Velocitrina,False,1725,1198
363376534,adashtra,True,9757,5654
743486977190801408,WhatsOnSteam,False,4890,3
1310114463303909378,mintcastelladog,False,748,86
1077914018,Flowtaro,False,271,676
1151288010656403456,good_faces_bot,False,95345,0
1096227020726591488,wedontexisthere,False,40023,45
77883853,ann_leckie,False,38208,405
962061862173995009,DragonsDPawn,False,515,5
17353675,dubindoh,False,6737,801
1301371904922652672,literallydannyd,False,411,210
1287133331021279233,nfbroleelove,False,9214,119
1288917273978208259,BUFUcomedy,False,1291,113
19130338,BATHSmusic,True,29860,1050
118938550,anastasiakeeley,True,26846,5949
362111287,AsteadWesley,True,234674,1850
1294009574484111360,BlaseballMic,True,7681,1
149168015,gshowitt,False,14433,3064
16935292,democracynow,True,800761,6544
1296222299838873600,ems_book_pile,False,207,43
1213529107440390146,catdogtrax,False,376,2
738633732,beditite,False,1000,763
1270508897615450116,OOCGundam,False,12018,1720
18103220,HarronWawker,True,50969,2923
1284163123574910979,oldroadside,False,24068,2
40018848,TrueLaurels,False,13094,2127
713334042339487745,roswellwrites,False,1561,985
1289872095304966144,blaseballers,False,128,5
1281920742,Veselekov,False,4848,288
1288562555691175942,nymillenials,False,3389,452
1256147899878006785,blaseball,True,29693,190
849610022044696576,MimiMerlot,False,3534,763
67420686,byBrettJohnson,False,328,687
735544402848944128,ferricide,False,281,83
398493035,JusticeKazzy_,False,11698,570
29931786,jetgreguar,False,12136,1451
1072404907230060544,GenshinImpact,True,2717280,9
19693512,Pardlo,True,5447,1337
23564980,teioh,False,3727,788
916826012557742081,questrpg,False,6183,25
59318218,jarvis,True,168496,999
3302761634,faith_schaffer,False,114298,752
1148010419442847746,FromTheManifold,False,863,181
1262424658277797889,HalfMermaid,False,2438,667
15819113,alisontheperson,True,6240,1572
58139636,_Teejay5,True,11462,1390
1171145151831519232,spin_crash,False,155,85
18087961,alex_segura,True,30567,21647
1191261350,SundaeMonth,False,4228,875
217168147,MarkDoesStuff,False,19842,3009
929525339679875073,pocttrpgs,False,7164,2007
710353738989494272,CartaMonir,False,14308,2062
18709570,Teanah,True,72197,1136
635658761,kt_tessa,False,411,350
3223801014,mHzareei,False,352,614
3526831114,davionnegooden,False,1784,1133
14276679,McKelvie,True,60399,1941
890336353,weredawgz,False,6888,3233
18819847,JRpotential,False,2315,2455
19949748,BlessingJr,True,45042,925
227452515,NifMuhammad,True,110204,1456
106225300,minahoneybat,False,1919,370
4857702829,hooleil,True,32714,1501
1279146614,D__T_____,False,1366,547
1205434080294162434,UmurangiGame,False,5892,6
226426808,SingularWheels,False,2349,947
15476831,godsewa,True,1867,292
3013935194,owoathkeeper,True,3082,1466
4665265835,artistsofcolour,False,70181,367
1256027950199320577,Gun_ple,False,176,0
1276068319,HazelMonforton,False,22697,2158
336185643,MonkipiQuinn,False,1978,1115
263874409,Eldiran,False,709,314
186257374,lamemage,False,1596,68
1080502034594328576,caravanmalice,False,2803,5001
30900961,HiThereJosh,True,4123,1422
873028508439552001,UppercutCrit,False,4297,443
14565240,TilFolkvang,False,3262,181
4846690164,heartimecia,False,6159,1424
319769408,jaboukie,False,887636,1355
1112853675792166912,afleetingworld,False,978,1
2431182541,clickbliss,False,218,13
547007735,meaganmday,True,86493,1632
2957949237,goodfriendsgame,False,49,105
720406556236324865,gracebruxner,False,21678,680
21148232,AlexBoniello,True,41043,491
36517491,leslieleeiii,False,35524,9305
29442313,SenSanders,True,12310486,2328
216776631,BernieSanders,True,15411218,1471
6878632,janusrose,True,17334,480
1104037156555841536,anyalehr,False,926,888
1080502389642125312,rebind_io,False,2560,69
3145521782,rileyrethaI,False,5028,209
47275328,DonteStallworth,True,157798,8019
22513648,findomearle,False,1767,805
1224588269645680640,IronRafflesia,False,212,8
721195680438431744,1ndigoglass,False,780,1984
16811247,lallimusic,True,67968,800
874739909793202176,JoyManuCo,False,748,251
1172193446154530816,sweatpantstech,False,3385,3
236999725,davidgross_man,False,13753,5312
1634248890,kenklippenstein,True,441784,4281
1217558172929380352,scienceshitpost,False,770832,2
796799840378359809,_never_work,False,2467,1002
930880826434351105,six6jiang,True,7147,860
2444019684,ZhugeEX,True,153596,109
527465753,grace_machine,False,1134,429
340613443,RonanFarrow,True,1123422,5121
1194032668377112577,no_software,False,893,9
65404240,Mimir9,False,1106,489
778477746854895616,jennatar,False,1049,612
973855641725841409,10rdBeen,False,536,275
1189911423855583234,DiscoExcerpt,False,10011,1
626577164,RedMufflerMan,False,1951,1269
843550548334972931,brasslionent,False,4125,26
1163472555811987457,GHGshow,False,1426,46
1089928276032786432,akajcroix,False,818,841
16065330,sockchan,False,1298,1944
411995824,laragheintz,True,752,670
1112993013121179649,IronsagaEN,True,4706,11
26579454,shmuffalo,False,1146,295
1352972408,SpiceBrotherOne,False,3868,693
991448790208049153,ZROSUITSproject,False,145,94
1069749718547382274,ydihylm,False,168,114
48719516,angiejaime,True,1971,1556
50337169,sammusmusic,True,13116,943
102596087,Lanre_Ak,False,514,484
1185427731296768000,TheRobotsFriend,False,32,32
1164210201114943489,OMMultiverse,False,12527,150
3062925363,viki_vayner,False,169,276
444880629,Danny8bit,False,11206,3882
42291612,definitelyvita,False,20856,4294
2986939401,agadmator,True,102524,244
1091789911185915904,_wholesomegames,True,75263,1000
13171062,Devindra,True,24881,3199
103981849,FloppyAdult,False,2198,1101
305967569,SupremeDreams_1,True,1104934,940
987350371550093312,IWGB_GW,False,5028,115
3999439762,wyntonred,False,21470,658
16722929,quantumdotdot,False,1629,2111
2330998838,StellarJockeys,False,1204,17
2480691936,LaurenKGurley,True,21016,2128
1031229765640904704,bigstuffedcat,False,698,461
736746001893982208,crapstacular,False,1920,797
1085112921192103936,UninterestingP4,False,32878,2905
187215384,weregazelle,False,1440,470
3634891,yedoye_,False,39791,2705
50799543,TomAznable,False,5457,1609
1162029644423393280,BEAM_SABER_BOT,False,191,2
91404378,emilycare,False,4327,4448
1080949386673307653,funcityventures,False,1965,218
29634406,awintory,True,35708,913
1070249824572723200,90smusicbot,False,37669,5618
982985288032006144,gundam_theater,False,15954,7409
127201659,Messymaru,False,4306,712
835282778832809984,NoMansSmile,False,4481,313
77388876,michaelphigham,True,6647,1134
20961635,VLuck,True,8122,858
4884442621,goobietrash,False,333,260
15441450,helfitzgerald,False,15312,974
30581721,kerrymflynn,True,33661,4727
711928331940274176,AllegraEHobbs,False,5112,1700
1155365848845914112,lynnedrum,False,676,548
554060069,funkefly,True,5766,981
1085515904878764033,80smusicbot,False,30443,5662
18124658,kkukshtel,False,1530,2591
810363366497611776,UmbrellaTerms,False,510,787
947808518823972869,ArnottDoc,False,115,82
867836211175473152,ericwcrosby,False,81,384
15538146,fridgebuzznow,False,980,663
1135622396,bigblackjacobin,True,46428,3400
15899787,evantickles,False,10184,715
2312057540,ROMchip_Journal,False,1507,20
14642246,polimayo,False,2325,1044
30411730,creezhan,False,312,1634
311080722,drchrisjyoung,False,595,465
1114629133315788800,GundamArt_,False,9122,84
1434640532,BarelyConcealed,False,1923,1067
23715059,gaileyfrey,True,44613,1100
21720472,JoelBurgess,False,8407,1309
19117046,beccalew,False,28758,3708
2190735740,neuwaves,True,2898,662
63242060,tithenai,True,34371,1541
368667589,VanKelsing,False,5922,635
2854017985,drjclau,False,4419,1426
411031423,AljernonBolden,False,2317,1203
44314795,alienmelon,False,11502,2447
3246736140,Orbitaldropkick,False,33910,192
109472737,jmrivera02,True,7800,4307
30778500,EthanFudge,False,140,233
1169851262,The_One_Lopez,False,2206,1501
3214161203,mckayhartwell,False,327,962
31656198,sarahlubyburke,True,5253,1493
2797166390,TransLifeline,True,25759,1926
737751039458213888,MegaCrit,False,17763,381
2859448331,SarahTaber_bww,False,95349,5376
1043817565,Skatunenetwork,False,41166,4745
20607358,wesleyfenlon,True,3876,658
558852814,jaffameister,False,1987,1585
1007646813288128512,detectivesim,False,3093,385
1098840720884920320,kriegsfront,False,4067,62
17029640,JuliaAngwin,True,48159,1813
1076586422470008833,VektroidLive,False,7086,823
448658889,Vektroid,False,22082,740
15472347,peterjavidpour,False,2009,778
2733835485,robardzr,False,1743,2376
1115297680224206867,Reggie,True,616217,268
1017101026594361345,gametimebot,False,652,1
870899660,takuma_okada_,False,3570,676
3283525548,CalebCity,True,449920,162
340810504,SunhiLegend,False,171593,464
299917303,Jarrettjawn,False,929,836
1099108949444493312,NickCapozzoli,False,560,195
907771798535761920,sophiekazis,False,269,1038
87620061,Ekanaut,True,10787,1446
1110575115518005248,DaysWithoutLoss,False,716,0
25190928,katiedrumm,True,13996,601
3767798773,yrgirlkv,False,1706,121
140291849,plentyofalcoves,False,19161,1434
836380970,tomatrioska,False,1798,251
24889586,AnandWrites,True,717615,10369
1566741842,LFCUSA,True,304415,605
1104732331674349568,neversayduke,False,9,15
1080675824553078784,theglorysociety,False,27178,3
1101286467295432704,FruitsDiscourse,False,70,3
913180822945058816,HiNRGlenin,False,139,275
1035341565307355136,Yaz_Minsky,False,847,168
1067826316622405633,SHODesusAndMero,True,97413,113
2327634427,cinemashoebox,False,5291,937
1092498462850072576,EmpireRomanHoly,False,720,0
44573070,_girltype,False,1393,254
784129480726024192,timetogoaxis,False,3719,7
189488360,FailedArch,False,24358,958
131254732,MASContext,False,9592,997
1096244859298611200,BaraNoKishin,False,213,7
5415802,katedollarhyde,False,6072,732
55643029,lorenzofb,True,46829,2266
1042091675638812672,realnancycomic,False,11080,3
992629592232837120,HomeMoviesBot,False,449,0
22745706,zemotion,True,52798,295
361077764,sixdettmar,False,390,124
624223704,mjgault,True,4721,1687
532672756,caro1inehaskins,True,8513,1436
123424866,NatIsExtra,False,2771,1427
1048018930785083392,PlayApex,True,2938300,165
185948596,prodbyharrison,True,14797,980
723304494092578816,negaoryx,True,83635,1127
1648419810,studiozevere,False,3579,185
165944767,ashleyfeinberg,True,222835,999
1084597392958140416,GameTiers,False,98,0
735275732100911109,konmarithanos,False,48,80
840068730537181184,_ghostwife,False,67,89
840080442690691073,pseudofolklore,False,47,50
2967462670,OttomanArchive,False,175914,21416
1493610086,thenicoleham,False,10748,4355
1058248491187658752,finessequest,False,962,2
1018566652206592001,songsforthedusk,False,1275,3
3434570031,jaymcastello,False,2468,875
1633280983,Hegelbon,False,17224,3947
15856896,em_being,False,3294,615
14222566,SaraQDavid,True,17558,2435
153026386,_ghostina_,False,286,334
143747770,AmyRosary,True,12523,2572
142356013,GrlpantsGR,False,3742,963
1032309975656226816,SluggoIsLit,False,39788,1
36672876,hateshaliek,False,14956,456
3322853794,feralroyal,False,773,493
17271646,v21,False,8052,3035
744267233866584064,caraellison,False,6094,890
14882389,bonzrat,False,11540,568
3383748198,kazumiochin,False,3675,748
4896626453,worstcontact,False,143,145
3015312970,moshelinke,False,2766,902
1062418481231073280,gundamnamesbot,False,197,14
777992144925650944,viceunion,False,5868,245
1059805476542509057,docsquiddy,False,12768,1182
1471542956,ebruenig,True,212504,4841
21305481,skeletonhouse,False,1255,298
25786620,SarahNEmerson,True,28072,994
115667110,MedeaSuki,False,180,1692
2497972909,audiovirgil,False,102,102
48736377,Will_Carle,False,1913,183
2571597991,other_places_,False,3062,274
501872916,ForgetAmnesia,False,2829,1125
1007544703452053504,ProjectNISEI,False,2513,27
903723805415280641,gifs_bot,False,20395,0
15960033,cloversealife,False,3435,765
936916599600119808,fivememos,False,586,1
1039306023993892864,nocontextmugen,False,66805,2
1046257374854443013,sistercheckin,False,77,98
900082145124798464,IndustriesGame,True,13575,28
1919231,cabel,True,82592,528
874126376,KotakuSocial,False,5025,1
1677211669,EmmaKinema,False,4768,177
1687161596,TanagraGGNOC,False,232,849
719060622432956417,MarioBrothBlog,False,167577,0
827665710616678400,importantcast,False,2409,12
18928924,randolphramsay,True,2453,620
858071259141165056,SHUXshow,False,3238,710
1029567897272692736,ASNRPG,False,94,0
319971458,SiFSweetman,False,1708,479
2228091,emamd,True,4449,2247
14816237,joemfox,True,3754,1746
16560817,PaigeOsburn,True,1219,1342
1148519803,AgentTinsley,True,8697,977
2897516897,nicalexiac,True,7285,1401
512022119,samleecole,True,12816,1366
889553209727082496,MermaidVR,False,1679,10
923984057091813376,Lancer_RPG,False,18718,561
26022894,Epidiah,False,5961,5499
415583785,BrouardMartin,False,924,1245
867817355186982913,sabotoy,False,1243,434
1016415942148947968,patriotact,True,116327,95
430380131,OrionDBlack,False,24176,608
17113293,bluejay_712,False,37622,1076
15219736,drozdal,False,563,409
1014578336507367427,PateraQuetzaI,False,796,0
1016821510751772672,doskvolscores,False,1297,5
941692665514610688,NowOrNeverComic,False,1035,323
753049042221924352,worstgirlsgames,False,4750,3
2729171,dicey,False,11704,968
217980607,regameyk,False,4468,1066
834635096,PowerUpAudio,False,5872,439
432183539,ronin_wife,False,197,280
1191823051,MoomArts,False,9657,2583
548511268,zoeedelman,False,202,730
797465073375711232,ArdensLudere,False,170,45
118961890,PKernaghan,False,4150,1050
38052785,why_alwayz,False,419,285
306472866,BioMarkDarrah,True,79534,268
2655659604,wiegraf_,False,770,219
3319090537,glassbeachband,False,11750,1200
15826601,sweetpotatoes,True,9786,3129
36968571,maxgladstone,True,15275,963
814619149397676032,dancynrew,False,3179,454
138635146,ghoulnoise,False,3002,1053
149270009,EngleLaird,False,4273,304
9507172,dongwon,False,22111,666
92518647,always_black,False,67,0
772050240,yohosiefgc,False,19970,719
21610385,colleenmacklin,False,4423,1228
17974481,nkjemisin,True,208220,894
1444942309,space_ellien,False,21312,1805
4851275196,guildlings,False,5318,21
998410666401660930,MiniaturesShawn,False,1632,313
990723226157404160,capsulecrit,False,1337,23
2467791,washingtonpost,True,18517947,1715
17888643,TimGettys,True,105049,860
2717056922,ShedworksDan,False,10372,589
596211133,thatcosmonaut,False,373,299
38995726,kstar1785,True,8282,991
921473238756098049,ResistanceHole,False,52502,2
18183379,grime_lord,False,563,514
23421193,DCpierson,True,58929,5699
867603654680989696,CitationsPod,False,47640,187
218597735,WideAsleepNima,True,43517,5697
164569984,ranarama,False,3344,349
231492409,RossCowman,False,1555,627
766717815239876608,TomorrowedBlog,False,146,1
1604400888,JonEverist,False,2995,1102
924836857988313088,bestofnextdoor,False,478644,6432
14794913,AthertonKD,False,34561,5265
2709705650,sydsogood,True,63216,1030
19089252,BillyShibley,False,4052,999
2917875164,Mobius_Games,True,23574,285
830973644914454529,big__flan,False,710,1456
812435271123767297,offguardgames,False,620,4
159949546,design_Kiva,False,2258,443
975617181181362178,onesongpod,False,709,6
929094137671950336,heartwoodfan,False,294,71
969398578497044480,GBInfinite,False,2959,0
973444331091648512,GameWorkers,False,26834,43
2282808306,joestaten,True,54098,297
65375759,zeynep,True,479890,792
967147174114091008,transcript_fatt,False,840,0
762014905218326528,r3fin3,False,195,340
574758331,decafjedi,True,5715,1284
54160298,balehman,False,732,62
2811370811,droolhoney,False,959,377
25948731,BlackSocrates,False,442,981
821881357622071299,shortforaknight,False,104,75
775870976441589760,PrimitivePic,False,2481,0
1436973182,briamgilbert,True,296415,297
3301781132,xxlaura_lesxx,True,67032,1012
329115910,lilwestbb,True,6066,153
735263545,spatterdocks,False,7076,495
3314714033,sigmatheory,False,1365,30
408736478,sleeprealms,False,30427,432
720799154,Sierra_OffLine,False,5074,1459
96932436,visagermusic,False,5617,1988
44353999,Fabrazz,True,10948,1028
103894420,RadioSachka,False,3903,1232
2407902457,Notaninn,False,1217,238
12298182,Ninjaharlot,True,5117,2382
852948768144203776,neighbour_civs,False,3926,3
44903491,roseveleth,True,30277,2756
20619143,LesHorn,True,10639,1319
71256932,parisreview,True,999909,4516
2613399908,SaraAlfageeh,False,69310,2010
777260179129823232,roguecastergame,False,142,65
34540982,megthebrennan,False,5488,778
705537086217125893,pikachudiary,False,107,16
1906605710,EricVulgaris,False,3288,584
130051975,meakoopa,False,82545,4105
48436234,ApplePodcasts,True,624642,1821
19166519,eveewing,True,238580,4330
262459361,RLisDead,False,10562,552
821905718500593664,notatlasobscura,False,2653,1
92199427,lolkat,False,8177,1802
940724355272622081,LowPolyRobot,False,6670,215
1352231298,TreseBrothers,False,3547,605
2480184147,SoulofTwhit,False,369,192
18947075,bravemule,False,5033,891
936113267612798976,a_kind_frog,False,990,204
758609408234487808,HeterotopiasZn,False,4393,1
1942965866,marinacjulia,False,9667,448
2980412572,ellisjones,True,3963,636
759876189146247168,EarmarkHC,False,132,410
750976709894238208,PlayUnexplored,True,2320,534
21569251,HJosephineGiles,False,11775,3611
920014146887929857,GoodSlides,False,20527,0
931962812825505792,secretsamol,False,411,0
62247109,moomoomang,False,2222,533
15991694,_janjerome,True,28097,613
2555573144,XEECEEVEVO,False,6024,756
21040507,dabaphile,False,1012,417
912211412,inkydojikko,True,41197,821
920111698358558720,ImaFixWolvesPod,False,2016,0
42966556,pseudo310,False,1195,1230
2594037690,quest_ebooks,False,1193,2
715584275123449857,picdescbot,False,7942,0
895426242345873408,Clipart1994bot,False,26204,0
925893837997850624,word_squares,False,296,0
1171279868,HavokRose,True,80411,1020
360665507,DragonsDogma,True,16211,17
19837512,antumbral,False,5112,790
1854373320,lmatsakis,True,12173,1667
2638976257,random_places,False,12505,0
17952096,emilycarmichael,True,5217,2433
252040144,ezra_marc,True,4946,757
1480751072,SteSug,False,77037,288
914936048228159491,drilatthetable,False,640,8
136756365,wphillips49,False,9841,1174
741056095,torianne00,False,12825,372
243896198,caitlin__kelly,True,27690,1170
228624732,ashly_burch,True,189093,656
840234079,king_spooner,False,3432,395
2444425802,MachinePix,False,168136,79
15508903,SeanNittner,False,4608,607
770027,worldnamer,False,895,481
36115598,strasa,False,2656,338
14502253,philippawarr,False,12837,2154
905485538727223296,centrismdotbiz,False,1556,145
15052446,hannanimal,False,3921,819
14050306,h_e_e_l_s,False,1797,526
908312378,halfcoordinated,False,10708,1659
905819192594747392,ominouswhoosh,False,12230,1
3338765898,2netdamage,False,741,273
857281667060424706,insidecandidate,False,306,0
706983539275907072,SegaCDgames,False,43091,171
2658275654,DwarfFortBugs,False,11117,3
2832114160,adriofwands,False,7063,360
821741524404695040,clothmap,False,12176,1
490076582,AerialShading,False,1331,1261
1009727820,HeatherIlene,False,666,687
245163362,henry_mark_v,False,67,110
14874142,katestark,False,20394,969
373143817,HeatherAntos,True,35630,999
55997506,roqchams,True,35822,602
77301930,rdigiorgi,False,5616,580
29934200,imranzomg,True,51000,269
2977725884,nycDSA,True,40546,2079
3142481914,posiposer,False,306,666
331615377,ShutUpShow,False,45047,692
19455489,Jam_sponge,False,30937,1060
18569905,hunktears,False,9295,996
629836158,triggertrove,False,3561,1443
772201308,itsashleyoh,True,17291,831
867380364788076544,MarieldaZine,False,287,10
57467615,Aquma,False,1259,759
143596802,chrisbratt,False,20148,869
68345352,nataliewatson,True,19580,451
2209361810,Snarlbear,False,9099,372
15814350,GrimKim,True,112177,9938
327337127,MattBruenig,False,183925,1196
18990471,USCPSC,True,134379,2889
804232300523180032,Oishimodeler,False,2394,251
4040207472,himawari8bot,False,4956,3
879365211701915648,alsovogon,False,100,97
210157467,ICELEVEL,False,5662,565
880843505282805762,drilrunner,False,694,2
54464318,simonstalenhag,True,187341,283
805372961163251712,NoMansShots,False,15734,2
258417947,paranaturalzack,False,25004,174
5960932,therachelweber,True,5527,1251
16364095,CraigSJ,True,74684,2462
24209010,hortesque,False,218,219
217244069,JessConditt,True,11274,1864
18290579,SwaggerLaw,False,70,284
93069110,maggieNYT,True,1703652,5448
67306920,Hitman,True,98354,49
45370676,jessjoho,True,6798,1279
5880462,adamconover,True,188511,1900
704681314302169088,sickradiance,False,121,121
712986742664597504,Trakl_Bot,False,10303,8714
16458937,LudwigK,False,11924,1411
12925,Janina,True,177081,1171
218195620,LawofTD,True,5981,1819
591672691,Nibellion,False,305095,489
274626857,tweetbot,False,264456,4
16669898,tapbots,False,293783,5
820692006267658242,rollplusweird,False,63,50
46181868,ben_silverman,True,6716,552
3335040713,emilygmonster,True,8347,2135
3352808410,sixfoldromancer,False,48,48
91381321,a_cado_appears,True,9797,1586
3483919032,catacalypto,False,10066,1501
8266102,brett_douville,False,3382,534
16475194,djWHEAT,True,93003,2136
302287912,moonscript,False,13762,1287
19018257,ayapizza,False,1694,417
18522839,aaronshapiro,False,1213,347
15177163,Victor_Lucas,True,30649,1935
47291518,David_H_Esq,True,2352,944
14160974,nickchester,True,38748,1253
4562706615,PhantomBrigade_,True,17344,44
865373705748328449,fatt_vine,False,241,0
15113678,MiguelLopez,False,1270,517
745342454577004544,Skull_Sakamoto,False,31,46
318844899,dialacina,False,8052,1422
62593760,GameOverGreggy,True,1251729,1366
1694040764,xychelsea,True,402177,1314
323982384,jacquicollins_,False,19707,2268
710433071313625090,PastPostcard,False,101091,17367
7697172,seasleepy,False,46,122
2806265092,valeriehalla,False,14508,127
732580200354045952,chillanimebeats,False,16402,0
793127266532335616,NaBoMaMoDoo,False,59,0
859575245241438209,WaypointThreads,False,167,1
40584427,ybbaaabby,True,46852,2515
2750877815,evepeyser,True,74954,1982
413348481,ihaveeczema,False,8782,215
239667315,seamoosi,True,3123,1456
192248791,KaleighRogers,True,17652,6966
2911035167,OldFrenchCrime,False,3598,59
855203284386144256,RadicalThinkerz,False,1176,2
743569320790401024,viceimpact,True,6998,439
251433567,NoiseyMusic,True,438992,1544
3639401,dexdigi,True,10033,437
182236262,ProZD,True,752535,731
174682286,ianmcque,False,177546,2853
44555495,PackBenPack,True,34935,671
30183567,Pizza_Suplex,True,99784,491
3069034708,elfemei,False,7218,196
753211673314459649,microtrailers,False,11209,5
76181029,DominicTarason,False,4387,1851
7434902,MitchyD,True,58096,1968
774145710061031424,Lewdonarrative,False,94,133
788755597260906496,GregCypress,False,94,888
835231972620386304,vicetech,True,1352,100
841267505410768896,hyrulepostcards,False,376,18
29064492,liamesler,False,7744,3407
3936151,Nehalia,False,19660,369
840604244122185728,artificerdivine,False,164,120
109939468,Kabanaw,False,396,549
3034892963,ViceLife,True,70117,387
765213854070665217,choomsky,False,884,898
429840267,Amarisse,False,14813,584
813908156770381824,thelastdeck,False,3293,5
96997907,Charalanahzard,True,518055,666
2444135810,frankophilia,True,2433,226
63302020,JordanPeele,True,1891325,1712
352036858,haikus_by_KN,False,3147,2141
1015846940,goblin_sorcerer,False,7474,1201
55397130,SyrenneMcN,False,1145,625
64943365,HurakanWorks,False,622,408
543184554,sleepydisease,False,3919,737
831578789654192129,_OutToSea_,False,750,23
2811394160,muira_mccammon,False,1858,3717
15810488,benprunty,True,16635,1475
118439291,Mari_Landgrebe,False,157,351
31124217,the_strix,False,13855,1001
3005596990,CelDavison,False,1658,85
2579056411,bonaneh,False,3715,673
3492453261,humblegrove,False,3830,326
2970100023,addie_lombardo,False,1370,63
797697560404250629,freezeframebot,False,4745,1
828380853185044481,waypwnt,False,812,1012
811287087773351936,goodvideozone,False,335,4
2336062014,MinovskyArticle,False,33252,1306
16714347,jason_koebler,True,28779,2304
2417778055,AWMFGame,True,48922,16
3240143771,NotAltWorld,False,995422,2
159640062,ElectronDance,False,2066,884
3816567737,WhoresofYore,True,523280,7942
158166560,actionbutton,False,10310,17
19612916,headfallsoff,False,12707,548
3305013856,DeletedWiki,False,26248,0
2586341939,Lilpeep,True,948973,1151
4039941853,EveryoneIsDril,False,26458,1
3356531254,internetofshit,False,454644,252
392405067,frasersimons,False,2492,714
731600969457274881,TheVeilRPG,False,787,787
815364247647555584,seeBotsChat,False,6701,0
33087222,bengelinas,False,7395,1016
186189870,zachsokol,True,2672,1532
2928209793,PulpLibrarian,False,145094,3934
2981528208,Digital_Derek,False,352,1002
811585908004847620,FatT_FanArt,False,1777,706
19288348,GeshGav,False,4552,942
811329708386177024,orb_enthusiast,False,51,10
355965154,juliemuncy23,True,4464,1136
110610806,wesleysnipes,True,281614,782
57162282,SheaSerrano,True,428764,845
56510427,motherboard,True,238943,126
19057588,wallabri,False,703,434
91670694,SilverSober,False,1758,1284
85553575,dstfelix,True,85439,1023
806861977578598401,nofellassky,False,15,0
48177612,intracourse,False,1091,104
70080906,sezonguitar,False,236,1307
19933901,Sunnless,False,283,720
386056280,MaraWilson,True,611864,6424
34822065,sealkiecove,False,402,404
18088364,KatieDiek,False,771,708
86847895,Suedeuxnim,False,1183,540
774299614283464704,imperialhare,False,933,371
365304025,cissyspeaks,True,20962,2154
379875798,JFriedhoff,False,3556,299
766548343107354624,NamesAtTheTable,False,128,2
483137032,anthonydardis,False,364,367
4727899720,Shitty_Future,False,73857,13
191977580,WilliamChyr,False,16761,0
2870653293,susie_dent,True,903017,643
30171517,HadenBlackman,False,3390,362
1617891,tigershungry,False,4664,996
252317854,katelovelymomo,False,40419,505
8732012,nchan,False,45883,361
24034702,rachelmillman,True,47970,4004
841988820,aizakow,False,136,400
798365952052117505,SigilMaster,False,1,0
242123685,evanhusney,True,10233,827
170254080,jacobin,True,357024,7
18424885,Saiato,False,2276,848
24299639,citizenalien,False,308,549
355591226,DemSocialists,True,381792,4847
732794643797151745,thebadbucket,False,23965,1426
15892337,katbamkapow,False,5520,696
16583750,brettwhite,True,6537,1727
741672585407176704,AbyssUncreate,False,130,223
3077768745,thesixthstel,False,20,62
936981026,spacetwinks,False,26834,329
4442021439,GnomeAndBrisket,False,1453,10
4247738356,preyanimal,False,64,146
725505177998893056,noclipvideo,False,55355,160
92664972,PaulRyckert,False,10599,2952
14424027,johnnemann,False,7386,1114
2494319990,dimbulbgames,False,2026,1
39680464,ClickNothing,False,15142,604
121660823,Fiohnel,False,1800,169
83998973,rembert,False,238071,3078
1025521,Shawna,True,40180,10637
865329937,prince_stolas,False,2556,1070
22193914,SlimiHendrix,True,32626,1687
2823003912,gravesmeredith,True,16584,1082
27702192,Jonathan_Smth,True,4978,1242
20007004,AdHocEmilie,True,8309,1942
1097303204,jzcamp,True,14174,6159
18665952,JustBlaze,True,359153,239
182370042,necrosofty,True,15874,667
780498564661252102,vicehealth,True,18082,276
560099557,catherine_pears,True,361,320
429262885,reidmccarter,False,1547,721
633802992,hnnhhhn,False,497,250
171920011,EriFaith,True,3968,2280
253147507,crazyxgirlfiend,False,132,151
251767189,bijanstephen,True,22994,705
33031861,bananalise,True,6571,1181
17939942,TomHumberstone,False,3472,1823
759290,ChrisHanel,False,3259,1212
1390195350,dots,True,69973,562
195426666,nickweidenfeld,True,8141,1503
38256856,2cd15a,False,534,331
40144962,jorgearangure,True,17823,1517
165870386,redford,True,17217,988
16535000,TimBarnes451,True,8912,2223
2414904980,alltruepodcast,False,839,89
23152358,lawraclark,False,731,332
37984041,hollygramazio,False,4605,1074
17962441,AuthorX,False,424,316
45003407,johnnydriggs,False,114,153
29758446,RockstarGames,True,12622725,1490
3025459255,residentevie,False,936,204
25319959,kthorjensen,True,16473,1818
1977528128,CGdrawing,False,427815,3136
27830922,tylertry,True,1905,1003
18215973,PeteSouza44,True,263596,207
780454154959523840,DesusandMeroVL,True,160297,112
702600683221082113,Mystralia,False,1585,197
3350730149,GIFsofWikipedia,False,5978,26
782361929188798464,FatT_Wisdom,False,984,36
3740762416,PriscilliaBL,False,350,246
199443067,hohusen,False,560,2724
779417371282776064,wildflowersbot,False,730,0
703005412610678784,softlandscapes,False,23568,1
2899908570,Cannon_Busters,False,6434,1127
13461,waxpancake,True,45068,2106
15688048,DuncanFyfe,False,3567,623
2569298647,sambeckdraws,False,17577,759
14849562,WesleyLowery,True,655778,9857
762327366,Yuri_Librarian,False,2494,599
18826638,tigresaa,False,6212,661
1471021,aedison,True,57386,290
83850551,alanalevinson,True,30640,2495
715748488156307456,GundamVersus,True,68910,21
59583816,dory_carrharris,True,2189,1176
333790172,brannonwell,False,324,538
31458109,THEKIDMERO,True,341615,659
4717250416,Unwriendly,False,67,73
97040343,MerriamWebster,True,962573,698
19178814,TrentKusters,True,4889,3716
20462827,BethElderkin,True,7238,453
478754220,MiellynB,False,2088,1509
2667074420,AnalogGameJrnl,False,1825,518
16065488,Illykai,False,651,776
259931187,Shorette,False,1190,220
95168734,mitchgit,False,4133,1193
39202728,shlootermcgavin,False,356,404
3242548869,ldottxt,False,570,363
306020855,arisadne,False,316,729
369586333,PatrickWeekes,True,47312,265
123093889,ZaraVarin,False,2479,1265
363426409,Mike_Laidlaw,True,37757,1162
1717255063,PaschBlue,False,2451,455
16353467,shoomlah,False,68383,1145
20180069,lfitzmaurice,False,19762,2103
26469931,nintendolife,True,240218,2090
16854309,heymermaid,False,6536,608
768601427036016646,regalplex,False,59,54
746396116191588352,LeagueOfHeels,False,2098,339
171162625,400facts,False,4483,1495
3884720414,hiddenbry,False,47,43
99747561,outtasiteoutta,True,4277,1949
6464292,DianaTourjee,True,10791,1156
2463303930,GavinDYoung,False,2507,1221
4493173634,PhotoGhibli,False,363587,5
184432513,SIRrosen,False,1691,1854
2331411,saffista,False,1854,1448
143328113,KishonnaGray,False,7488,4167
3552891317,CitizenThirst,False,41,49
567521269,itskindred,True,17557,2836
41624329,TerrorandLove,False,493,414
28131291,gabbydarienzo,False,12079,771
2209542883,gameandtype,False,562,319
4174030107,Bootleg_Stuff,False,276162,1
34684718,smallcoffer,False,2139,1221
49434972,actualcoastline,False,490,98
22857385,elenielstorm,False,1021,1500
2221187725,deadendthrills,False,3757,14
20598707,BraydonBeaulieu,False,1389,1027
2918347334,YerFriendMolly,False,1427,435
427229564,ChieGuevara,False,844,182
15428691,allie_conti,True,16540,991
163990491,Singyamatokun,False,2481,2065
2704758367,akaPrash,True,856,414
760594205655695361,lil_jordo,False,10,11
14607446,Zerochan,False,4953,1934
758112857238089728,DVacWithAGun,False,41,41
198634633,maryknews,True,20268,6536
66444507,HCheadle,True,9554,1212
1100848178,TheGoldenIdle,False,3096,628
38359576,Nebula63,False,3567,2721
6068142,neauoire,False,13923,942
215508074,acvalens,True,14138,6846
6666892,lauraehall,False,6705,2035
2913115866,AvocadoRocket,False,415,272
702210829966516225,unchartedatlas,False,15318,1
96286097,Babycastles,True,6319,1077
212378628,mikelikessports,True,4170,850
378357691,_hyly,False,3376,281
202463874,Morrison,True,55857,1613
20334843,Hellalena,False,171,259
707213904150188033,reignsgame,False,6959,20
64662082,afraidtomerge,False,1350,828
21210721,drewmillard,True,13760,1814
24422716,Livelyivy,False,21818,390
19087813,aramjabbari,False,5798,1103
15360428,neilcic,True,160745,156
16719596,ultrabrilliant,True,27499,2851
2352194322,SixFeatsUnder,False,873,36
283227513,DreadfulComics,False,280,426
126741491,FerretParty,False,1429,501
725426518747287552,lackingceremony,False,15911,164
4913929453,threadsgame,False,9163,0
36206861,sailorbee,True,41944,1886
20097713,halophoenix,True,14871,989
50002946,katelunau,True,3709,1884
82544380,derektmead,True,11264,1144
195036846,hownottodraw,True,18993,747
19796863,AoifeLockhart,True,55308,421
23561980,kendricklamar,True,11578550,506
46875051,lewis_gordon,False,1813,1739
65688328,rossneumann,True,3242,1388
36823,anildash,True,579520,1324
1630896181,VICENews,True,1016973,966
3180238518,newtype_420,False,28,106
2937741958,rhetoricAcrobat,False,136,452
2837715994,Postmortem_Mag,False,145,126
724487288248365057,deorbital,False,1184,2
94045299,cooncesean,False,1431,203
1491688435,GaryBuh,False,4013,296
13270172,koleross,False,3916,296
1176067598,danikaharrod,True,32829,533
42697261,KCoxDC,True,2859,305
1632763010,most_illegible,True,1050,1209
7577292,birru,False,224,322
28825574,everestpipkin,False,21308,800
15292070,pietepiet,False,27521,850
2775638761,TracksuitMD,False,9592,14
177819805,ZaaackKoootzer,False,1541,2394
240402090,MelloMakes,False,24869,878
2614299685,junklatch,False,2369,543
2798249142,legocrimes,False,421,511
4668653005,rocketpunchgame,False,8413,263
744238036582432768,LosingMyThing,False,149,0
2567858547,mintnightsnack,False,110,744
27315988,_ggdg_,False,91819,197
37712201,zerstoerer,False,17316,2569
36571152,freemagic,True,2723,910
17545825,patrickmcguire,True,7268,3760
148624151,Pete_Volk,True,2295,604
281281015,TylerBorchers,True,3371,662
392697199,JLCT,True,10043,1263
23818581,VICE,True,2041016,10727
25745133,emanuelmaiberg,True,4976,418
22563758,timturi,True,15620,953
179178993,liveanthony,True,2326,504
14132582,nicholasadeleon,True,3415,3377
3222211396,DropkickMcHorny,False,66,99
13185852,jwhdavison,True,28059,3289
17418971,giocorsi,True,29783,975
64199087,RyougaSaotome,False,4329,1459
243978312,Desgardes,False,556,3302
32709070,jbu3,False,2691,1250
19885375,Yelix,True,5916,993
24989711,AutomaticZen,True,5450,490
129064659,JericuB,False,82,358
89803844,jessegamble,False,474,723
13921452,MartinTsang,False,269,1215
315500190,SoDamnDashing,False,42,204
19217264,CasemanXP,False,292,749
1573843418,heatpenn,False,20548,620
1932360931,jirisrey,False,826,702
20347863,jesawyer,True,56277,570
17262744,GregRicey,True,19912,2133
113254439,PTibz,True,11613,1918
4638992359,ebooks_goetia,False,7285,5
1858467265,HeartMachineZ,True,38409,612
21411047,lucyjamesgames,True,67379,2105
738396680148508672,kshipwhitecat,False,179,139
2791161264,loveinsecurable,False,73,69
741208292328886273,SupportAltGames,False,403,0
2903979971,lithub,True,272753,995
369629573,loudmouthjulia,True,24004,934
2916067454,TheZoneCast,True,212057,33
2329066872,theintercept,True,867822,368
30801848,meghanventura,False,1302,1552
5436192,EvolveTom,False,9751,4182
176490054,ShonteWrites,False,648,173
776230196,emmahvossen,False,4455,1608
634716609,kaylamwasil,False,546,192
43932990,stinadacanay,False,576,110
2491799726,thedinojay,False,1385,336
4799007375,quinnHPM,False,1153,707
14478836,Kiey,True,2119,287
201409450,siegarettes,False,1794,1303
738482877520744448,nuclearocelot,False,124,813
15986025,JohnLHardin,False,4839,625
89287896,neildrumming,False,4242,1687
47509268,sarahjeong,True,118227,1707
49708023,leyawn,False,179597,990
16977592,dangolding,True,10253,989
110396781,ajplus,True,1228688,353
701133013262983168,str_voyage,False,41232,45
3519312377,dasharez0ne,False,144973,10
83738589,lumpleygames,False,9143,2337
142001754,RaymeCVinson,False,10813,784
15956591,jasonimms,True,3356,1285
21069606,gritfish,False,4327,1671
18359716,edzitron,True,46123,3910
14498622,SeanTheBaptiste,False,11128,3442
21447876,slicingeyeballs,False,25219,1533
4349908167,sokpopco,False,17371,4
1493160152,TomBoogaart,False,22346,484
17587331,ryanpequin,False,43032,597
2776221,nickisnixed,False,1094,808
211851247,ShareefJackson,False,10977,9636
434912438,robdaviau,False,13230,517
360696136,mmahardy,True,21146,619
16131833,adrjeffries,True,22060,1065
2999703069,waypoint,True,60956,839
14482768,tamoorh,True,45334,1000
2158461,StarFire2258,True,13203,1930
14245253,jetscott,True,19529,1428
40344152,CTWatters,True,11208,750
3033098871,TheUndefeated,True,168347,1086
732135234263650304,QVCbot,False,1032,1
727723017489551360,LiveCutCorner,False,1658,0
379210421,FraserIBrown,False,2585,679
15167540,burgerdrome,False,6057,382
45472230,grylxndr,False,2526,930
69004966,mattdpearce,True,159446,3266
198724748,muscularpikachu,False,4743,1127
723424017139425280,allourskies,False,126,32
138114146,fazor3d,False,671,1335
2493570780,clingtoascheme,False,162,1664
534512583,ohnoitscass,False,3341,2541
202335295,unwinnable,False,5918,1209
17262822,spacekase,False,1638,290
3239928445,duderuiner,False,734,487
87118451,Astonish13,False,253,589
18568639,videodante,True,9251,889
1683859902,songfeuds,False,1541,483
710942994824871936,Friends_Table,False,16207,11
1597117620,puppymoth,False,506,991
68058537,doomquasar,True,65663,681
71324265,videogamesny,False,405,165
3066772467,IndieLoveCo,False,137,15
5576542,PHIL_FISH,True,37421,364
587915451,rich_gallup,True,8198,1026
3141177994,ookpixels,False,236,235
16064715,kuraine,True,69981,1362
414953065,TsumeiMeyren,False,96,185
553193713,GoodWritingVG,False,2937,731
3399740657,witch_blade_,False,124,170
3248556293,Tokyo42Game,False,2434,49
2783025822,Bodegacats_,False,795100,10
35068127,ElineMuijres,False,8088,880
32291603,schoemannator,False,1356,1943
23487429,bfod,True,102022,955
186833531,seanmakesgames,False,604,641
3138166370,hackmudgame,False,893,143
217926830,EyTay,False,1608,266
19774940,MikeDiver,True,12313,1331
719306440817700864,imissrollins,False,10,0
14982534,uglymachine,False,4843,4284
18215717,krisgraft,True,10297,827
422087382,BriMcKernan,False,286,204
14448616,danauer,False,2480,141
102827796,cescaOLDACCOUNT,False,1097,1955
48171191,Maximum_Crash,False,1035,4
719260541198475264,vincentspence01,False,23,47
4875748342,_lysoljones,False,18917,334
18996221,panzerskank,False,3054,359
1109805516,AllisonKCole,False,520,485
517780679,ckjong,False,2960,504
15361577,aeleitch,False,1435,830
2982103100,katie_dey,True,7337,724
325935742,christianmccrea,False,6277,2228
17784840,pillowfort,False,2101,429
297419624,Shrubbette,False,8128,986
3242389954,CrappySynonyms,False,38,236
348082699,lifewinning,False,17793,142
14800785,lightfantastic,False,1828,846
14417540,Dauragon,False,5236,556
215408729,NerdGerhl,True,12735,201
57047586,atlasobscura,True,470136,3332
446496296,Mr_Joyboy,False,474,288
19058800,kitosan,False,24121,1275
23489657,trintran,False,66222,1002
2273626928,xmeetsdarksouls,False,21265,97
3070373330,ThatPinguino,False,174,200
167095835,PCBrown,True,8971,1147
15610183,innesmck,False,31074,1591
4144443129,BatLabels,False,61121,1
8059182,alexisg,False,10279,1016
158558510,TaraLongest,True,50864,424
32486066,syldenn,False,1327,930
2942330959,GoosePavlas,False,105,62
124087958,LAReviewofBooks,True,319226,5558
547294860,OhPoorPup,False,6509,1057
29166305,JODYHiGHROLLER,True,618609,3538
20919626,studentactivism,True,69719,2702
476152894,kchironis,False,28192,1039
20605481,AdrianChen,True,50594,4871
177965708,torahhorse,True,24126,948
707145908148969473,_statbot,False,7621,6
21467005,NotBrunoAgain,False,4619,427
19393570,PdxInteractive,True,160072,60
361517873,sophmallinson,False,5825,339
4207961,chrislhayes,True,2423999,1446
4862821860,StreamEsteem,False,111,9
705541099587301377,etescetera,False,306,923
18519106,GBDudersFeed,False,10342,794
15773691,vitiosuslepos,False,924,383
475747540,AnnaLandin,False,7126,504
18583083,mollygos,False,11657,832
12398782,netw3rk,True,274304,5439
401599387,mk_patter,False,1433,1487
913262527,SCARYHELLDEATH,False,51,1008
821102114,CyberpunkGame,True,1603919,101
3415806382,toongif,False,7412,24
20811652,mtrc,False,10252,639
378997876,elisefavis,True,7871,1223
532406707,XboxP3,True,912866,1107
728410166,nielsen_holly,False,7035,776
491013038,JDespland,False,1537,1022
14173635,DavidLublin,False,2671,794
604940737,HeerJeet,True,222656,1058
1935675295,Martin_Anward,False,25638,225
3421762703,StellarisGame,True,69687,118
262269526,kittaveli,True,32084,922
2943681239,DNOpls,False,15746,916
15888886,tinycartridge,False,14762,1125
2287339485,orbitalpatterns,False,5292,458
1013634234,ThePatanoiac,False,10722,1009
469901679,MikeCosimano,False,724,469
525083482,yumecaty,True,4552,668
26853,atduskgreg,False,5873,1665
4497077716,ProfAishaAhmad,False,29991,1832
28035260,PUSHA_T,True,1676160,978
4903790519,CodyAJSimpson,False,347,60
832376964,SolomonJake,True,16047,131
1311919178,thatJaneNg,True,24299,675
27577576,Luceobrien,True,29846,1843
14527519,HeyDerekStone,False,843,521
2213588328,theyoungdoyler,False,28330,550
1061201882,ACassDarkly,False,364,691
711377582,guldeuxchats,False,4714,1481
20017825,s_nish,False,1670,3465
1158234960,xxyyxx,True,46228,223
23345279,Brendy_C,True,6087,1217
14611876,sscalavera,False,184,58
21624372,lmichet,False,4691,1833
3347203689,RestroomGender,False,2821,8
15927538,jaytholen,True,10681,1427
3105987827,a_travel_bot,False,197,0
35305735,rebeccamock,False,23985,1114
3045203078,colorschemez,False,83370,0
4721383814,cerny,True,90150,13
17052857,bryanedwardhill,True,21642,4254
24450803,careydraws,True,44847,460
14738181,katetheshark,False,2262,306
17524295,FarewellRuins,False,427,302
69128646,stcymsn,False,5837,1267
62956260,krismukai,False,8421,681
372492290,TomMcShea,False,2852,396
3701125272,MagicRealismBot,False,143797,0
366981749,coleott,False,11803,1098
2981954027,nightschoolers,True,23668,243
4693912038,DUALGEARGAME,False,3013,1767
41469352,zandravandra,False,9763,1565
1158634008,DataErase,False,10106,736
14631962,tsiro,False,303,565
1448479532,coolranchzaku,False,2816,402
3816688513,KrisLorischild,False,2778,736
4725418035,kewandwillow,False,1859,510
15321242,natalievmoore,False,463,312
39157744,tobyfox,False,1171525,295
18619312,sarahargodale,False,866,495
2420019631,SubRosaGame,False,8433,16
715502802,burgeroise,False,5668,730
3441589939,ghostlydp,False,63,54
17915692,itmeJP,True,135632,1293
18290113,GrahamReznick,False,1966,1348
82036703,kranxpro,False,243,251
29848892,Spincut,False,807,743
4424139261,AnimeCommentBot,False,365,10
433219396,kadybat,False,4296,1121
4659269358,battlenet_txt,False,427,0
290879947,doougle,False,12954,5
2589386138,Ice_Cream_Jones,False,618,620
312937997,Steam_Support,False,587703,48
570247543,bullypulpit_hq,True,4034,251
18489585,GroenNdrew,False,7004,2816
35244130,weirdbonk,False,5753,363
35293,mrgan,True,22190,540
4406413835,metalband_exe,False,3851,2
70739029,jon_bois,True,232947,476
1263540390,BAKKOOONN,False,67455,1894
4450805057,illegalxtweets,False,25,25
2723713757,AmznMovieRevws,False,225419,1679
4441528948,IAmGuest,False,10,0
2951486632,YearlyAwards,False,2045,1
945164726,iendsl,False,489,1271
1440114032,carterlod,False,565,477
19530289,PennyRed,True,176644,4444
15331408,electrolemon,True,233513,285
2579497028,poem_exe,False,31855,28
70587360,ADAMATOMIC,False,29758,376
90686952,ClydeMandelin,True,20640,360
3347740593,larry_senpai,False,1370,6
45090120,vincestaples,True,1206254,603
17586490,TheGameCritique,False,1424,621
57710620,amosolov,False,10147,62
17930943,ZakMcc,False,2178,367
5603992,helvetica,True,72481,152
14719968,jessefuchs,False,1715,1180
509274630,LaurakBuzz,True,58076,2321
1941941826,GeekRemixALot,False,12131,815
19311047,davidwolinsky,False,2582,1390
2813464458,Cyarron,False,1295,1023
15164892,OhHeyDJ,True,37860,2822
25805943,iiotenki,False,4829,341
37522592,oddbit,False,2718,630
19570231,ndpaoletta,False,2239,406
19441929,DVSblast,False,19931,850
3319744374,FGC_Bob_Ross,False,13404,1
4062436638,BobRossEsports,False,9527,1
15774509,stevenplin,False,7083,645
17158189,MikeDrucker,True,212567,4667
42067255,srhbutts,False,15029,0
3997848915,OminousZoom,False,1068,1
3432610572,wrongpokemon,False,5280,1
2312171490,soybeef,False,76,128
3697191079,idleweekend,False,1188,6
16340865,tole_cover,False,2810,592
14594844,desusnice,True,1037088,1877
3989624675,the_joke_bot,False,23,0
3919759278,facebookgems,False,3273,2
16298441,dril,False,1646543,345
14649689,C418,True,216908,895
372923595,veryfriendly,True,18977,2000
1404620023,OldGamesWriting,False,131,0
2518245698,mammon_ebooks,False,354,281
12470602,mightyatom,False,10182,1000
3315484728,LegsFrank,True,29544,709
4538381,spammm,False,185,176
12707692,nvining,False,1332,495
16730824,lovezaku,False,1701,981
272260932,audiosprite,False,836,495
2976293643,playwellco,False,2019,517
376807850,ra,False,8063,675
3829470974,wowsoportland,False,624,1
1642524690,GeekRemix,False,14887,1042
21032183,moldovanm,False,219,1217
3240044101,gehenna_ebooks,False,1550,5
219839500,rebeccaAsmall,False,683,553
61336370,matthewseiji,False,5516,1092
2296771248,FourArmsDemon,False,1806,398
518247225,AshbyBrewery,False,49,0
2753755447,Tompassionate,False,26,60
545655040,emhaasch,True,4423,428
3131483356,Studio_XF8,False,736,1518
2821046862,moonmurmur,False,671,0
222192404,soetzufit,False,1553,679
184548039,tenseperfected,False,37,73
2756312148,ShirleyScurry,False,93229,248
3269157362,crumpledlinen,False,61,61
18382102,Qualiitybeats,False,884,381
21729394,eplerjc,True,21777,623
533394907,WWEBigE,True,932807,69
10782302,Sererena,False,3728,731
26884913,Quinns108,False,103400,723
91211902,ikksnay,False,1365,941
114658847,Gen_Ironicus,False,9894,171
3497475555,noun_pile,False,1058,668
293552084,TrinAndTonic,False,10464,962
43150711,aarontrites,False,6868,588
15488968,johntdrake,True,44242,4737
131345809,LtSquigs,False,2647,129
2931967725,lonerspop,False,119,130
140991622,Jikizizwe,False,105,282
27520806,tylersigman,False,6712,736
154648294,wynrush,False,2152,608
22866418,IcePotato,False,559,497
2436849737,Kairomatic,False,2590,853
80976488,kellybergstrom,False,1217,1950
41284429,AustinCreedWins,True,807778,2306
25929701,NEwertKrocker,False,667,586
15591032,RussFrushtick,True,33784,633
62982691,davidlcraddock,True,1308,1323
102237401,joshscherr,False,18691,1275
36695652,scntfc,False,3347,545
28955739,Wario64,True,1097349,676
14446148,mrfyshe,False,183,302
63832659,cowbs,False,2217,783
206954727,TheCharlesWebb,False,3006,2460
22066732,MarinoV1,False,3210,233
6889982,kierongillen,True,69154,1269
16683656,Mike_Eagle,True,74038,3040
3286048471,LongBeachComics,False,100,3
221527821,WinWinIrwin,False,873,570
3239418560,StayWokeBot,False,2472,0
18340855,geminibros,True,4024,2677
38318973,nathanvelllllla,False,21758,697
1345918747,ptychomancer,False,7011,1001
3000753730,TVCommentBot,False,3991,492
356939947,TheZaikman,False,980,839
61216007,SayemAhmd,True,2130,545
806555,Hadrian,False,239,196
125738772,bozulbang,False,746,602
2869819060,MythologyBot,False,21105,7
211555435,Garbage_Bear,False,202,1154
2732818747,RocketLeague,True,1071837,407
15518720,svnder,False,933,515
5162861,NintendoAmerica,True,11675131,229
3002666532,objectsgame,False,3038,844
112284553,Randomikari,False,49,509
233218723,DaelNorwood,False,1428,1200
191790175,Demruth,False,12555,49
3333573622,KatamariItems,False,8853,2
18908032,dphrygian,True,4861,4794
15341629,D_Nye_Griffiths,True,3653,2878
15419775,JenovaChen,True,90855,444
14538254,hunicke,True,17074,195
3226510299,Social_Sayings,False,27,0
34622164,skudfisher,False,996,717
39927968,aurahack,False,71190,1240
3137478371,poly_hedron,False,114,56
19521118,stephaniesheh,True,34150,702
121637129,MSinter,False,8013,728
16371098,JohnVignocchi,False,23455,1269
16117470,3PSboyd,False,4017,262
59967133,yozetty,True,17496,1504
53789489,Jkooza,True,5413,1914
18496432,nrrrdcore,False,32102,2466
366897431,GGMatouba,False,738,108
20659225,amboyes,True,62805,989
16873773,devilishone,False,212,138
24937082,PersocomNina,False,26132,967
15681129,Andrew_Reiner,True,46764,2898
2531293844,TutorialMission,False,89,0
569230286,jakewyattriot,False,42112,1713
682463,willsmith,True,131568,2024
3235228152,match3podcast,False,1020,5
18501214,jeffreylwilson,True,2083,571
2827647946,INeedDivGms,False,16738,9238
27717235,KahliefAdams,True,21338,6642
234625761,JordanWMinor,True,2375,1141
510770821,coffee_dad,False,143027,0
21224069,MattBodega,True,12395,532
126152870,mrsambarlow,True,13160,933
14787758,cypheroftyr,True,48496,19320
14227097,rustym,False,1861,244
34186348,dcraig814,False,224,599
299206560,hellophia,False,12866,827
215741558,kait_zilla,True,7905,1568
21168624,JosephJBroni,True,27465,973
122769401,topherflorence,False,6867,336
48461490,Appleguysnake,False,1102,566
49629418,TinaAmini,True,29395,996
83685273,JeremyBJayne,False,2158,996
15034675,EdmondTran,True,3949,408
2408317166,nicosegal,True,32994,580
1702611,chrisgrant,True,23000,1173
2294816190,SpawnOnMe,True,10218,2177
399036199,StubbyStan,False,4417,3856
6292042,enemykite,False,21522,510
6153752,Larrrk,False,1668,694
23168234,smcinnis,False,7959,402
285150493,MrGeop,False,4205,1339
2782035793,leninliker1990,False,347,907
9798962,MrPope,True,22334,1361
15248323,keefstuart,True,21244,2346
3863181,chelseabot,True,14711,1769
15195150,garfep,True,69239,604
126819958,jasonschreier,True,316661,1904
15454949,jeffbakalar,True,42665,1473
216760738,AlexaRayC,True,24572,988
18755518,kasavin,False,43032,587
18811254,gvaranini,False,7028,1016
18849368,andrewpfister,False,8127,929
29279564,ChipCheezum,False,15406,183
11420652,Harvey1966,True,29504,569
2994332759,NYVGCC,False,1098,81
123953593,FrontierWhisky,False,44,133
14129618,chasepettit,False,1733,444
3008264361,nodontdie,False,1045,1688
22582004,randlechris,False,3213,413
19576148,charlesrandall,False,4036,460
168043071,SPNKr,True,2539,277
3221426536,yeslekr317,False,15,16
785588682,emergency_fox,False,14254,1
1573090862,sundogsgame,False,105,3
3247221155,pngbot,False,309,19
29995782,saladinahmed,True,105003,998
15938093,infinite_ammo,False,23063,2085
158219828,nyalan_jalan,True,164561,2
1673665117,slimekat,False,3220,238
2647139192,wikisext,False,7551,9460
3087527013,campaignwhereu,False,2888,0
382763253,noname,True,600609,453
2325532627,HeatSig,False,7846,150
3181354032,CommutingCrow,False,3816,120
3180195181,BooDooTeen,False,19,2
1967409835,MerryKish,True,50684,1398
453963,frailgesture,False,31360,139
22775788,dannyodwyer,True,106470,1131
36311369,DanRyckert,True,85486,581
14478430,unastrike,True,39287,605
139840564,RichardZayas,False,443,201
18653813,bradshoemaker,True,89351,589
3165851298,MEMinsf,False,272,288
15410058,giantbomb,True,211079,28
110830315,sethkillian,True,27468,771
2775509312,wisdead_quals,False,10,10
35406821,yosp,True,376474,1378
2590694712,_a6productions,False,659,72
3214676379,Go__PissGirl,False,90,228
3108019742,seriousgame_txt,False,213,0
24297310,AngelaWyman,False,617,517
17064600,tha_rami,True,191304,19948
1914901562,itsTimins,False,14,19
26538676,suellentrop,True,6645,2748
126042901,katewelchhhh,False,47075,513
252253546,avashly,False,9197,2459
26399397,klembot,False,1489,199
205956186,rcmacleod,True,4769,1365
16339292,tyunderwood,False,1016,684
22725888,august_early,False,88,407
163556820,selmaleh,False,7747,2246
20113123,Vegapedia,False,4433,811
2187249588,quiltingcrow,False,1476,955
57827730,jhoffstein,False,2091,1808
580378595,jumadsen,False,277,1259
540294707,museumpaige,False,3163,3701
40631172,ncasenmare,False,61292,988
21856443,AboutThisLater,False,1818,2022
2290204512,TatsIllustrated,False,227,2
227550828,thatkimparker,False,4361,2636
1249384459,The_Tall_Trees,False,492,6
2199922957,gorice_xii,False,47,70
46749346,john_harper,False,14677,1010
16718799,kohquette,False,70080,2343
282751982,erandihuipe,False,67,86
2331712003,DreadbitGames,False,979,56
183300976,rebeccasugar,True,631741,200
405954527,EmilyHammersley,False,1693,1039
17048651,patbaer,True,6873,1075
36365614,clickclaimprize,False,2444,678
2833225902,RebelGalaxy,False,8704,343
858747138,fiveoutoftenmag,False,830,101
33795395,simplyjonez,False,824,1865
34451606,deepFlaw,False,791,1388
2564336228,DJ_EBOOKS,False,1120,2039
15791933,KirbyKid,False,2779,2844
14195880,mikerugnetta,True,47622,1817
3105672877,oldschoolflyers,False,4882,0
25484126,somebadideas,True,25597,3723
3014897152,gamestudies101,False,1768,380
15075133,SpindleyQ,False,955,821
926073312,onehandhighfive,False,305,407
20665221,tauriqmoosa,True,16435,2687
223680024,qh_murphy,False,4760,1137
2792080115,transgamerthink,True,23496,955
368630403,djchan08,False,543,1158
206713027,velocciraptor,True,4977,1173
119512652,dlberes,True,10116,998
55693415,LeanneCTaylor,False,789,1790
25181058,robauten,False,655,890
236849252,manofmanyfrowns,False,229,366
4663461,gonnas,False,6847,863
16326882,AdamSerwer,True,359405,2318
19414296,TheRealAndyMc,True,46885,1664
18719261,DrLinJoyce,False,1074,949
56163585,ministryofrain,False,247,157
18886228,the_author_,False,14250,653
17493611,offworld,False,6456,16
2521612514,endingsummary,False,1150,6
19836732,retroremakes,False,8094,735
2580674010,Instarbooks,False,729,686
28455324,monsieurpb,False,315,544
268980003,JoeKllr,False,785,444
257144150,EVCoffeehouse,False,769,1163
1270269918,darius_at_gdc,False,119,0
25086696,AlexGOrlando,False,1911,994
509718823,JacobinCalendar,False,3761,643
727690686,kotabuck,False,242,453
532788771,adrian_a_forest,False,709,266
106850629,LAGameSpace,False,3234,1019
189956269,moniabadir,False,518,182
68816714,alyeasandovar,False,1118,1165
164725788,cattsmall,False,10675,559
26307941,aaaarg,False,16623,361
41584370,jericawebber,True,8374,501
557818971,Hazlitt,True,17864,605
2205976656,magicpixx,False,8481,9378
2394620142,littleslime,False,231,357
16364644,fiddlecub,False,14240,1252
2909839293,cybertwee,False,1154,490
2886980757,OddsManUtd,False,667,773
2177312414,FALCONEMUSIC,False,58,118
411737819,ilitchpeters,False,2444,1197
18638898,Recursive_idiot,False,1076,870
17717552,fisheri,True,7670,8695
15958365,Gahzi,False,367,960
2999256363,Swandre3000,False,5052,1107
17206070,roncarmel,False,3138,101
104064280,rogergoodman,False,209,256
25588237,silverdoecos,False,290,521
1717532077,SubterfugeGame,False,1062,0
2981339967,HottestStartups,False,1710,1
2349440430,Strangethink23,False,5436,339
2984818021,FrameOfStack,False,1131,275
2333293982,CoolBoxArt,False,95835,189
34944049,getdizzzy,False,2203,1583
1319315437,dymphna_saith,False,795,543
54698729,lizardengland,False,16425,1377
27948931,RobZacny,True,24241,836
251063922,nictringali,False,884,134
1405071,rich_lem,False,15858,4512
77850269,crypticsea,True,7310,1021
1700392106,GridSageGames,False,6109,96
40397054,Faux_Wren,False,1310,732
1480056668,BossFightBooks,True,6026,1047
3008791,charlesv,False,2218,954
278109012,CharlieRock69,False,136,280
16288238,Zungz,False,795,1626
17288264,emshort,False,15009,1789
230662900,Essieteric,False,780,911
101027927,dcstarkey,True,1162,1316
33603074,Mercurial_Girl,False,209,109
44244590,MrMooEar,False,21096,596
774290894,Charlie_Dart,False,343,518
26168954,hoskingc,False,1154,299
2945540118,BrandsSayingBae,False,39949,261
2251397077,excitingbooks,False,1488,516
15210238,cleodee,False,8714,297
49440921,AlexDJones,False,779,830
1900050452,NightInTheWoods,False,60489,2
553025252,17_BIT,False,5751,811
18449101,paulverhoeven,True,33736,3440
36716420,matthelps,False,196,441
324747928,PWElverum,True,35883,98
1918427634,mcc_ebooks,False,657,469
499115778,psShaded,False,16,117
269911034,YAppelbaum,True,51440,532
538864884,ScrewflyStudios,False,392,2
2326057399,TacomaGame,True,5848,103
33868543,mossmouth,True,56698,1274
15642209,laura_hudson,True,33291,1793
924251114,RunButton,False,2049,77
1063698889,Stepunny,False,651,1074
2304465306,AH_Phan,False,227,230
28708146,emilybazelon,True,98072,861
14254444,krenshar_posts,False,8662,2699
8056522,Twyst,False,2580,2235
100301510,NotLasers,False,18247,2025
715945646,maschimensch,False,6141,1178
1050823976,JasonIndex,False,432,179
9270192,caseyodonnell,False,2150,1125
1881261386,TheBitBazaar,False,1590,919
2711501854,xxvi_xxxviii,False,1289,76
14358413,nnschiller,False,2610,2766
18358444,LindsayPavlas,False,2642,905
63858347,tuneyards,True,30900,1512
328149082,YannickLeJacq,False,2469,1041
18207451,delia_p,True,6039,2166
1372213609,_ToParisAndBack,False,963,396
35698206,MarikaRose,False,5511,1142
142352529,clarafv,False,5187,1972
204054046,Greene_DM,False,5993,1248
1014106950,RenOrRaven,False,1750,554
168101329,twitgera,True,9103,1491
21851761,SamanthaZero,True,11324,389
26110037,metasynthie,False,10348,1059
154793447,ShawnDoubleA,False,9164,3010
622175971,chriscaruso718,False,859,2206
2508960524,MuseumBot,False,8327,1
278937589,casskhaw,False,20098,1021
412362937,Vmosco,False,5229,3437
2864055989,westernuFIMS,False,1947,1368
15712531,youmeyou,True,5759,918
193928009,btils,False,166,624
1423593175,KIROOGames,False,8657,2390
280490190,GunpointGame,False,9908,1290
455429947,superherofae,False,1254,285
319130194,SatchellDrakes,True,23891,300
16736535,pcgamer,True,2323015,119
14190948,jbouie,True,434904,1219
2727051912,SixAges,False,2355,16
22001348,KestrelPi,False,3078,1905
82396981,MarchOfThePeegs,False,1160,24
489069014,Lissaring,False,423,353
260306257,OriginInsider,True,716678,58
2817107477,fall_ebooks,False,851,966
2857688810,DeliriumSea,False,318,44
2383312933,ProofOfLogic,False,1430,452
2764274657,ValueOfType,False,1193,108
2798501204,ReferenceOfPtr,False,320,52
948884748,InstanceOfClass,False,1203,176
2381423262,MemberOfSpecies,False,1893,701
2807292454,MaskOfFace,False,1239,171
2381848610,WordOfLanguage,False,695,368
2506218854,VesselOfSpirit,False,2235,0
2857586450,CellOfSheet,False,10,134
2823057909,FIMSGamingClub,False,113,226
860099634,TheChicMonster,False,2158,1119
2844611125,peaksrewatch,False,1742,17
2602315219,DragonAgeKeep,False,31083,388
125002265,synthesiastica,False,5394,918
182438807,CPriestman,False,10238,881
704543,gyokusai,False,655,42
43698461,boxofhamsters,False,1515,936
887397150,thricedotted,False,2791,351
2847866239,theseraps,False,406,2
21378183,jmechner,True,297735,180
105880821,edclef,False,7461,66
13640822,Campster,False,24403,767
24048220,frankcifaldi,True,31601,997
302207961,MicaBytes,False,376,139
25760074,WorldCatLady,False,2530,2080
185844792,appleciderwitch,True,5581,508
2591752430,drtoddharper,False,1645,144
227517044,ScottMadin,False,754,552
860191844,VectorFestival,False,1401,1272
93732578,safroka,False,736,1226
1494961,atlemk,False,482,925
213169226,Quinnae_Moon,True,26678,1154
21153353,iDCtweets,False,1407,912
2796994949,WikiHowArt,False,5412,0
18396537,nickbreckon,False,15466,603
189224281,HutchUniversity,False,71,245
33429317,peregrinekiwi,False,3043,3301
38508404,brodiegames,False,1987,833
14047665,morbidflight,False,531,1027
28149139,jeffpreston,False,4598,3011
456142909,Dungeon_World,False,6802,1
8229082,olde_fortran,False,5140,505
22540035,ellaguro,False,8422,729
2495181,shoddyrobot,False,591,402
340056002,MsMinotaur,True,21860,472
114628978,StuHorvath,True,3559,460
178932440,partytimeHXLNT,False,11925,3440
1551005306,jlmunsey,False,74,394
174077854,MOOMANiBE,False,13190,3206
308245930,Winkonthings,False,976,814
23451153,ubiquity75,True,20411,7476
2372343103,wwefoucault,False,115,123
2575131108,TheStrangeLog,False,51046,0
131550752,CuttingRoomWiki,False,16658,27
18892183,alex_navarro,True,71372,1001
952494199,ActWon1,False,285,201
45944057,onidavin,False,4091,1206
35986581,JasonZil,False,675,1602
1106923974,rom_txt,False,1938,0
2505439057,dateordie,False,1125,0
14789070,JeffGrubb,True,76664,2096
81011206,austiniyaat,False,297,325
298942872,bombsfall,False,97287,1659
17528017,ksheely,True,4047,1112
602101653,Edcrab_,False,1947,263
21663770,betterthemask,False,16364,3419
1419416053,boenyeah,True,36513,792
73978409,CalumBowen,False,4289,526
25431305,jaBanks,False,344,200
233343528,HanakoGames,False,3258,49
2694088680,mortalhugs,False,29,126
294818048,kinderkindred,False,49,127
145725999,gaineshubbell,False,201,288
7961342,Papapishu,True,27759,1002
44213661,MixedUpzombies,False,194,385
15911935,vqnerdballs,True,5766,165
2605027879,WorstMuse,False,59868,5
273610528,CSADIN,False,640,1281
82991118,elektrotal,False,11946,1146
342265935,thesaraclemens,False,1151,973
2564114640,ivy_ebooks,False,30,8
12341222,tullyhansen,False,1193,970
2476160064,wisdead_ebooks,False,552,792
637168860,LeafyGames,False,1465,157
1122761,scd,False,1758,635
741514812,playcult,False,698,539
21301903,SimonParkin,True,13521,1405
305328856,LineHollis,False,727,279
18768427,umbyrella,False,6553,4380
2216299843,oliviataters,False,5949,4889
218287028,tomwconnors,False,1097,554
1869088058,only_a_comment,False,176,1
610509806,MxTolvo,False,1233,813
371635567,Worthless_Bums,False,6146,1321
2216000610,faq_walkthrough,False,419,1
5478002,claudiakincaid,False,10972,6266
15629821,ProfessorTMR,False,1664,1742
1939947326,afraux,False,730,997
2232827756,NoMansSky,True,330827,1
178406516,thecybersteam,False,300,337
5867722,Pentadact,False,93158,613
14258148,Benladen,False,846,0
1470101396,KitfoxGames,False,30837,310
2481922668,dwarfort_txt,False,2605,2
2420865697,0xB00D00,False,1384,1886
2318743766,WarpDoor,False,8008,1701
10367702,JuliaHiltscher,False,11817,1806
1713953130,jen_whitson,False,1045,988
623801660,rabitine,False,11785,143
347528892,mblytheadams,False,828,471
1606864777,owlofscowl,False,386,612
20032617,ybika,True,5621,694
9272722,bartsimon,False,1319,1515
15963621,mintchipleaf,False,3342,710
478745689,gamesthatexist,False,415,81
15782898,CaseyMalone,False,8907,459
50209640,BunchesOfBees,False,1689,902
16140650,winnersusedrugs,False,8375,1206
253787402,sylvibullet,False,8491,815
30957285,rare_basement,False,30034,1144
12284582,deliciousbees,True,8112,374
18680381,BagelofDeath,True,5652,407
10757152,ibull,False,1243,1769
272190788,cjkershner,False,759,667
115216851,SupergiantGames,True,331622,41
47239879,KatNicoleB,False,5939,5026
19945554,acosmos,False,4300,201
26596758,marshllsandoval,False,167,421
2482834658,_all_of_us_,False,140,0
742023943,sproutella,False,3802,500
2470657465,AnchurianAir,False,48,2
108441652,AyeshaASiddiqi,True,74825,999
2463775922,streamfriends,False,978,16
2463780158,notquiteclock,False,19,0
53839134,RDAwesome,False,286,350
2457153247,Miiquality,False,465,112
2322915278,TumblrTXT_TXT,False,326,1
2238058567,corruptum,False,105,0
1838691,siljaws,False,247,253
8286,DevP,False,552,278
18687768,sidneyfussell,True,7599,3312
56768257,femfreq,True,676318,1644
32688679,bobvids,False,10194,497
25170668,arcanistfox,False,2868,447
1210280802,xoxogossipgita,True,40663,2308
531405392,figames,False,9810,4
21441402,kelseyr713,False,2106,4999
634308522,CHARLENEMAXIMUM,False,5472,882
23720736,webbedspace,False,3395,192
19092024,mattbraga,True,10623,1872
145885869,stbeirne,False,551,270
15102874,rootkitten,False,2271,321
20802697,Megan_Nicolett,True,21500,848
2375344082,CyberSkymall,False,31,1
114452393,PvtKris,False,400,387
2366699222,ImSilentWitness,False,12,0
318748434,unikronsoftware,False,263,0
2366009953,dariusbots,False,579,1
297842910,Mi_Clos,False,5585,609
1618706810,BlackIceTheGame,False,4486,1669
363591541,mrj_games,False,4052,1968
2225334668,onforums,False,2638,1310
17398347,jasonbertrand,False,3687,465
2342620190,portmanteau_bot,False,1832,0
207936757,Respawn,True,966007,147
69293697,Felantron,False,1563,604
417646596,burrlauren,False,821,746
18478184,sparkyclarkson,False,804,1404
22957921,legobutts,True,14866,3560
1562319528,GIAWire,False,898,0
1171098487,_yourDM,False,6098,3113
1360239408,Titanfallgame,True,534640,141
119228619,ElisaRockDoc,True,8187,859
47397362,teamcovenant,False,10110,102
51912787,pattheflip,False,11944,1723
19529445,krystman,False,2944,1020
54082511,HughSJ,False,3358,1247
40146181,iboudreau,True,9552,3761
23824941,thecosmicjoke_,False,223,524
5735722,meJustinPierce,False,963,1109
2317594668,austinwalkbot,False,4,0
247554276,mechapoetic,False,27881,994
1190924772,DeviousVacuum,False,1788,376
88501703,8bitwiz,False,3555,2514
60941013,whkchun,True,9814,1137
2283951726,spacejamisdown,False,228,1
21394394,clairejk,False,149,145
22487407,Rokashi,True,7630,147
18594417,lukesimulacrum,False,602,709
123346058,johnvanderhoef,False,1356,2198
173155110,molleindustria,True,15573,616
326886738,WeBeHarebrained,True,21383,467
539183579,IndieMEGABOOTH,True,12190,471
1977399385,lifehackrbot,False,133,0
2293077919,DiGRAThemes,False,84,45
47273526,messhof,False,7989,857
1228486045,wikivandals_txt,False,3045,31
19580413,fmtownsmarty,False,227,157
2275275865,Outkast,True,182966,3
216403017,GamesInstitute,False,1576,678
2282369803,SimGenerator,False,1280,4
70032403,KalleMacD,False,1603,622
61879907,dsaas89,False,743,470
15884697,Charlie_L_Hall,True,7980,3542
11740382,biiigfoot,False,4317,453
242202585,PeachyAenne,False,6788,2186
26256042,ConnorSherlock,False,1355,999
218601115,DamianSommer,False,3955,767
40371784,adcybulski,False,808,1118
1927381,dizzyjosh,False,804,3253
2224073966,BadSonicFanArt,False,25011,118
109951411,RowanKaiser,False,6989,1347
22475541,lightnarcissus,False,1033,468
28344264,NoSleepOlivia,False,8738,3608
2188800116,stockfinds,False,7526,4
15437068,jonjonkn,False,252,901
17054874,csawula,False,1072,398
14476063,Nelsormensch,True,9217,352
1091074206,MagmaFortress,False,595,46
1849424084,StageSelectTO,False,533,1130
1917902778,katyandkatie,False,1105,351
2189503302,NYTMinusContext,False,170223,691
160732017,gemmaspeaks,False,104,114
14911558,lcyoung,False,821,924
36735522,beatonna,True,158991,598
108445345,erlohman,False,717,456
19880440,screencuisine,True,6365,975
2172989143,qtyahooanswer,False,3984,4
477205806,tanyaxshort,True,19051,998
57903424,hellogames,True,243794,2383
4058321,kyraocean,False,8762,4124
95295833,Justin__Snyder,False,773,1445
16317556,rob_haines,False,363,379
297186688,AmiYamato,False,12589,636
66666549,TweetsofOld,False,146332,1374
15714994,chocobomoshpit,False,462,497
23255520,bartronfink,False,76,148
214840234,kaborso,False,152,382
14522617,Vahn16,True,15155,966
137476808,KateKligman,False,2072,1253
811941542,arcadereview,False,976,120
2194937466,jpeg_ebooks,False,8,0
385264053,RealChadWarden_,False,4581,238
14135842,boarlord_,False,3471,2539
294040042,Silent0siris,False,22993,998
16148004,notveryraven,False,2536,997
36930685,tessmallory,False,563,645
165537786,radiatoryang,False,24080,2028
14523454,mogwai_poet,False,8426,567
18427576,apricotsushi,False,4031,523
16220934,rockpapershot,True,189032,13
42110634,idlethumbs,False,58359,38
1007158076,RobotParking,False,1348,1028
1262573935,ludicdreamer,False,806,578
14551311,Ramerra,False,33,16
31001581,wonted,False,29,90
244090077,zoyander,False,3087,885
24256374,regentoforigin,False,638,738
52598428,HowlingGalaxy,False,849,223
364488011,RealTimeWWII,False,531934,838
859921861,nanowrimo_txt,False,2839,0
189767724,michaelohlssen,False,42,64
118971555,cucNotes,False,336,2917
1705052335,TwoHeadlines,False,7728,1
565097390,TextDeviantArt,False,15547,6
312426579,mcclure111,False,28791,3337
1904616390,liquidblackness,False,1126,1158
294646275,Brock_toon,False,4521,1323
9194742,AaronM,False,1204,1004
6326912,vogon,False,6314,1043
1928142788,alicedetweet,False,113,230
40300483,GameDesignDan,False,8550,997
1900565954,altgamescrit,False,75,13
1898070823,reddoorbluekey,False,439,111
25195780,enafora,False,159,125
1594071944,camposanto,True,50090,42
240274547,smestorp,False,7832,425
1317967837,WhiteFeminist,False,9786,6
120841704,notquitereal,False,13281,696
108446116,Fobwashed,False,12551,138
16317757,SnarkyLamassu,False,400,465
47207321,flantz,False,61306,444
194767950,pixeloaks,False,28,75
49894156,stiknork,False,1392,312
1724337602,DJCrashCrash,False,866,18
17992832,BionicSheep,False,382,638
1712873102,sailorsilicon,False,394,3
1230837734,BadMiiversePost,False,49916,1
71184745,00edit,False,5229,5723
1712713788,notagamepodcast,False,387,210
1493705484,Storium,False,1995,250
83876527,tejucole,True,243675,905
1665151578,foramgames,False,747,0
243616649,sohalikethestar,False,13870,1114
521969049,TheSprawl_RPG,False,1474,122
14837505,Bboy_Izilla,False,2565,998
13096002,mikeBithell,True,70925,3590
26902304,twoscooters,True,15091,825
491895975,manfightdragon,False,49466,663
33380191,levelzerogames,False,210,62
1655353038,FalseMedium,False,4088,0
1612846112,PasteGames,False,3113,179
45784061,KingCurryThundr,False,14642,2220
20113097,PateraQuetzal,False,1781,0
15285444,zusty,False,7192,1282
321408176,PersonofCon,False,955,1991
990145364,FPSWeekly,False,4154,392
45487007,Danielleri,True,24600,2753
1537688762,EffNOVideoGames,False,3054,0
22317245,vonneslut_,False,1039,718
20272858,cardboardcompy,False,15226,268
18884601,klei,True,146722,395
720733,ztiworoh,False,1066,1019
1559660850,forexposure_txt,False,237810,6
813949004,RealGameQuoter,False,307,927
1043410754,YahooAnswersTXT,False,54686,35
187607140,drewscanlon,True,83950,342
903910116,ShortGameTumblr,False,36,3
50476905,pcsegal,False,897,486
1074544400,RealCarrotFacts,False,173207,2038
107478141,MammonMachine,False,14682,253
23232306,ElizSimins,False,5795,999
376570418,Sawbones,True,75933,8
96589734,MightyMothra,False,138,457
37336289,potatojin,False,3809,588
1137237582,jennlighten,False,36,79
437049774,wol_lay,False,160484,38
51399541,crocwork,False,297,797
165061037,Fengxii,False,2938,1064
4004901,alexhern,True,69760,1941
62360037,robothyenas,False,448,410
185609783,MIDImyers,True,29070,625
140959702,expdotzine,False,1139,422
912570883,GooglePoetics,False,43025,0
1251081890,NicGrove,False,872,901
1485557502,objectsobjects,False,7481,2645
20917156,jsantley,False,1086,855
1447959042,NeoGAFMid90s,False,807,5
207756340,wwwtxt,False,24750,5398
128362778,alyxjanehall,False,243,364
24992303,mrprice33,False,1668,987
14411072,Tiyuri,False,57275,138
86442557,WarrenIsDead,False,11781,985
14924876,Jordan_Mallory,False,2554,311
16193325,plante,True,39825,2286
226591129,cfloydtweets,True,2969,402
172066483,carolaverygrant,False,5841,2123
8146732,jaredr,True,5956,607
1394200993,GOOFNewThread,False,5,4
1378414568,ariannecarson,False,54,26
24848058,vankitch,False,998,2982
14379485,carolynmichelle,True,14721,1472
14500028,esdin,True,2930,2161
276322412,thotxcouture,False,9125,229
28709583,critdistance,False,7779,45
274464570,john_brindle,False,1305,1103
24668419,BRKeogh,False,10322,1278
48245097,AndyChalk,True,4138,1197
1322010505,ConversMusic,False,5,50
98976495,newinquiry,False,53369,1457
248124607,codenamepillow,False,16,35
14951588,BooDooPerson,False,3516,1416
520685404,dukope,False,70914,102
16417665,KeithJCarberry,False,7862,455
43700148,jennavanklav,False,3205,3026
65300125,WillCarpenterJR,False,1258,567
1031876551,theStereogram,False,23,10
118279350,BlendoGames,False,59786,292
18502970,John_Carson,True,982,953
9974372,variasuite,False,329,4837
57437794,henologist,False,476,865
17874544,TwitterSupport,True,6904603,22
820818900,NeoGAFShitPosts,False,4810,5423
295945054,DustieRhoades,False,87,95
61121929,Jarm__,False,792,2382
246682858,SLAwrites,True,15717,2434
19550165,DanjoKaz00ie,False,3806,1165
454340464,Polygon,True,962873,108
325966297,xpatriciah,True,27293,3465
226346115,UnburntWitch,True,123671,2854
38138597,adult_witch,False,13480,589
14852199,christinelove,False,34608,545
2815131,Menno,False,275,29
1134379814,iTunaTX,False,244,1619
16874875,griffinmcelroy,True,327972,453
16079245,ELahti,True,15935,1880
393460809,vectorpoem,False,9959,357
933326294,nbsparth,False,65879,1228
612678415,GoneHomeGame,True,8746,361
1120824648,CodecFreq140_96,False,5140,1
46506404,neotokyohq,False,385,15
546805197,JulianPetschek,False,171,212
6587082,wordwill,False,4014,492
626791674,Love_that_Goku,False,11425,1
16792453,chrisremo,True,78253,624
812549671,DevHelix,False,74,551
13909392,amsone,False,100,435
67825149,Burning_Luke,False,7637,480
1000262514,SeinfeldToday,False,722930,0
15387870,ja2ke,False,21978,1267
14471133,vanaman,True,23171,541
17820920,grmartin,True,5646,2276
14563376,garywhitta,True,115066,877
14475298,tinysubversions,False,24062,2709
578549028,metaphlame,False,62,321
16421419,JustinMcElroy,True,357779,547
22247025,KylieTheodora,False,2126,621
263505287,TheThreeTwo,False,376,575
22044150,gmcfosho,False,8667,220
381988690,subsetgames,False,29822,117
14137737,acarboni,True,129682,1341
492070009,fanfiction_txt,False,139664,443
21484700,mllecait,False,323,637
265165346,Adilegian,False,1201,1048
19759597,VinnyCaravella,True,87175,172
58511926,NYUGameCenter,True,13635,1807
16181584,jimrossignol,True,17560,3157
17541602,jesperjuul,False,7931,456
20607698,mckenziewark,False,25922,574
12223,jeffgerstmann,True,170301,281
24070941,ckunzelman,True,12306,1402
7125992,aegies,True,28616,616
46499589,EchoBazaar,True,37606,17
461736934,DroneInsertion,False,3466,1
525268196,molyjam,False,1420,65
16216346,RonaldDiemicke,False,237,968
15078306,SteveGaynorPDX,True,108105,808
462621933,bogost_ebooks,False,680,41
421697578,deadofthebrain,False,83,113
366383886,Persona_ebooks,False,7739,1
67728650,mountain_goats,True,203258,4089
135316691,JadAbumrad,True,317397,601
329813871,nyorosys,False,196,544
42332035,zimmermaneric,False,13526,323
15464301,mikesuszek,False,2715,1319
84966500,BBolander,True,13479,1329
130397721,vonrosceau,False,271,119
84516200,andore7,False,252,288
391891226,TNG_S8,False,80576,52
156383327,xheidenx,False,111,9
388687188,Shipped_IT,False,6,1
38111899,samchiang,False,35,137
372357443,TopSecretCheevs,False,46,17
21369182,j_icathom,False,63,189
17560096,sc,True,3071988,0
35066483,kirkhamilton,True,86097,577
312860399,HJBenjamin,True,295403,667
807095,nytimes,True,51141441,860
23742038,mode7games,False,13844,7560
56563047,Jesterplay,False,121,121
153318410,the_eco_thought,False,18322,839
20117923,ElvisCostello,True,124883,135
14305399,TheFienPrint,True,53087,464
108382988,radiohead,True,1912223,10
70805948,PIXIESmusic,False,8884,8
47051587,svetacular,False,4,337
11997592,kobunheat,True,33275,786
16437000,Henl3y,False,3117,1628
252898821,EYE_DC,False,971,843
243439460,SwearengenCD,False,7995,0
27890540,simondumenco,True,42190,12615
19738805,br,True,495269,746
42927633,medeamalmo,False,3307,3239
23238377,jettxyz,True,17027,877
137090436,therealhennessy,True,15752,1276
20450186,HIMANSHU,False,38292,933
15663569,marfybarpes,False,545,801
75107207,illdoc,False,2228,284
13084302,JarretMyer,True,2675,2589
125178918,the_littlelf,False,156,141
196818436,ProfessorLevy,False,196,485
35365234,EGardepe,False,336,668
15357324,douglaswolk,False,6777,635
167577748,KingDragonPass,False,1962,11
108164862,vixprivates,False,708,111
28420827,FINALLEVEL,True,1843955,1725
116234243,MeadMcCormick,False,164,194
14061690,pilotviruet,False,15557,976
12266442,JanelleMonae,True,1237284,633
16565047,schafferthedark,False,7304,225
52462278,Shake_Well,False,1372,1479
15447248,amazongames,True,368748,438
86196231,BeaccchHoussse,True,280706,471
105220232,maaariammmnm,False,1989,2155
169686021,kanyewest,True,30622565,212
164773495,RobLitz66,False,6,43
6480682,azizansari,True,10134835,0
5413042,KyleOrl,True,14399,2357
18840445,sepinwall,True,146402,753
66501585,Shinino_Kage,False,255,450
23641687,arocho,False,715,609
17067083,gatmog,False,222,161
813286,BarackObama,True,130402955,587668
41721205,evilsharkey,False,4374,496
48259431,heemsonly,False,33757,1268
16521007,scootereater,False,287,460
31178809,IOLTOS,False,64,17
43621019,Nolithius,False,1037,194
98215999,htothepizzle,False,348,959
18817547,The_Katbot,True,19531,1209
39394932,markmacd,True,16876,1800
122081567,DaiMacculate,False,1194,3593
22848759,Nick_Lalone,False,2665,2491
49725811,thomascross,False,76,279
15169938,drewwww,False,1905,1369
20413504,SERIOUSLUNCH,False,460,426
20414794,BobOfficer,False,187,252
15962096,DAVID_LYNCH,True,3286562,42
26200403,LattMeone,True,8782,1499
4101981,takkaria,False,425,626
21224587,EvNarc,True,25444,3018
6825792,ibogost,True,107233,5648
61910741,pkollar_live,False,81,81
79925286,silfnix,False,227,450
7331992,MituK,True,11318,1925
21918334,DinofarmGames,False,803,288
18933499,108,True,63118,774
64795434,BSBDmusic,True,8876,378
15329621,SamitSarkar,True,11440,861
17831432,ConradZimmerman,False,12964,853
38360818,simonFerrari,False,2400,949
83883831,Miguelatron,False,62,0
83883736,FakeAPStylebook,False,273031,81
82714804,PIXIES,True,291148,311
21257538,mike_thomsen,False,1449,1501
43530763,LPArchive,False,1301,1
1798431,johnteti,True,5112,514
13862162,kotowari,False,3158,1439
11136812,ShirazM,False,162,676
1628691,fruhlinger,False,4637,502
32934595,carly_knight,False,62,92
15222017,red_hedgehog,False,407,384
16227630,itsthereal,True,38095,782
16232875,NewtypeLady,False,392,360
6376662,theiguy,False,85,30
16259100,thelite,False,151,260
48143674,murderhugs,False,91,207
45438928,TheRapUp,False,1094,582
44681159,ryanhebertrules,False,92,252
19544520,Atlus_West,True,362943,690
14572749,1amowery,False,455,870
16794903,lady_ava,False,808,334
20747847,masseffect,True,846329,75
14728460,JoeCorallo,False,2173,1341
6547952,GamePolitics,False,20907,0
35605186,Zkrizt,False,50,260
15503224,TraceyJohn,False,5188,1347
33191389,stephentotilo,True,103864,2162
33115024,Helioglot,False,234,160
15023029,maverickudo,False,79,140
20652658,onelastcontinue,False,285,900
24856527,mattsilvestri,False,19,0
28572736,TheRealFolkDrew,False,72,166
20480971,dirtytea,False,4860,183
26937692,ali_west,False,9837,228
16100281,taylorklong,False,763,991
22164856,alphajammer,False,94,225
22196663,carniesheek,False,29,14
16595421,osaraba,False,561,746
16242069,shaunmcilroy,True,1672,1421
2830441,Audra,False,143,523
20825095,WALKSTING,False,13,35
18752997,TheAnarCHris,False,1129,1267
20897572,MarylisaD,False,101,315
20860362,Talint,False,84,57
13461662,patrickklepek,True,168426,1038
15288476,ph15h,False,399,190
20286367,PhilCaron,False,282,439
12127832,theECA,False,8209,4345
13411862,djtpanda,False,348,849
16898061,GeoffieTheKid,False,979,1026
20411780,ParadoxHazard,False,293,357
16280927,Maddy_Cafe,False,74,364
18093081,Sarcasmorator,False,832,2443
19695915,philhassey,False,3746,249
14262690,rizoh,False,4242,1974
19550535,Greenspeak,False,32992,1233
17052055,gamespite,True,30262,1029
18797345,Rydog,False,24569,1127
17411748,bclevinger,True,10553,113
9451052,geoffkeighley,True,1351976,8298
13356642,MikeMcWhertor,True,18733,713
11928542,Kotaku,True,2201350,67
16799897,leighalexander,False,135509,2857
18913179,robertashley,False,11061,795
19000474,retronauts,True,18377,49
13156832,mthomases,False,301,265
817113,jsmooth995,False,72144,9228
14939981,questlove,True,3365514,10037
18734182,seanmolloy,False,2487,698
18728200,rdbaaa,False,8061,210
17398320,bobservo,False,17108,825
15125824,reibeatall,False,607,320
16517910,twittch,False,1357,312
4790251,bleatingheart,False,9787,659
14540308,mynameismita,False,119,0
16986818,atebbel,False,6354,490
428333,cnnbrk,True,61737214,120
12442992,ryanodonnell,False,11868,809
17547979,ThierryNguyen,False,8068,3009
14199979,ncroal,False,21599,765
15518530,ShawnElliott,False,17258,68
18715225,nsuttner,True,21388,1208
7144922,Chufmoney,False,33678,358
16871637,ShaneWatch,True,23682,4709
18753280,wildvulture,False,844,995
