873479744414773251,DerrekOW,Derrek,True,11852,624,5365,40
1036595140356231168,makibacs,makiba üáØüáµ ZETA DIVISION,False,41152,3658,3277,372
735889079548674048,AidenSPhan,NRG Aiden,False,6983,903,14126,11
1625163146,slaydoelol,ùïÆùñîùñâùñû,False,1525,269,481,3
1419324590,Subroza,TSM FTX Subroza üá≤üá¶,True,207685,1012,4018,293
762183183156686848,Cryocells_,SoaR Cryo,True,4253,292,575,14
1124943282767663104,Love1etter_,min,False,67,106,839,2
2462142338,AaronnFtw,b0i,True,16417,451,4186,66
1071104846684676104,dizzy,dizzy,True,149924,821,2216,174
2767390367,katiewonn,Katie,False,1690,101,1209,2
1450374013084184577,BaldDerrek,BaldDerrek,False,26,3,16,0
1173386035205758978,W1LDWES,blade,False,35,135,132,0
828082863925035008,zerg,ZerG,True,3661,696,2231,15
1242249022661746689,NarwhalOW,xX_Naughty_Narwhal_Xx,False,589,359,3148,5
2533347505,MikesHD_,Mikes,True,2831,422,2219,24
1292239099907186688,ApeX_DH,Drew,False,837,247,4658,2
1120423414877937664,sadIucas,lucas,False,2583,547,10327,3
721186369817567232,nillyazVAL,nillyaz,False,923,403,704,2
1213354016928759808,chloe_hime7,chloe,False,2739,2185,52668,21
95028697,neemamahmoodi,neema,True,2287,477,18475,1
1100571164706000896,khanartistval,BBG khanartist,False,1668,569,6907,10
164502474,ViciousFGC,Jeremy Mitchell,False,6596,666,26035,61
24952583,TheWillNeff,100T Neff,True,111391,942,4188,148
481310916,G4TV,G4TV,True,139013,13,4774,319
2886633168,Xeppaaa,Erick Bach,True,11080,221,1104,68
1403799452352086019,valorant_gf,tiff,False,300,311,1677,0
895843329501310977,dpei_ow,David Pei,True,7495,164,681,48
1019649177830281216,ChaseOwO,Chase,False,4556,997,20270,34
711666027113877504,LiNkzrOW,LiNkzr,True,48451,551,8099,273
818576939233386497,Morgausse_,M√òRG,True,34169,1100,6060,35
1300945906875891712,Governor_Val,BBG Governor,False,41827,345,3566,36
43355400,Smix,Sue Lee,True,90059,1835,34447,0
2965236231,blaseOW,Jeffrey Tsang,True,13121,577,4787,90
3305579462,Guiiimond,Gen.G gMd üá®üá¶,True,16724,981,5257,107
151011047,Ballatw,Ballatw,True,66239,2072,13175,69
973071078179393537,SOFAFN,Sofa,True,6863,649,1361,13
3240003443,AlejoFPS,Alejo,True,7842,616,3841,7
967538661335105536,BadEmperor_,ABX bademperor,False,1139,546,9580,3
526628364,flexinja,NRG Flexinja,False,86233,744,8755,70
1094632302724960256,FrostyValorant,Frosty,True,4365,402,627,13
1337929881074675713,Yoshii_TTV,Yoshii,False,716,419,437,3
1178642014939815936,sullycasts,SullyüéÑüéÖüèª,False,6376,877,12541,23
1332751348513845249,aEvilcat,Mimi,False,8859,921,4636,31
1164041388977270789,Upmind_,Upmind!,False,4478,1845,15937,32
1295006533911220229,rcytm,rey,False,207,389,1759,1
906966704160256001,BearRock_,Misa,False,52,101,4,0
1965809154,venture_fps,Radiance venture,False,564,836,2544,4
4315854253,Kayuun,Kayuun,True,37148,1478,3112,35
2369190265,wyattriver_,wyatt,False,9057,274,410,35
2855407413,SideshowGaming,Josh Wilkinson,True,53373,860,9354,319
2547586190,mooseloff,LG moose,True,12372,493,2169,60
1324458539214020609,valesports_na,VALORANT Champions Tour NA,True,89061,305,3198,224
1049836527340179456,randyySAVAGEVAL,RNG randyySAVAGE üá®üá¶,False,3226,650,1734,31
16496073,Vansilli,Vansilli,False,8454,2003,30339,77
1014972062300033024,fireballops,BBG FireBall,False,2344,804,1226,7
50085192,SimuLiu,Simu Liu (ÂàòÊÄùÊÖï),True,788560,714,12376,884
305967569,SupremeDreams_1,Mark Phillips,True,1104227,936,10567,737
1019813510325288962,pl1xxval,CHRIS (ÊùéÂ±ïÈπè),True,4359,544,1892,16
879348816,Eshotz_,Eshotz,False,815,469,5509,5
2607056629,dazzLeGO,LG dazzLe,True,5932,506,4775,37
895911342019825665,OfficialXETA,C9 xeta,True,16183,1047,1581,99
983888611463573504,leaf_cs,Nathan,True,30482,696,4451,129
715037389727596545,LORDENZO96,LORDENZO,False,1160,493,6602,11
932018545243971584,walryx,w,False,77,79,1142,0
248992493,Rodger_Saffold,Rodger Saffold,True,27008,485,4298,273
1197737256745721857,sumpval,youngblood,False,56,158,702,1
459000007,ObeyDRIX,Drixyypoo.,True,6130,962,75114,23
387741736,ImJoviGG,100T Jovi üèπ,False,2820,1708,7088,14
936395770411937793,madafps,ABX mada,True,9559,452,1174,45
2919979271,domaVALORANT,FNATIC Doma,True,15008,667,3456,108
779791698998198272,derkeps,FNATIC Derke,True,35078,656,1251,148
1419320797307543558,WeirdBeardYT,WeirdBeardMedia,False,138,1458,290,2
3308277720,KING_BABYBAY,FaZe babybay,True,89776,1175,8144,265
135019364,trvisXX,TRAVIS SCOTT,True,11440009,690,1220,3941
1116517610655494144,SyykoNT,XSET Syyko·¥∫·µÄ,True,2552,857,3340,17
751339233504141313,pyonzas,betty üíå „Éî„Éß„É≥„Ç∂ pre-debut,False,24,66,46,0
1326338984440713219,dynamiicVAL,dynamic,False,805,393,357,4
1011601141807927298,GeorgeCGed,George Geddes,True,32204,1044,17648,82
3087489251,yayFPS,yay,True,69549,585,1907,183
500844097,ohhaaaiiii,COL ohai,False,576,325,215,2
2474895264,KillerMillerGG,David Miller,False,1468,849,9311,3
1133927741303078912,beaver_sky,Beaver,False,421,626,2637,1
1110936954827239424,JubeanArt,Julie,False,3897,783,3513,13
1408671961857802243,yeahyeaahyea,Ÿã,False,186,132,1256,0
408673615,phoFPS,EG pho,True,4413,822,7326,36
886182988484161536,jovahnii,jovahnii,False,807,367,968,2
826191804592648192,sSef_tv,Radiance sSef,True,1928,393,3897,11
3215958129,psalm,psalm,True,74611,1414,6200,115
33126335,arnoldwh,Gen.G Arnold,True,12272,2292,7806,45
3569082262,dephhgg,XSET dephh,True,28927,1944,7038,145
3408851293,RarkarCS,BBG Rarkar,False,1387,257,171,10
3452149033,victorwong,Envy Victor,True,50406,372,1286,190
3161654966,Shawn12590,Gen.G Shawn,True,15782,329,1866,84
1729518109,Poach,POACH,True,229370,683,4801,154
1333573298144366594,ciaolyx,ciao,False,2637,444,11553,1
3194313835,Trill_ow,Trill,True,7751,839,3026,56
969293163016982529,MkaeLcs,Gen.G MkaeL,True,10793,678,1549,83
1335326184,PureRedfish,XSET PureR,False,12839,475,1883,73
1179779236833501184,chicago_vl,chicago,False,85,125,153,0
3237226573,SiaDarky,SiaDark,False,1049,694,7408,4
2210073234,branted707,EG branted,True,1622,992,1885,12
1099934317038456832,angelacakez,angela üåπ,False,311,414,2404,2
3368358586,boxrTailored,TAILORED,True,7333,500,1611,29
2915237797,collinlac,collin,False,276,434,914,0
1095850339503390721,diceyzx,Quan,True,73480,418,613,189
1104192756,dizzyaus,SQ dizzylife ‚ô•,False,5205,1067,788,23
1289340722362163203,DaniVAL__,DŒõNI üáµüá∏,True,2133,230,1060,5
1280458591619727361,Casperrfps,Casperr,False,1407,478,6649,7
3086883704,realmocking,mocking,True,4827,524,2083,11
2415255714,Dronecsgo,TSM FTX drone,True,57680,682,4206,185
1007344428028170240,magicm8ball,MagicM8Ball,False,987,562,2702,7
63796828,verified,Twitter Verified,True,3698965,392098,1235,8774
790392393610596352,kurseee,kurse,False,290,34,4949,0
1977178747,WillFPS,BBG Will,False,3720,328,1193,25
826622261817847808,_Bewd,Bewd,False,764,280,1332,3
3277898388,Kyrokana,Kyro,False,1850,1000,3777,4
2737718485,chetsingh,Envy Chet,True,30407,1040,9367,111
1240129224779980801,danichee_ow,Danichee,False,61,53,295,0
812358693287292928,williefilms,Ghost Willie,False,2134,853,3900,4
740419774098886657,Meerko_,Ryan Amato,True,1396,691,2940,8
1342604412162875395,TrickAIM,Mercedes Benz Inc.,False,2135,363,2640,4
398328798,renzfps,renz,False,1501,571,10052,4
1449313616,FinnsiOW,Finnsi,True,8077,621,1045,48
311771262,dummy,dummy,True,5919,854,5148,49
3170741982,etohKP,DIG etoh / Kieran,False,1117,990,4855,7
1016683359798513665,902macky,keigan ‚ÄúMACKY‚Äù,False,10860,1519,18491,15
3832543693,bdog2916,TSM FTX bdog,False,2542,403,1989,19
1393764360107999233,ChopperOW1,Chopper,False,527,316,141,2
1068397888202596352,JonahP_,IMT JonahP,False,3002,447,1665,24
800853261813170176,Gucc107,Gucc107,False,2199,587,607,12
273712935,Crashies,Austin,True,42909,367,5921,183
806694836619399168,AYRINval,XSET AYRIN,True,10246,610,2062,79
2376497658,Flareszlol,Flaresz,False,3106,844,1918,30
2241405846,Kahreem_Horsley,Reem,True,9445,600,16879,26
732697813688057856,Apply,Apply,True,19826,679,10828,62
3437204631,KegShouts,Max,False,1872,1317,13928,5
4890087313,dcopGG,TSM FTX dcop,False,7677,911,4688,34
2980005341,VellyCardwell,Velly,False,22141,5345,80856,75
21514862,Whea7s,üëë Lee,True,54849,679,10252,84
42053731,MarnORZ,Martin Phan,True,24418,202,38731,390
1673595313,jpthecreator,JULIAN PIERCE,False,8302,791,9168,7
747580044,RawTheMonsteR,100T Raw,True,21406,907,22501,47
4907440589,neptunensic,Neptune,True,6276,261,1156,31
4834435948,c4Lypso_,Abdo Agha,False,6781,470,2101,36
2226068990,TheRiseNation,Rise,True,72747,166,10344,155
1305326829260201985,frailmales,Frail Males,False,136,6,5,1
896524706496598016,jdang003,jd,False,1031,613,7743,4
790218168547414016,minon501,Sayaplayer,True,18195,500,671,77
3242364209,zacklombardo,FaZe ZachaREEE,True,25458,1149,15405,127
161418822,Nadeshot,100T Nadeshot,True,2941795,3056,11099,2488
897754452,Hiko,100T Hiko,True,426239,1212,14461,876
211308151,PacmanJT,Jonathan Tucker,True,65262,1615,102302,137
3298084699,RealStrongLegs,RNG ROY,True,13859,890,12217,46
1223448837018279936,Hiltonators,Hilton,False,819,234,548,2
753748810833207297,POISEDFPS,RISE POISED,True,8940,469,1505,47
804714730464100352,TritonVisuals,Justin ‚ò©,False,3379,474,23808,6
821733155262595072,shoukrrrr,Rahmin Shoukoohi,False,1928,562,25336,10
2344535443,FNS,Envy FiNESSE,True,80464,912,7882,330
3293781822,Marved6,Jimzo,True,39166,289,1452,159
720303639277928448,100Thieves,100 Thieves,True,1119403,128,3488,1320
4445248036,ARIANARCHIST,XSET ARI,False,3676,692,9739,18
3181084730,n4tsGG,n4ts,False,789,223,548,2
873755784525619200,ElevateFN,Elevate,True,83933,1451,6277,59
390928481,ShahZaMk,ShahZaM,True,332772,1392,9049,592
3085584765,SicK_cs,Hunter Mims,True,200045,709,2338,379
1006261050491035649,koalanoob,GHOST gianny.,False,4531,694,11097,29
2833268733,nitr0,100T nitr0,True,244263,1067,6418,660
19040580,Slasher,Rod Breslau,True,432508,10853,46336,1626
2994477057,JoshRTz,NRG JoshRT,True,2686,833,4096,16
1022396490570858496,aleksandarosa,ALEKSANDAR,False,10266,695,3308,26
1038718157370929153,Flybynight271,Boostio_mom,False,302,492,2840,0
1449322100,infamousbtw,infamous,False,16196,1847,20081,29
3386206996,RossyUA,Danny,False,3439,226,8052,25
2895597148,ethanarnold,100T Ethan,True,110170,165,5706,304
482527948,jackiewolf24,Jackie,False,7351,963,66219,64
1096344392644874240,FlokieW,SSG Flokie,False,513,758,488,1
988576021484978178,Battalion_GG,SSG Battalion,False,2287,432,2488,2
776688994855694337,RangerGG,Tristan,False,6609,1553,5950,31
876296700637401088,pr0phie,Pr0phie,True,19535,1242,3641,33
2847613102,rocazor,danny g,True,21002,1099,5095,105
1313453231561945089,zekkenVAL,XSET Zekken,True,17991,443,2417,58
2616159893,HarmonVAL1,Harmon | DZ,True,4343,746,19777,29
1333506799215886337,CoachTrippy,FaZe Trippy,False,6644,433,2417,24
1001917648291188741,Crit_VAL,Crit‚óæÔ∏è,False,1692,444,5027,10
922490592172548096,currydtx,Rahul,True,17543,589,4853,64
2927216186,autimaticTV,Timothy Ta,True,163163,609,2005,340
2902222098,snirot,snirot,False,3305,1243,40750,10
369768161,DxnTFT,DXN,False,1571,453,1687,14
1496521098,Keititv,Katie,False,11499,575,1720,18
1013939957960970241,t1_wawa,T1 Wawa,False,1214,823,1843,2
716239711833079808,wispVAL,Wisp,False,66,81,588,1
3308370829,supamen,Phat Le,True,10437,598,1599,69
1222316198336974848,ctrrlz,vinny,False,1023,272,9564,4
973369944955002880,itsGnoc,SoaR Gnoc,False,2196,803,2623,1
1259269119679041537,Karizmahkv,Karizmah,False,762,530,2944,1
858780679,makz,SoaR Mak,True,115325,1006,17257,43
193082459,LiN_fps,Jimmy,False,1244,376,2597,7
16398409,davelim,Dave Lim,False,105,423,72,6
1226984170913718272,harmfoo,Harmful,False,15559,500,6821,43
495651315,fuhlexer,Felix,False,1186,493,23571,0
2555212610,nateschanker,XSET Nate,False,8552,945,7386,10
962995275638898688,JPARKJMC,JPARK,False,1132,877,6446,5
3057813077,ethoz,NRG ethos,False,79789,908,30025,62
1295057677035413506,PUGSTARSval,PUGSTARS,False,332,8,158,2
1287526404435968005,Virtyyyy,Virtyy,False,5299,258,2435,2
1304180983822942210,DillyG101,DillyG,False,610,1005,2957,6
704777245450174464,Corey_OW,FaZe corey,True,42938,787,2703,150
897906331201536000,ayjacksrl,eU ayjacks,True,7968,253,748,48
1059345085257592832,Schovee,Schove,False,1099,488,8643,2
2921117964,shinobi_fps,Josh Abastado,True,16565,591,3298,68
742539847,Vanityxz,Anthony,True,69308,973,12646,199
140495464,daviddenisnd,David Denis, RP,False,2090,875,327,39
953652289755078657,wildfirecsg,Wildfire,False,796,425,11452,3
704374827453386752,zander_fps,SoaR Zander,False,2098,369,1659,9
2602372638,agmFPS,Michael Abood,True,2600,620,4799,18
2738379825,ReactsNA,j,False,705,421,3488,0
475511969,Nurfed,Nurfed,True,4498,1411,24488,17
1328433785180889088,Ban_Val,ban,True,12066,470,2048,30
1863792410,CoachRuin,COL ruin üòº,False,1318,1074,8283,8
1022986418950496257,tetchra,Howard,True,6498,419,3401,12
791446607296401409,LeviathanAG,LeviathanAG,False,17440,423,2482,37
1306088307755941893,Kehmicals,Kehmicals,True,6213,299,712,47
1334016701185273856,SkimVal,SKIM üá∞üá∑,False,815,359,1110,1
3230516216,brawku,COL brawk,False,1903,338,345,18
4582024829,Lorenzo_x7,Lorenzo,False,1094,436,9021,6
1286012290077208587,KingFPS__,King,False,2549,521,7396,19
734982239319162880,jet_fps,Jet,False,720,300,1015,3
2614125421,nosyy_tv,V1 Nosyy,False,20064,480,834,15
1074059848906625025,Boltzy__,Angel,False,1535,492,24380,7
2753391127,Zellsis,Jordan Montemurro,False,30113,967,10350,111
1031715011138383872,cheatcodeVAL,Radiance cheatcode,False,915,380,2535,0
1008121246721011713,1leakcs,leak,False,1232,579,3511,3
749824345,Xyph9r,Xyph9r,False,1351,699,4735,9
2885015296,frostyZK,TSM FTX ZK,False,30762,1196,30596,33
868578294916145152,WSBChairman,The Chairman,False,920820,1432,7511,2851
373620043,MrZackMorris,Zack Morris,True,594326,525,34090,7303
44196397,elonmusk,Elon Musk,True,65634132,106,16239,82236
3122865152,Glorinsz,SRN Glorinsz,False,9704,1674,36824,16
1268242424360558593,goaliepyh,goaliepyh,False,20,1313,767,0
3044629611,yung_ksp,kai,True,13734,993,2008,67
780078745491091456,jmohGG,JMOH,False,5955,394,2446,36
1054107417632477185,ItzMeechu,Meechu,False,3588,186,4104,10
935995507,angercs,anger,True,19644,886,12299,125
859270454594330624,seeker_ow,seeker,False,1723,503,4158,6
841861045346004994,vinniehacker,Vinnie üòÉ,True,684398,297,1619,272
2853866236,TenZOfficial,TenZ,True,755472,333,3127,619
736699688125075456,s0mcs,NRG s0m,True,96584,850,7485,164
699062028640518145,BenevolenceFPS,Synergy Zachary,False,2127,799,8465,3
803598758487461889,FIN_fps,FIN,False,385,1312,1353,3
1203421709967200256,katsumiFPS,C9 kat,True,44535,503,1254,62
547096243,SpiritOW_,Spirit,True,3051,676,2065,21
823919780914745344,ChoboMe,Chobo,True,3348,747,2832,9
2224306837,fugly,Jacob M.,True,45846,810,4839,181
984386781477986305,August_NZ,August,False,982,125,637,6
420512951,tarik,tarik,True,409224,771,10103,718
989019042118807553,sugarfreeOW,lenny,False,3720,449,183,13
1219131761957003265,Fr0m_fps,Fr0m,False,1206,672,5550,0
775187087775719424,MixrRK,mixr | reece,False,2007,989,85149,10
747984856790011908,Rakattack,Rak,False,1126,440,1828,4
1229469088436539392,valyngod,GUARD valyn,False,2363,710,2561,17
277224246,flicksbydaniel,Dee üì∏,False,1551,812,10069,5
1289618299857154048,SkuLLyJai,SkuLLy üíÄ,False,1155,375,2294,2
1022568541315313665,902Creed,Ghost Creed,False,3950,1611,27808,11
211436053,eminence_ca,ùêÑùêåùêàùêçùêÑùêçùêÇùêÑ üßîüèªüßî,False,7950,208,4182,38
3540809533,FPScoachJ,Justin 'coachJ' Anzalone,False,3500,1238,2879,12
1493389002,yinz1687,Cory,False,814,274,1090,12
2189821963,YaBoiDre,YaBoiDre,True,13544,419,2328,77
1038172980814270465,onurthegreat,Rodrigo Dalmagro,False,26749,1641,11807,49
794287848912396288,ProjektRadiant,PROJEKT RADIANT,False,136,6,124,1
1708443876,summit1g,summit1g,True,1091805,1644,17297,978
4194407652,plooful,ploo,False,169648,938,9381,125
1117580071873720321,PrecisionVal,TSM FTX Precision,False,1892,414,1241,16
965304592245448704,Rano_ezpz,Rano,False,637,577,2174,2
3680526915,regan_travis,tdawgg,False,3737,1010,10803,8
2997930571,fgbVAL,Human After All üáµüá∏ üá±üáß,False,3584,475,15626,16
998672887,emthehat,NRG Emin üá¶üá≤,False,613,671,9603,7
3101365235,Scrounge_,scrounge,False,2026,298,2250,8
1144676093535764480,dengghao,Hao,False,42,50,231,0
930008395234516992,Freshhkiicks,Kiicks,False,23222,23,1094,5
715326099631316997,Vexonuss,vex,False,298,217,760,2
709743942,seangares,Sean Gares,True,202316,1614,24354,567
1053665994,Recall_OW,Recall,False,1530,789,4089,3
1048036332293914625,Yazzyxz,Yazzy | Jameson,False,1125,575,9802,7
2786179633,jawgemo,T1 Jawgemo,False,2531,472,4887,4
2249507101,JerkTBE,Jerk,False,1234,414,604,11
3305577871,RejanteVAL,Rejante,False,493,256,783,3
1303252245631373312,JLEETval,James,False,1068,180,912,2
74650694,GregoFPS,Grego,True,9913,983,7242,74
2435645455,Jonaaa6_VAL,Jona,False,2570,497,3424,16
4889592453,Agility26,Agility,False,437,311,6087,5
966098478983274497,StinkyWetFarter,Stinky ‚ùã BLM,False,420,108,1727,1
3528162376,ohaaiii,COL ohai,True,3293,1092,6824,30
1077521259817328641,root7K,root,False,9554,392,1644,18
4820989518,vinnerwinner,PureVNS,False,3234,488,7143,6
833860909688840192,Kanpeki_XD,Kanpeki,False,5364,433,867,10
1180518555957088261,Lemons160_,Lemons160,False,91,97,618,1
2270192239,JSUNGv1,JSUNG,False,636,287,830,4
1197362227017240576,Bankroft,Grant Bankroft,False,784,231,2828,4
1100994951997988869,miniatureVAL,miniature,False,1280,864,3461,4
3390441455,Justinovah,Justinovah,False,4381,381,4655,19
2369855247,careertwitch,career,False,1597,626,8297,4
1272069375093178368,ppugstar,pugstar,False,928,301,2139,2
2872477382,KP_fps,SR KP üêß,False,4693,1247,11846,19
2719204239,zecK_VAL,TSM FTX zecK,False,2239,929,1874,16
615571124,BxbyJ_,BabyJ,True,9260,675,6862,46
972301896106070016,Critical_Val,KCP Critical,False,13131,457,5892,48
711695316244762625,Bjorlulu,BBG bjor,True,16345,793,4958,75
465016728,SpringLane_,Ô∏è,False,4400,3302,39958,14
1022649818764718080,realoac,oAcüî∫,False,1469,675,5862,6
816763260871524359,jacobcavern,CAVERN üí´,False,5123,622,3957,7
3128830674,thwifo,T1 thwifo,True,66967,1205,2142,79
1008778609606078464,rolfs0_0,rolfs,False,12,146,197,0
3031988500,austinphvn,tommy pickles,False,536,380,8148,3
1021222039741345792,RiotNu,Riot Nu (Marcus Reid),False,11265,1220,3430,53
2185889666,aRubyz,TSM FTX aRubyz,False,8339,294,7113,18
767511830717693952,iiKlemm,Balanced Klemm,False,3164,998,18427,7
1254955996109139969,PaincakesVAL,Paincakes,False,4070,631,2062,26
886414415985344518,MoonBlueFPS,MoonBlueüá®üá¶ üá≠üá∞,False,331,331,897,2
953821465303920640,1flyuh,flyuh,False,1684,508,2170,6
1270579526540517377,neT_valorant,GUARD neT,False,2902,309,2961,6
736202455692640256,temcsgo,tem,False,6873,847,27015,0
963573173772955649,officialezpk,Cody Shirley,False,698,127,330,3
1278488686640816128,RG14__,RG14 (Ryan),False,120,226,205,2
2442120811,T1BcJ,XSET BcJ,True,10758,861,6393,78
2165960455,daps,daps,True,71923,945,7063,232
1018849813,Zebroe,Zebroe,False,1105,412,90,6
1313324726089998336,rLElrkPkni01ZyH,LFT_YOUNGBIN,False,107,68,52,0
2312236112,xanderLp9,6K XANDER üá®üá¥,False,2656,405,1510,7
924848125541576704,BeastJDL,6K BEAST,False,4418,987,9690,5
14620190,ATT,AT&T,True,904285,174,187956,5605
4833785932,starhabitN,Starhabit üí´ Vtuber,False,2799,998,14497,27
360392101,pnasty,pnasty,False,2722,1661,33210,6
2153911675,krnnguyen_,krn üß∏,False,2160,853,147944,27
4617271621,JP2ll,JP2,False,3283,582,1023,11
1247860133876686848,LiquipediaVAL,Liquipedia VALORANT,False,27301,802,2500,154
1142147399525310465,ScrewFaceVAL,ScrewFace | DZ,False,5875,730,7215,37
123699470,HUYNH_CS,GHOST HUYNH,True,23945,858,6811,118
354570562,ItsGamerDoc,GamerDoc,False,7713,832,3159,40
850327668,EsportsArena,Esports Arena,True,52303,1037,20282,243
1120151926471979008,SymbsFPS,Symbs,False,207,445,3006,2
4642894694,Pokegi10,Pokegi10,False,28,103,161,1
1249485282245672960,WedidOfficial,KCP Wedid,True,49916,933,14212,128
925462256963473409,iAmRKTA,RKTA,False,2618,611,3556,1
942146422232711168,pay3n,TSM FTX Payen,False,5499,590,1251,14
2455534903,VibinWithViolet,Violetüíô,False,8396,786,16459,29
910725174898696193,LeftoversVAL,Leftovers,False,113,6,61,1
975967585702260737,branchies_,T1 Branchies,False,7141,958,268,13
1292312592724066304,RitoGamesNA1,RitoGames,False,27,69,16,0
2434049852,FayrVAL,Fayr,False,936,383,35999,6
1277074489650614273,akulaval,AKULA,False,680,374,1107,1
1079491888938270720,tytitv,tyti,False,1690,447,5884,8
1234660322096619520,HitBox_Hiros,HitBox Hiros,False,5763,6300,30789,8
1290129855640674311,Apex177,TSM FTX Apex,False,1449,825,2515,5
817133178049753088,Shanks_TTV,ryan,True,76000,452,3577,130
1293965388724809729,bangzerra,TSM FTX bang,False,24006,574,1037,52
1286753302902972416,menace_val,Menace,False,1964,290,2123,11
2320914337,ahad,ahad,False,7369,2244,118171,33
1085629478502449152,itskaplan,GHOST kaplan,True,1848,925,3347,15
761334735784255488,Obasill_,Obasill,False,538,279,1616,8
1294677048745697282,AdrenalineVal,Adrenaline,False,3,0,0,0
2711585349,ExaltVAL,Exalt,False,3048,680,12448,14
1047193794,falco,nick,False,42702,666,36086,33
1027204843784552448,JtrainFPS,Jtrain,False,282,193,882,0
3379375204,sfX_x1,Jasper K.,False,3156,2232,54238,11
2606164285,KnownAsLit,Lit,False,1301,693,34418,3
2811242307,1zaaf,ZaF,False,780,398,1547,4
4417782313,Lear_VAL,Dayton ÌïòÎ£®,False,1542,616,7308,6
746247030234767360,prizzy_69,prizzy,False,195,197,931,1
703282270992347136,ColeUPP,Cole Werry,False,411,436,522,4
4904724989,b0ssyCS,SoaR b0ssy,True,2813,565,4148,12
705545474477039616,DENYAof,Denis,True,1296,433,2992,12
1195049109012537346,JustinKogge,Justin Kogge,False,304,198,203,0
3083361519,JelaniWoodsTV,JelaniWoodsTV üé¨üìπ,False,349,267,7179,11
772192772270989312,Drenit_tv,john,False,1221,364,16837,4
1249165246545178627,valorantify,Valorantify,False,3195,399,1034,16
3854417360,BringTheFknHype,Nynxii,False,2298,995,11728,10
723113462,brax1wnl,Brax,True,188725,999,1283,359
745900813403426816,plat1numOG,plat1num,False,582,346,483,2
1061271261714792448,zachwatz,zach,False,586,390,3220,15
2287269416,MissRude4100,Roo,False,372,209,778,1
1612621,ye,MARIO,False,1319,690,868,21
832070573664591873,maicohtv,Lincoln,False,198,399,1793,3
1243784489706323970,BlackHeartVAL,BlackHeart,False,1376,400,3439,5
1278947124,derrick_truong,Derrick Truong,False,7799,3122,7945,64
1254180479932051457,zeno1h,zeno,False,199,103,782,1
1129186223740915714,WillsDesigns,Will!,False,551,547,18834,7
1243304093495541761,SupportWatcher,Watcher.Guru Support,False,21535,1,0,30
704473253872586752,KayrosGG,Kayros,False,670,3423,2774,7
1383966553,GODaZeD,Sam M,True,100604,449,5864,246
1246136590155554816,THESPIKEGG,THESPIKE.GG,False,16520,996,3905,96
819644580836638721,Javion_OW,BearClaw Javion | BLM,False,3466,906,6885,19
1100637150016548864,OsiasPH,Osias/Ronan,False,1531,524,4572,10
1098098821278646272,roobean_,roobean,False,31,304,44,1
1585107588,sympul_x1,sympul,False,846,475,1518,3
613076827,StealthyMikeTV,StealthyMike,False,473,311,2068,2
420024394,iamPrecision_,Matt,False,351,219,154,8
877324975538962432,Jaomock,Jaomock,True,202193,915,7934,79
744957004192481280,AV2RY,‚ú®üåû,False,611,576,4721,6
381645999,scottwoleary,Triumph CEO,False,1678,819,2261,34
786713087504244736,BadPachimari,Bad Pachimari,False,32377,1671,12518,0
18902228,ClakeyD,ClakeyD,False,11450,459,6777,134
3242751766,KingHydron,Hydron,False,3529,573,2220,11
3583500497,WARDELL416,TSM FTX | Matt ''WARDELL'' Yu,True,215847,967,11420,277
2344563715,hazedCS,NRG hazed,True,131530,848,16995,397
1138750873,FURIA_Chase,Chase,False,1311,500,5486,4
4013364634,ItsAlexRaben,Alex Raben,False,168,264,1627,3
1061389137943711744,TriumphGamingGG,Triumph ü¶å,True,17615,101,7930,44
916747920711606272,TekaFPS,Teka,False,148,113,196,1
898442701946855424,Milkyman_ow,Milkyman,False,1351,679,839,6
854593449923923969,jonunderscor,Jon,False,5322,911,9894,17
961497571473506304,FishCake_OW,FishCake,False,1041,453,1221,5
2945370609,iRemiix_OW,iRemiix,True,10299,631,543,66
1081123731441778689,Boat_OW,Boat,False,460,209,716,4
214201922,Ninja,Ninja,True,6759746,1462,43210,3350
2564786083,bowieTCG,Bowie,False,5338,465,5941,11
2472998702,ryaaanchau,ryan,False,286,274,59948,1
1101591636138692608,bryDOTkel,Bryson,False,105,101,496,0
4598954719,AvocadoBTV,Avocado ü•ë,False,1821,137,1285,15
2993413588,JNashty,JNash üíô,False,4132,1195,4248,24
764998613365731328,McGravy,Caleb,True,25424,666,5773,103
3222937268,PaendoTV,Paendo | Ìå¨ÎèÑ,False,278,220,2854,2
1084997612162424832,Infernal_ow,Avani,False,407,348,1673,3
2444508157,nerdstreet,Nerd Street,True,37010,1138,12077,120
465262841,DusttinBowerman,The Dusttin Bowerman Show,False,23532,821,15408,115
1006749497593155585,Asunaa,100T Asuna,True,258548,583,3206,375
1006414130000089088,RomanovDub,Romanov,False,454,337,6763,2
980413259206492160,Boostio,EG Boostio,True,4961,749,2492,12
2192290495,Rawkus,Rawkus,True,56991,566,4063,250
926410778256609280,IMDREAMERGG,Dreamer,False,4469,398,715,33
211633957,Brian_Sixten,Brian Sixten,True,125541,287,546,727
795386010,RamzawolfFPS,Ramzawolf / Tommy,False,303,192,2220,4
892808605170245632,LAValiant,Los Angeles Valiant,True,107088,142,8571,718
460116210,luka7doncic,Luka Doncic,True,1413420,349,4324,2719
1228966314334507008,BastionMain11,BastionMain,False,9600,373,1908,9
999010242498183168,hotsauce_ow,Hotsauceüå∂,False,1401,313,2690,1
1238363041093173248,Circus_OW,Ranked Circus,False,369,16,74,0
1089036570135535617,SaltShakerJaja,SaltShaker,False,1413,435,1149,7
1495000040,Slaydra69,Slaydra / AznEyes,False,3737,912,2413,11
3353957355,Asking_sf2,AsKAK,False,4175,190,3863,13
1230550898616586242,PlayVALORANT,VALORANT,True,1776704,42,2359,1472
1202743923728429056,Krop_OW,Krop,False,70,200,883,1
1054124994165321728,rizajpg,abx riza,False,719,552,14902,4
758472163695300608,Anghell1c,Mason Herwegh,False,469,464,695,3
155705264,Zedd,Zedd,True,7736824,541,35082,5712
280189543,MsBreeTV,bri,False,1404,349,7202,0
4563153198,Isyboi_,isy,False,6885,232,2042,4
2172915620,milianlou,Max,False,67,163,577,0
1127407858608304129,ryujehongsexy,ryujehong,False,15206,131,185,53
903149657387184128,haksal,Haksal,True,11645,123,181,56
2476222483,SeamooseA,Seamus Anderson,False,1192,811,24580,31
1134657309534113794,wannabtwts,mark,False,146,305,3285,3
1017988883722702848,JoystickOW,Joystick,False,5395,682,6686,9
946858279673696256,EskayOW,eskay,False,43892,696,6377,51
1118095998625120258,_drowzie,drowzie,False,9574,270,82,3
1015760111984304128,Blizzard_Guides,Blizzard Guides,False,7532,400,1580,3
969072468777406465,Hanesthesiaa,hannaH,False,151,107,482,1
338101167,fogiibear,fogi,False,3915,854,12719,20
1062800064823861252,notplayingOW,dieded,False,398,733,952,2
743902721653280768,notgraham_,graham,False,339,365,2435,0
1510101847,lyuunie,ìÜ©‚ô°ìÜ™,False,1436,199,14402,7
922104382589505537,Closer,Closer,True,13837,239,433,98
2457553672,sleepy,sleepy,True,142974,425,4907,229
1055201129586483207,OhEnvidia,Obey Envidia,False,1880,977,3730,4
711709584604340224,AlokaFPS,Aloka,False,782,506,3888,1
1049416675706073089,wsps17,wsps üéÑ,False,1621,211,2088,7
755197881049575424,SalieriOW,Salieri,False,1413,563,1427,6
1163314963697537024,s9mmow,s9mm,False,4413,457,998,13
19638927,Ask_Spectrum,Ask Spectrum,True,151743,27046,695133,294
1034850443833294848,TrainCloudOW,TrainCloud,False,675,733,2752,0
3344496874,brooksow_,brooks,False,272,96,2006,1
798647350646276096,GiG_OW,GiG,True,4574,343,664,21
835760436201021441,silkthread,silkthread,True,19356,657,2104,91
707284823086239744,TSMdaniel,daniel,True,1210,470,1009,5
727693488805040128,punsandbunsgg,Esports Gossip Girl XOXO,False,1870,1675,16701,10
1026633885767983109,RhynO_OW,RhynO,False,2940,588,4675,0
1056990317054840832,Momo_is_asleep,m o m o,False,596,921,7076,6
1085611325827530753,KongDooGunthera,G√ºnther,False,837,435,1560,5
372104975,vxLeNz_,lenZ,False,5206,528,64399,2
758262383223541762,RubenSargasm,RubenSargasm,False,1613,418,4673,7
916788426099318784,Pizzademon_TV,PizzaDemon,False,548,333,288,2
733074783252832256,Boopasaurusrex,Chris "Boop" Lessard,False,1362,786,5884,11
782847291417890816,SixFeetOW,SixFeet,False,1066,490,2335,7
1059199146559598592,NosZ__,N2S,False,731,252,889,4
914952740450775042,JarJarDinks_,JarJarDinks,False,252,324,1878,0
948098738823749633,OGE_ow,OGE,True,17532,987,6470,91
754582766369378304,KJuno_,Juno,False,247,172,638,3
109099686,organ1K,organiK,False,661,403,4930,3
3272072778,Fosmanx,Fosmanx,False,201,135,489,2
3234456888,JoobiVEVO,joobi,True,6144,688,3878,25
900808733349085185,Lab_OW,Lab,False,904,444,4701,4
2398057698,FRANA_OW,FRAN,True,85968,1173,13264,171
752385765460447233,Phazahp,Phaz,False,1911,1060,13374,31
1134386029836693511,Elva_ow,Elva,False,1284,852,1556,3
704382340126998528,HabiteerWS,Habiteer Workshop,False,3166,111,4048,6
1009243369367732224,xgeraldineee,geri,False,121,186,4237,0
780555214361206784,Jay3OW,Jay3,False,41973,413,9447,68
969258948422352897,coreyVMG,Ô∏é c√∏r√©y,False,298,364,9325,4
1434633343,barcode_ow,Barcode,False,14727,1163,7552,31
731669240126803968,Meadxr,Meadxr,False,745,393,2359,2
739967675279900674,150Fix,Fix,False,482,288,1805,2
1169045653122502656,xzvbfjkcjddkxzj,?,False,96,66,106,0
344538810,Doublelift1,Yiliang Peng,True,958359,87,13556,1816
963205825480114176,ParkerTheLej,parker,False,977,591,3392,4
1871448474,UnterOW,Unter,False,4547,573,1916,19
948672780882542602,spadesofjay,j¬∞ üîú countdown ‚è∞,False,971,958,13824,4
1003892040172597248,JimmyJamTV,Elevate JimmyJam,False,3430,783,6303,4
24494557,jordanfisher,Jordan Fisher,True,524808,3411,28613,571
738247792196341760,Froostid,Frostedd,False,757,817,3254,2
537042904,TfMisa,ìÜ© Mƒ±¬ßa ìÜ™,False,749,380,10019,3
22642217,UCIKaboom,Mark Deppe,False,1197,682,1070,15
1251553994,Zeerocious,Zeerocious,False,1345,425,2328,6
3246131559,Knhlng,Kinhlang,False,393,286,659,3
707620317640978433,Gale_Adelade,TSM Gale,True,33602,378,3608,43
997670524229771264,SkyeRaf,SkyeRaf,False,360,216,1795,3
835349357406846977,JWantedL,Wanted,False,11912,614,3079,27
27818933,emonggtv,emongg,True,60170,447,7190,134
4850194038,Dibz__,Dibz,False,1275,258,2307,7
3282301320,minxbbang_,ÎØºÎπµ,False,6146,3,21,14
266182056,LorangerChris,Chris ‚ÄòHuK‚Äô Loranger (lorangerchris.eth),True,39448,929,33398,661
712453399506239488,harbleuOW,Anthony Ballo,False,39661,60,692,87
459827485,Im_Forgiving,Forgiving,False,1888,393,1508,8
814274853565935617,Georgelion661,Georgelion66,False,1287,195,963,3
4784881994,codebreakervt,MountainMama,False,646,236,725,4
805516137194659840,who_is_eni,who_is_eni,False,188,148,2903,0
1416196670,JVNDx,jvnd,False,16372,376,9463,13
760625089,Gurululz,GURU,False,3772,754,2688,0
2304282464,lyrics4n,eU lyr1c,True,50869,838,13418,141
551989996,LemonKiwi_,Jen üçã LemonKiwi,False,22848,1152,35805,113
2837655489,kevindaweeb,Kevin,False,326,198,210,2
830438611485024256,Mini_ow,Mini,False,4366,887,2527,12
1103905033316265984,airoverwatch,Air,False,33,52,26,0
720741011329187842,S4eSports,S4 eSports,False,41,19,46,0
898710649320157185,FreshNuts_OW,FreshNuts,False,18684,303,1494,3
205391506,Swaguhsaurus,Nick Phan,True,4040,1034,13418,33
4109952915,iSmash_Trash,Kacey(Smash),False,71,11,125,0
774367802102734848,Nomy,David Ramirez,False,14212,848,2985,72
3235950536,AlanTruxng,Alan Truong,False,249,260,1303,1
1317677952,theatrefel,Felicia,False,89,198,5139,4
2285187540,_TeamKillOW,Ishmael Green,False,256,534,77896,3
286505380,TSM,TSM FTX,True,2224080,356,17386,2403
632498857,leena_xu,Leena Xu,True,180236,646,4899,0
1129592845,Sandman_OW,Cameron Talbot,False,359,2294,1399,4
900853529635672065,Hammerfister24,Aaron,False,1,0,0,0
619490291,Reptile_mx,reptile,False,6545,483,18081,10
2457443130,Far_OW,Far,True,2255,563,1346,9
3184286864,iCy_OW,iCy,False,1951,370,2551,6
863391339614015488,rCk_ow,rCk,True,6541,1061,793,42
887809686598291456,SuhPoze_,christian,False,568,106,6903,0
3068967589,saltyuc,salty,False,995,387,5881,6
830402081706086401,ImKrishnaMadala,Krishna Madala,False,581,129,122,3
1723629188,Tanner_FPS,Tanner,False,1546,783,2511,9
946275658396774400,spoodieOW,spoods,False,293,841,2544,0
1067467548571004928,EloHellEsports,Elo Hell Esportsüíô,False,8343,168,2687,39
834750353975410689,spackleow,spackle,False,1083,402,1145,7
1199683838,itsstevenha,s1mp,False,161,619,1896,1
712134504081694720,Muma,Austin Wilmot ü•Ä,True,42029,792,4658,217
130366519,uNKOE,Benjamin Chevasson,True,40592,469,6302,193
1411198424,AND_IM_GONE,Gone,True,77563,792,648,45
3401806035,SamitoFPS,Samito,True,35783,934,33058,55
410364882,Darker4Serenity,James Curtis,False,2021,523,9483,11
20629110,MissGinaDarling,Gina Darling,True,119067,599,45371,246
1634202942,Keeoh,C9 Keeoh,True,72190,609,10519,32
823021472365051905,itsToye,Tommy Yeung,False,65,314,252,2
135533070,DanhoTV,Daniel Ho,False,476,534,8149,6
732804527699693568,Carter_OW,Carter,False,4984,1688,18147,23
2367952520,TheRealKenzo,Kenzo,False,11603,271,2055,19
719316105890693120,AGO__OW,Go,False,368,324,1579,1
1613711426,ChroNoDotA,Niko,False,3356,686,905,7
844923117940199424,Snappelear,LDub,False,363,676,4946,1
427253625,SeanDNguyen,Spooky D Nguyen,False,4553,395,35060,16
802736866667573248,nishik123,Nishik,False,798,326,1601,0
759271791193882624,ow_nero,nero,True,30019,734,3051,112
330876427,KarQGames,KarQ,False,25573,638,5586,54
3118748119,GankPwnt,Alex Novosad (Pwnt),False,3238,798,26874,0
142365021,GhostieFTP,„ÉÑ,False,1168,573,15606,0
850536672487985153,Ezirelol,ÿú,False,1234,304,31,8
2444323609,IsacPizana,isacsmashü¶ñ,False,237,253,6565,2
2406086216,garyguccii_,gary,False,337,340,14632,1
785651770697523200,xQc,xQc,True,1172903,425,3603,842
117395552,PlasmaSnk,Plasma Snake,False,290,522,1140,3
820284920090214400,Mystiic_ow,Mystiic,False,326,406,1339,0
2396730044,Insomniaq123,Jason Knittle,False,894,1009,2308,10
707731567808917504,TTX_Midnight,MidnightGaming,False,9,180,137,1
891537294988951552,N0sDrinker,John,False,13,34,886,0
748266931145211904,esportsagent,k1MBLE,False,2527,1816,2712,7
2171390437,JerSantacruz,Jer,True,1918,854,659,32
816041917230170112,killjordy,jordy,False,300,145,97,1
761477626666024960,ShayneLaRocque,Chayne,False,2609,348,1930,8
803164177976074240,HaKuOW,H,False,1518,240,1083,10
297753030,snowpeachies,Shana,False,110,140,12189,1
2437726022,MercedesFPS,Mercedes by the way,False,340,1521,4497,0
887423433407156227,ZacMatson,Zac,False,1679,168,902,2
887988512481353728,Bearforceone_,Bearforceone,False,88,84,216,1
4922900694,zombs,zombs,True,228341,658,1172,352
387394728,Kephrii,Brian St. Pierre,True,63997,1116,15726,84
2319853951,sinatraa,Jay Won,True,219382,683,2737,379
4093625013,Rusto_OW,Shawn,True,1234,162,4760,19
48294502,JetSetJamerson,ESA | Jamerson,False,5200,1065,23459,63
1286259114,Convertibles,con,False,6740,1805,8811,7
56846899,Surefour,Lane,True,104835,1061,5363,301
778412145318895616,oasisoverwatch,Oasis,False,67424,603,9699,71
2366406403,LootyOW,Looty 999,False,241,1956,1082,2
4083780913,nacarav,Nick,False,621,74,71,5
752184432,aimbotcalvin,calvin,True,75801,577,3670,97
1542453360,shroud,Michael Grzesiek,True,1906133,838,8603,1629
3644811674,Stewie,Jake,True,471308,704,6278,703
881627865048940544,soybirb,hannah,False,284,357,2005,2
847215019565604866,Chubbietubs,Jay,False,279,404,3271,0
3101846729,DF_aKm,Dylan BIGNET,True,40732,771,3709,183
827176049553256450,PVPX_,C9 PVPX,True,18263,886,21095,64
791065461672685569,overwatchleague,Overwatch League,True,457318,401,20261,1410
1518380395,jjspamm,JJ,False,182,156,246,2
206324078,WreckItVince,Vincent, PharmD,False,508,1004,1818,2
840379350038007810,TheSavagesGG,The Savages Esports,False,307,59,469,1
841527801421406209,Dynofps,Dyno,False,1516,535,2293,6
3315668208,STRNGFIERCE,joshSTRONGFIERCE,False,129,439,2421,1
805315156385202176,TheSausageYT,TheùóôùóÆùòÅùòÅùó≤ùóªùó≤ùó±Sausage (commissions open),False,3127,103,5707,8
240543413,__trevorjames,Trevor James ü™ê,False,398,615,15050,24
1092458990,CurryshotTV,CurryShot,True,4682,898,11065,28
2305603543,TwitchEsports,Twitch Esports,True,457452,716,12630,1229
707755550277312512,Calyoontv,Calyoon,False,240,151,3724,3
821640277823750144,AceOFSpadesOW,Ryan,False,4826,457,3382,14
910362676651593728,Kapo_2k,Kapo,False,337,495,199,3
2420931980,PlayOverwatch,Overwatch,True,3356024,241,126024,4124
309366491,Twitch,Twitch,True,8915789,765,21610,8771
