165021348,Greekgodx,Dimitri,True,399908,751,5672,250
1436025757793492997,thingdoms,Thingdoms,False,18914,61,1959,40
1599608046,LILUZIVERT,Uzi London üåé‚òÑÔ∏èüíï¬Æ,True,8595450,31,14332,2328
50184013,asvpxrocky,LORD FLACKO JODYE II,True,2793108,345,235,2669
20556356,ROCCAT,ROCCAT,True,237922,628,18972,488
1293735157258579969,triciaisabirdy,triciaisabirdy,False,51986,397,3013,88
2455740283,MrBeast,MrBeast,True,12498908,1740,5253,3696
256411474,Lexie_Mariex,Lexieüåπ,False,14273,449,7815,27
1238566056102420482,N0raexplorer,NoraExplorer,False,3534,399,697,3
4699719036,REALMizkif,Mizkif,True,537195,532,3577,389
2941214692,Class,Classify üòº,True,297552,1445,35717,512
3305470938,whoisaddison,Addison Rae,True,4886281,1005,5220,1386
2867462992,Viperous,sidney,False,147755,728,34921,0
632175197,MarcFryd,Marc.,False,1245,771,9046,9
1128657165252812800,tsm_takeover,TSM FTX brast,False,2757,388,233,3
5768872,garyvee,Gary Vaynerchuk,True,2664935,16163,199758,32125
985370570,Mushyee,Rissa Brown,False,36062,941,8293,32
1376258431758168066,borpy7,borpy,False,35,23,27,0
1420986370881904640,atlkamen,ùüëùüëùüëüß™,False,364,19,14,0
1249875170300321792,ibabyrainbow,ibabyrainbow,False,10543,0,19,21
48294321,SalVulcano,Prince Herb,True,1111074,1209,11379,1332
1370305333294424071,cryptobabypunks,The CryptoBabyPunks üçº,False,6630,364,10973,38
1406688885011365892,ElephantNFTS,Untamed Elephants,False,16547,1087,2613,139
883455821069340672,palenkoe_MaN,Plokimane,False,143,594,725,0
1042768284502958081,TheReplyGuy_,The Reply Guy,False,1369,825,8556,2
1057036424954945537,scum_art,SCUM ART,False,13655,565,971,8
328657844,CptPuffy,Captain Puffy - Cara,True,1293689,554,9085,2431
3989399374,newestchoppa,whampagnewapi,False,224,167,3419,3
250831586,TheRock,Dwayne Johnson,True,15589784,324,25814,29759
1690048650,RaquelLily,Raquel,False,5798,628,7369,58
881974290656178176,iiTzTimmy,Timmy,True,279135,478,7366,389
1596589693,Tomppabeats,Tomi,False,14787,390,163,31
2413321046,OtisMacMusic,Otis McDonald,False,2097,403,1028,16
4594756404,YourRAGEz,YourRAGE,False,339737,194,10589,191
1282799496380985344,twitch_boozool,boozool,False,1,1,58,0
402365788,YaBoiElina,Elina üêí,False,2982,450,4922,0
611986351,KimDotcom,Kim Dotcom,True,723498,18178,22335,6232
1364354669695234053,MarkyNxtDoor,·¥ç·¥Ä Ä·¥ã è,False,3656,459,6669,2
4921627259,ROSHTEINS,Roshtein,False,59879,723,4950,17
291547392,bretmanrock,BretmanRock‚Äôs Year,True,5774386,5576,3045,969
805595108611653632,heyitsjoe_,Joe,False,19088,843,4711,13
1215821770143469568,s_wheelchair,TheMusingsOfACrouton,False,2710,54,271,2
14851635,rickyberwick,Ricky Berwick,True,433535,827,83641,343
873724542706962432,ReddCinema,Redd,False,1699,210,7876,0
4748889012,itsRipN,Sam,False,1292,343,5130,0
3213016006,SydneyCreates,TSM FTX Sydney,False,1540,710,7298,7
753457170,lol_sword,Sword,False,4046,155,239,11
1150092014022619136,warmachinehyper,TSM FTX Hyper,False,1279,225,690,3
1336816641607311362,TSM_Yursan,TSM FTX Yursan,False,1054,61,208,2
2994262357,TSMWalter,TSM FTX Walter,False,1392,273,591,6
64324543,GMHikaru,Hikaru Nakamura,True,350517,263,3213,1636
1328212613621223425,wakewilder,ONE TRUE SIGMA,False,402,191,809,2
1052329851070361600,GoneDoc,GoneDoc,False,24698,1216,2551,79
3102165045,bronzecelery,Celery,False,19364,617,3877,3
16089776,SashaGrey,Sasha Grey,True,1480274,870,15425,5095
3820077675,KP5ive,kp,True,18568,1252,18683,38
917926518285881344,TaingySauce,TaingySauce,False,6755,580,12745,8
1681993074,daltoosh,Daltooshüéí,False,107055,538,14024,141
526628364,flexinja,NRG Flexinja,False,86245,744,8755,70
821937771107459072,Nokokopuffs_,Nokokopuffs,True,95546,1218,10213,183
49717220,_Ambish,Ambish ü¶ã‚ú®,False,22638,1111,44183,42
805491708,AveryHam,Avery,False,43698,884,13772,48
259147952,b0omin,Alex,False,898,392,22048,5
986388114305204224,ArtesianBuilds,Artesian Builds,False,215697,3641,6563,44
1037239952537468929,Heelmike,G2 Heelmike,True,50278,417,5698,12
827990528151072768,retroscifiart,SciFi Art,False,73881,1050,4545,877
733217122101383168,OnlyFans,OnlyFans,True,876715,303,27987,814
1349606311206416384,Clearbothk,Clearbot,False,110,62,31,0
3224616765,TechInsider,Tech Insider,True,457068,488,94579,4836
1236011416467001345,Krizto__,Krizto | Commissions open,False,488,82,523,2
1101264495337365504,FTX_Official,FTX - Built By Traders, For Traders,True,334660,692,4698,2686
1261059758443900934,vixtuber,vix ü©π. ‡£™Àñ‚Å© ‚ô°Ô∏é,False,2389,789,6129,37
3101588527,wonderofscience,Wonder of Science,False,1372801,42,1721,3827
759660076214853632,adinross,adin,True,1062335,1043,4866,202
40079154,SheldrickTrust,Sheldrick Wildlife,False,216729,1083,24942,1446
220796506,heynavid,navid,False,1249,305,1212,32
2959791408,blaustoise,blau,True,104344,1239,9659,186
1253525531343024130,bellapoarch,Bella Poarch,True,865640,93,960,282
921548498301894656,FlyingTunaOsu,FlyingTuna üêü,False,46204,274,2804,0
1054661392119283712,TheStockGuyTV,TheStockGuy,False,40790,86,2211,190
818286711880880128,xootynator,SFA - xooty,False,28594,329,7949,23
1176723320089169920,kyedae,kyedaeüê∏,True,459221,248,1616,271
1264381721061007361,noKingu_,King,False,1453,212,779,11
918341813450297344,Dunn_Goofed,Judd,False,4832,120,1112,7
1182837736832585728,mleQT_,TSM FTX mle,True,5048,478,6054,10
1206983198141558790,Zoessielol,Zoe,True,2459,318,714,6
57428566,CAthCSGO,TSM FTX cath,True,15292,770,4780,73
251637614,athxna,TSM FTX athxna,True,21471,4091,31834,66
3171857805,starriebun,XSET starriebun,False,14208,883,17138,21
54343602,dasMEHDI,dasMEHDI,False,46836,695,15100,175
20741422,Timmac_,Timmac,False,44530,1168,8859,158
4847953081,gravitaay,Jack,False,10311,379,2476,15
884685206170607621,LordKebun,Kebun,False,91765,200,1966,83
771260330794115072,LysiumGG,Lysium,False,17703,99,1098,17
2329358684,was1max,was1max,False,152,347,427,3
1222839181,ItsBrycehutch,Bryce Hutchinson,True,25249,335,4896,38
487285697,imaSpaceboy,Spaceboy,False,42014,967,23282,120
2885477586,VegasPUBG,vegas,True,5869,779,9573,23
421244691,Dolev__,Dolev,False,50,150,14,0
775963277289410560,tjt811,TJ,False,188,630,4,1
819661246660124673,IslandGrown11,IslandGrown,False,55949,828,3436,56
866550972390162432,MEKABEAR_,M E K A,False,22102,896,4679,55
1350281843715829761,notneekolul,notneekolulüçí,False,64824,31,572,32
2898518535,SnaggyMo,SnaggyMo,False,38224,351,1184,5
842865091993354240,Jukeyz,Li,True,53760,1014,24434,62
4064420239,mizzycyn,Mizzy,False,14818,565,3733,30
858107880578461697,koifishu,KoiFishu,False,14196,28,1454,14
868870963550707713,WhiteCatOsu,WhiteCatOsu,False,69228,174,1747,45
1239724701062254592,thecodemiko,Miko,True,248589,602,2017,344
3194621184,JesseSMFI,Jesse,False,4490,280,1092,18
390438563,peachibones,space girl *:ÔΩ•Ôæü,False,270,192,4733,1
708745346839670784,Alistair_McF,Alistair McFarlane,False,22919,134,1430,22
286459144,IAmHolmzy,HoÕ•lmÕ£zÕ´y,False,8712,603,1894,19
952311696575606785,dafran,Farmer Dafran,False,106563,277,840,130
880778841949691904,Rustypot,Rustypot,False,37469,226,4097,0
559229566,MoistCr1TiKaL,Charlie,True,1718712,592,2571,849
707620657945645056,BaboAbe,Abe,True,175180,338,667,370
1132646031789707264,Empirrretv,Empirrre,False,3901,1112,6192,10
1489709312,JSmooth,FaZe JSmooth,False,64414,914,11027,44
1032978119370723329,tommyinnit,TommyInnit,True,3373157,625,6366,5066
2927194433,ItsZoil,zoil,False,14869,480,855,15
375758292,deko______,Deko üåô,False,7138,171,3949,14
727323590794842112,Yetiapocalypse,Yeti,False,6847,693,341,18
2148248342,simplyn64,Simply,True,64536,565,8574,61
1030896258309808128,emiokok,üéÑEmiOk üêà‚Äç‚¨õ,False,75186,776,16063,69
2317966585,5uppps,5up,True,423045,513,1213,753
1182799006545645568,Susu_jpg,üî™susu,True,416290,638,642,592
43909332,jens_pulver,Jens Pulver,True,43607,516,15774,794
2258200920,FaZeOrba,FaZe Orba,True,67459,977,4538,41
16793425,Sips_,sips,True,356168,499,22674,660
258022594,Censor,Doug Censor Martin,True,1271784,670,29087,541
1105590911503880192,StableRonaldo,Stable Ronaldo,True,1112987,360,9049,361
987064585835327488,catsen,Catsen,False,8683,484,1471,20
956289326245138432,ChapFN,Chap,True,692795,877,3088,286
935277064088891395,72hrs,Liquid 72HRS,True,526009,1197,3451,226
2956495160,BobbyTooIs,Bobby Tools,False,1861,192,660,3
715033693815971840,ItsAircool,Aircool,False,43019,879,6707,17
337337691,LudwigAhgren,ludwig,True,1160459,537,7901,1245
1205532788,ChicaLive,Chica,True,175690,1051,18070,138
357294577,cizzorz,FaZe Cizzorz,True,864805,701,11292,342
1138339212,PandaTVoce,PandaTV,True,32834,1665,3983,80
929479052141854721,TipsOutBaby,Tips Out,True,77929,524,3617,73
1599427724,Xaryu,Josh Lujan,True,34557,305,20164,0
1052160384457723904,Punztw,Punz,True,1556569,338,6867,3032
2174576629,WilburSoot,Wilbur Soot,True,3090618,454,2853,4685
930214121068363777,Eret,Eret | Alastair,True,1603470,416,4081,2724
1584183769,AbdouTooBeasty,Abdou,False,8725,139,6404,17
1419324590,Subroza,TSM FTX Subroza üá≤üá¶,True,207704,1012,4018,293
120277040,GeeNelly,Gee ‚òÅÔ∏è,True,247997,1371,16411,226
1007002355160645633,mafiajinxttv,MafiaJinx üåπ,False,8770,897,721,27
943456807904673792,syanne77,Syanneüñ§üåª,False,87476,1063,11348,97
853812133292761088,Sugoi_Ash,Ash,False,253171,557,5336,337
23029490,Evergreenily,Tea üçµ,False,18769,630,7150,69
996365064667123713,TubboLive,Tubbo,True,3103035,529,4664,4937
240884573,CorinnaKopf,pouty girl,True,2526840,50,21224,1241
1049716874,ConnorEatsPants,connor,True,915905,830,16700,1308
1146710438899412992,mrekkosu,mrekk,False,53687,771,2581,42
770657396402245634,fourconner,conner,False,6137,363,4038,1
390928481,ShahZaMk,ShahZaM,True,332860,1392,9049,592
815113027171192832,secretlabchairs,Secretlab,True,289129,349,20413,114
2981018100,DJellyPeanut,Jellypeanut,False,8818,1437,3041,20
1304548046894702592,AsimUK0,Asim,False,481,117,5,2
218385902,lizbeanies,zazaüå±,False,1178,445,17149,8
3022281611,GiantChiprel,GiantChiprel,False,576,574,1216,6
1235132174950518784,GdayMaverick,GdayMaverick,False,685,202,405,8
3397337164,HighSky,HighSky,True,62753,653,1905,48
1086233508719280133,wolfabelle,Wolfabelle,False,17933,658,1336,47
1078138942581547009,JoosOnline,JüçíS,False,6863,220,5699,12
2362843891,bnans,bnans,True,166290,938,12368,223
711136723623878656,Saruei_,SARUEI üí• VTuber,False,212608,2425,8001,1330
743662396892282881,twomad,twomad ‚ú®üóø,True,844769,439,25914,649
3386305277,xsaiiren,Saiiren (‚úø¬¥ Íí≥ ` )‚úß,False,21322,741,4132,34
3145013690,BigBodyBigfoot,BIGDOG,False,2288,349,281,1
2260704146,Quackity,Quackity,True,3876699,702,6018,5267
252791673,JKap415,Jordan Kaplan,True,330127,1875,118871,630
4694011844,jschlatt,Schlatt,False,2645815,1021,8379,2719
2850598053,traves,traves,False,519189,585,1638,344
429012364,Tommey,100T Tommey,True,203179,9170,43444,371
14604870,Clayster,NYSL Clayster,True,739024,3754,66474,907
231992478,Crimsix,NYSL C6,True,858118,1633,61569,1062
201045260,suppycaitlin,‚úøcaitlin‚úø,False,44928,195,16696,43
3583500497,WARDELL416,TSM FTX | Matt ''WARDELL'' Yu,True,215851,966,11420,277
1279126254831022081,itsandreabotez,Andrea Botez,True,261121,616,1156,425
768144544051396608,Leeqo_,Leeqo,False,700,213,500,1
325170982,3RNO,3RNO,False,2287,243,1032,5
34101415,hurleyisgod,Mr Hurley,False,108,495,200,0
152875400,BullyJuicee,BULLY,False,4617,6,56951,12
298765095,BajheeraWoW,Bajheera,True,101994,787,40791,252
803485238,FeLo,Paris TFeL,True,66970,1689,111798,142
2464343990,LosPollosTV,Los üçá,True,306770,1223,37533,139
1164536481567973376,FundyLive,Fundy,False,2011695,242,1147,3017
1123200000454905856,Broxh_,Broxh,True,76568,941,5547,31
2653325339,KarlJacobs_,karl :),True,3409019,882,7930,4995
1163667718853332992,lazyemily_,emily ‚ùÑÔ∏è,False,29888,366,2680,25
1067582196649738241,luvstruck,luvstruck,False,34221,383,5995,22
1126948346,heyimbee,heyimbee,True,452866,712,14846,402
169686021,kanyewest,ye,True,30622747,212,1911,43386
953863929763020800,Sydeon,SydneyüîÆ,True,208403,487,4698,428
85719056,ItsLeslie_,Leslie üí´,False,17013,462,8504,33
430177205,Sykkuno,Sykkuno,True,1848605,779,3902,1653
1089605152816943104,HealthyGamerGG,Healthy Gamer,True,105192,612,1747,119
375721095,Breaking911,Breaking911,False,921525,0,433,5763
137482245,iFooYa,Danielle,False,113607,1409,79111,155
1561667646,AnthonyKongphan,Anthony Kongphan,False,84394,2147,37398,213
231534898,JessicaBlevins,Jessica Blevins,True,581678,689,32953,279
20322929,wizkhalifa,Wiz Khalifa,True,36312474,871,49153,25054
511402689,WorldAndScience,World and Science,False,2220349,27,4266,6327
517077573,markiplier,Mark,True,13416852,360,8746,5263
10671602,PlayStation,PlayStation,True,23181343,754,39252,33718
813286,BarackObama,Barack Obama,True,130383108,587737,16322,222274
529547302,AlissaViolet,alissa violet,True,2536431,524,12251,755
11348282,NASA,NASA,True,50205145,178,67323,97011
238431491,FaZeClan,FaZe Clan,True,5685470,198,17982,2174
759251,CNN,CNN,True,55539693,1101,359393,150919
50393960,BillGates,Bill Gates,True,56349608,342,3731,121561
29873662,MKBHD,Marques Brownlee,True,5246242,417,51889,12899
4217821463,plushystoo,kimiwimi,False,87678,55,3751,258
948734570249125889,fooozley,fuslie,False,250711,224,919,441
1251815685274996736,peenerpark,uncle pp,False,217332,41,1855,369
1258007450994700288,ywonniee,ywonnie üéÄ,False,195342,47,672,370
2411403157,iGumdrop,jaimeüíõ‚ú®,True,306521,787,10667,472
2918927984,sonii,sonii,True,82849,1272,25211,81
1120917445,FaZeBloo,FaZe Bloo,True,561038,1624,40804,188
3120182086,Mettafizz,Jack,False,182,102,5653,4
15506669,JeffBezos,Jeff Bezos,True,3330031,25,273,9395
1066004604574404609,eFuse,eFuse.gg,True,41573,2015,8175,46
1217100164768374785,Meruem_ER,MŒ£êçÇUEM,False,98,128,518,0
2606913949,SuppyColleen,colleen,False,26634,249,4877,36
1140275305610919937,bunnydelphine,Belle Delphine,False,1589816,249,202,1989
725131849,Swagg,FaZe Swagg,True,405036,915,84755,291
387502648,emilyjanetwt,Emily,False,13670,826,1252,14
748284273350762496,boomtv,BoomTV,True,55216,4153,9476,55
772789437063368704,Polo_Capalot,Polo.Güêê,True,2696039,96,1972,751
168688901,JoeDeLuca,MerK,True,337501,1106,52549,487
1199161217673285632,ClutchBeIk,ClutchBelk,False,9976,263,2372,20
1350457500,EthanStellar,Stellar,False,2364,379,7958,4
147441417,YoniDoes,ÀóÀèÀã yoni ÀéÀäÀó,False,15340,676,4840,43
1674357854,koalibears,koali,False,16589,323,28429,77
4564794672,ItsWoofy,Merry Woofmas ‚òÉÔ∏è,False,10785,774,10419,47
948016835177472000,gdbeeart,geneva ‚úßÂΩ°,False,101747,708,4111,1189
1082559519811485698,qtcinderella,QTCinderella,True,272532,501,2647,304
1053127695851237376,THump,THump,False,62120,2098,19444,43
2463501157,JenaUrf,Jena,False,15814,615,2690,51
739953768423292928,wuzzbae,Nuts ü•ú,False,22678,1027,2926,26
880658540901302278,QuarterJade,QuarterJade,True,577206,724,5828,755
69460994,peterparkTV,Peter Park,True,418880,1278,12627,639
2395156458,KaleiRenay,FaZe Kalei,True,294637,861,24696,264
1349672054,Rated_COD,Rhys Price,True,60643,817,7772,219
12893862,AliMiller,Aliana (Ali) Miller,True,17413,1390,11222,100
123517066,TE_dness,te,True,9084,1049,2298,39
386772363,JamesCrowder,FaZe Crowder,True,242606,1395,12829,411
2333905358,DougisRaw,Doug,True,40423,616,25332,87
1707791742,diegosaurs,DIEGO,True,197355,1846,5098,305
4021185745,SwaggerSouls,SwaggerSouls,True,1503344,423,3863,426
1046529188491071493,Khanada,BBG Khanada Lakes,True,428581,550,3705,244
434761065,plugdj,plug.dj,True,33279,188,16500,120
286505380,TSM,TSM FTX,True,2224085,356,17386,2403
25899872,RichardGambler,Richard La Ruina,False,32100,2434,2153,124
1204732074097119232,Jinnytty1,Jinnytty,False,56772,92,159,62
208291415,dzdk_,Don Kim,False,596,371,12,0
919810650162970624,neekolul,neekolulüéÑ,True,692283,857,15567,668
1351018705,slimhoweh,Howeh Ó®Ä (top 1% onlyfans),False,2744,229,1094,1
2917301712,SintillaGames,Sintilla,False,8635,683,22448,43
1002735931,HeyGuysTwitch,HeyGuys,False,2551,519,1661,19
824704857219235844,koastermusic,Koaster,False,4911,474,1209,4
821127803273965568,Consteras,Constera üéµ,False,7040,517,3297,2
973269258279858178,SkaShroudle,SkaShroudle,False,291,311,7,0
972198287674572801,vylerria,„ÄãVYLERRIA„Ää,False,335773,525,69,301
2327933017,TOMFORD,TOM FORD,True,134657,0,2646,975
704476324870619136,issyfl,Issy,False,1393,575,4438,8
179159742,AgeOfEmpires,AgeOfEmpires,True,87622,139,10812,531
628696469,flowlucci,Flow Lucci,False,7222,225,10897,5
488515774,THESLUMPGOD,Sir Ski Mask,True,886959,2886,20264,0
959198618996609024,Odablock,Odablock,True,31111,312,1506,13
3022475224,blinkx66,Blinkx,False,27732,311,4495,68
1092346141998370816,ZherkaOfficial,Jon Fucken Zherka üî¥LIVE,False,25829,809,3727,18
1155207302502322176,StreamerBans,StreamerBans,False,452292,2,8382,189
2931675539,_ohlana,ohlana,False,12749,163,4428,0
1014727188,PaymoneyWubby,Wubby (Twitch's Toilet Paper) #35,True,105617,568,1685,63
1013504130432880641,PlayEverland,Everland,False,27809,34,20,22
1107049434121158657,PunguinVevo,Punguin,False,178,139,1385,1
998580261137911808,JagexBruno,Mod Bruno,False,5764,172,361,14
2724886261,EpicDonutDude,EpicDonutDude,False,9664,650,3514,14
584319263,JosephACostello,SLOPPS,False,20458,576,24030,30
810047690079928320,Thebuddha_3,Buddha,False,96875,776,3461,146
1033714559184502785,sweetanita,Sweet Anita,True,332325,807,2867,303
996481593723138048,zerofasting,Zero,False,18293,131,3143,118
752184432,aimbotcalvin,calvin,True,75801,577,3670,97
2986471820,goodguyfitz,Fitz,True,1281244,877,6701,385
816723671104557056,BelaFernandezz,Bela üå∏,False,23986,80,2168,52
944632008,Amouranth,Amouranth,True,1810203,780,14658,2988
438723184,itsrachryan,Rach ‚ùÄ,False,18842,555,21114,25
4461048078,tk_lacari,Lacari,False,24728,801,1965,18
545533864,OwenMRoe,Owen M. Roe,False,15765,663,54795,65
96025389,Graham__Hancock,Graham Hancock,False,241513,85,4710,1631
443215941,Sethrogen,Seth Rogen,True,9274901,1796,11202,10973
709482578,YogscastLewis,Lewis Brindley,True,346830,404,6833,613
18208354,joerogan,Joe Rogan,True,7725627,3875,45894,21765
2264630096,HyperSeanic,Seanic,False,31554,266,4141,99
712012896843091968,ToriPareno,tori pareno ‚ô•Ô∏è,False,34010,853,14785,52
2349536690,CallMeCarsonYT,Carson,False,1333312,1056,11988,803
799169739339821056,Overpowered,op,False,5946,482,3426,14
893607679402192897,yassinCodes,Yassin | Full stack Web Devüíª | Endwalker gamer,False,3402,723,18290,0
2940620701,KonznSucks,Konzn,False,5435,128,4810,4
1061254228423991297,amark_7777,Amark,False,47,74,315,0
725857376,theLLance,LLance,False,41211,383,10355,84
1100829828511453184,mayahiga6,Maya,True,246376,576,2549,230
1006419421244678144,GretaThunberg,Greta Thunberg,True,5101438,2711,10769,0
344980006,Jerma985,Jerma,False,267873,74,2697,211
4761208395,m0xyOW,m0xy,False,93085,444,823,81
740279906962018304,iRiskpvp,iRisk,False,13058,333,6697,12
946534848,morberplz,michelle,False,26540,632,5741,70
934165701220282368,macaiyla,C9 Caiyla,True,242627,860,29844,172
1752960883,Sliker,Sliker,False,73244,521,1060,59
870787233363656704,TheRealDareon,Dareon,False,18969,273,2305,19
2190053275,Lifestomper,Lifestomper,False,5350,5,7611,13
820092242908028928,39daph,daphne,True,368756,494,5954,417
4832047612,MissBaffy,Baffy,False,16086,259,4501,18
4889388448,JustaMinx,minx,True,1725359,652,33009,1699
14373805,cyr,cyr,False,231300,1126,49757,667
161951189,JoeyKaotyk,JoeyKaotyk IRL üìπ,False,10161,297,42003,54
903761995501117441,HarrieSilver,Harrie,False,11647,1023,6362,17
1047366942074580993,Javelin_Rain,JavelinRain,False,29,16,261,0
3198227191,katerino,Kate,False,76469,1002,2838,63
709095240,MiaMalkova,Mia Malkova,True,2321220,525,15098,3694
418147815,Symfuhny,Sym,True,976309,1238,5898,436
132446478,aibunv,aibun,False,36605,493,21804,41
842474623,AvaGG,Ava,True,183947,1487,147038,358
896839759259160576,kappafride,kappafride,False,244,63,229,0
902274570945691648,ddofinternet,Daily Dose,True,369891,204,8250,178
1079629091710455809,taehatypes,Taeha Types,False,71796,777,2386,148
554716817,JennarationTV,jenna,False,17598,349,19804,0
3457773732,MikaylahAU,Mikaylah,False,95637,221,3385,53
2862095476,Melipastel1,‚ú®Melipumpkin üéÉ,False,19209,523,6684,47
900674949718970368,kaileybubz,KBubblez,False,28050,693,5574,28
726265475529871360,NRG_Hamlinz,Hamlinz üê∑,True,1277955,359,2283,270
849804653307076609,NRG_Daequan,Daequan,True,1967629,298,6364,415
2918148194,cyberjinxy,jÃµiÃ∂nÃ¥xÃµyÃµ üî™,False,13780,1055,10164,36
2859805517,AriaNina_,AriaNina.com ‚ù§Ô∏èü§∞üèº,False,64952,574,3971,258
352881953,NoahJ456,NoahJ456,True,1235142,1214,25807,435
1828506158,Mendo,mendo psycho 100%,True,93272,1135,28376,268
868065742381568001,lun6r,lunar,False,247,87,126,0
3040604468,awk_raccoon,Vikki,False,13839,2448,29284,43
863481139096199168,MiltonTPike1,MiltonTPike1,False,47110,762,11448,114
914512971065430018,Svenosss,Svennoss,True,35229,790,10112,28
2307540361,Faux_Freedom,Faux,True,47180,684,10596,30
794099858919608320,miss__tricky,Tricky,False,17320,239,1401,35
2559865245,Tfue,Tfue,True,4233668,1427,5485,1242
2708191476,Valkyrae,rae‚òÄÔ∏è,True,2691497,738,23026,2221
996145551262605312,MommaPoppin,MommaPoppin,False,8752,33,456,3
950181557569961984,linaxqtt,lina.,False,480,155,4816,3
764625398181224448,DuskDarker,DuskDarker,False,106,311,1001,0
895048329566056448,poopernoodle,poopernoodle,False,13587,951,2242,31
2870727418,Pettans,Pettans,False,24213,838,7841,43
450240431,auxidental,LIQUID | Trey,False,4698,1094,8730,15
855359365364232199,novaruu_,novaruu,False,68978,284,5429,165
315455101,JubbyTV,Jubby üáµüá∑,False,1906,427,10444,5
24532699,kandylul,Kandyland,False,57960,336,3317,75
2282027030,TwitchRussel,RUSSEL ü¶É,False,79678,454,4430,82
1709282796,_liquidpyro,Liquidpyro (top 0.5%),False,40908,508,41778,55
565869559,AshlynnArias,Ashlynn,False,70639,2266,27060,181
1085235628831358976,InvaderVie,Vie,False,19662,162,1362,44
3328508746,OfficialTaco69,OfficialTaco,False,37507,210,2620,39
1058807665126719488,StIcKyRamee,Ramee,False,86505,168,1329,87
2685988544,Mxriarose,Maria üåπ,False,6253,292,39390,16
3243511830,BabyHsu888,üáπüáºBabyHsuüåô‚ú®,False,4759,302,6639,23
814554462354280449,Jayce_Twitch,Jayce,False,4894,191,1482,12
834883480890851329,MickDaInfamous,Mick,False,4294,458,1093,23
826358491757502464,yellowspoongirl,ysgüåø,False,49493,723,10743,72
2964648664,kickedtripod,John Horstmann,False,3255,635,22102,63
889548541,GrimoireYT,Grim ü¶¶ü¶≠,False,9617,421,5818,30
953994145244172289,peallatwitchtv,Bjorn tv,False,9544,586,2495,7
974451583630172165,justxcass,justxcass,False,2624,92,281,3
1060451601863794688,P1stolsPk,P1stolsüï∫,False,186,654,730,1
67395105,ChinnyXO1,chinny üåô,False,2789,288,3669,22
1071104846684676104,dizzy,dizzy,True,149924,821,2216,174
20976355,OverclockersUK,Overclockers UK,True,106999,794,25818,279
745597407606386688,444champagne,lauren ‚ô°,False,36944,646,11114,38
760028686221320192,NotTheDondi,Dondi,False,17798,128,5187,11
3154462560,theisleofficial,The Isle,False,32084,3,776,55
157508623,veefroggy,vee,False,78637,501,21566,70
93965389,KnightSinclair,Josephine KnightSinclair,False,5828,737,4038,20
1012470011078762496,brookeab,brooke,True,863242,893,7288,869
1005189109415960576,tchelicongaming,TC Helicon Gaming,False,27876,335,4499,50
2818884683,JagexArchie,Archie,False,45912,464,6479,51
770415726,MrMing011,Ming,False,16562,425,14440,23
3855881295,therealtakarita,üéÖüèΩüéÑ‚ùÑÔ∏è Santarita üéÖüèΩüéÑ‚ùÑÔ∏è,False,6918,894,38845,64
13298072,Tesla,Tesla,True,11958855,79,7730,19026
1045308879343685632,esteekey,Mi,False,2388,69,301,4
34743251,SpaceX,SpaceX,True,19082171,100,5597,33226
947255887,YourPrincess,jayden,True,46544,851,37779,77
3873936134,TwitterGaming,Twitter Gaming,True,1077677,1338,10659,2346
631793832,hanubuu,Hana,False,82336,610,15897,73
2969020641,FreddieTwenty,FreddieTwenty,False,542,117,1574,2
880804357624692736,SlywolfTA,Slywolf,False,642,85,55,1
976939127860969472,jackblack,Jack Black,True,465853,295,229,530
720381940159754241,emjayrinaudo_,Emily Rinaudo,False,131117,226,2223,186
2749158660,lilerf,Lil Erf,False,1743,1,29,0
66810589,thatsdax,Dax,True,165749,523,8147,134
44196397,elonmusk,Elon Musk,True,65634866,106,16240,82243
1013524120238284800,fyzbtw,Fyz,False,852,40,76,4
181168157,sampepper,Sam Pepper,True,773175,7853,12605,2225
163268018,rilaccoco_,ÏΩîÏΩî,True,19088,89,1617,83
1654279704,yvonnie,yvonne üéÄ,True,621101,629,11337,706
53815297,AriaSaki,streaming today‚ù§Ô∏è‚Äçü©π,True,446266,588,24035,602
3013777044,fuslie,leslie,True,702649,1516,13641,1000
117718640,jakenbakeLIVE,Jake'n'Bake @ LA üá∫üá∏,True,84892,967,16882,135
2372600622,starsmitten_,‚äπ celine,True,275038,666,26330,500
3064626591,plushyslol,plushys ‚ÇäÀö‚ú©,False,293058,882,18179,541
67291370,xChocoBars,LG xChocoBars,False,430898,641,16556,743
1148736193,kellykiewel,Kelly,False,11389,977,24969,70
2164992777,jaycgeeofficial,Jaycgee,False,39311,423,9411,61
4729250069,antphrodite,antphrodite [Psychic],True,35411,606,11029,39
1029142980,Bjergsen,Bjergsen,True,1320147,999,19040,1784
926676036,THEalbertchang,Albert Chang | albie,True,118392,335,3861,112
262341591,edisonparklive,Edison Park,False,128298,527,1652,384
230424876,Fedmyster,FED,True,263748,645,6484,195
423570545,BeccaTILTS,Becca,True,75045,825,12439,196
68562450,reckful,reckful,False,20383,1,77,12
632498857,leena_xu,Leena Xu,True,180236,646,4899,316
2980874789,noblealexk,Alexander Konrad,False,1373,128,1400,62
1706468510,fiveub,fiveub,False,7484,822,21713,25
93808891,sal_triolo,G FUEL | Sal,False,6873,1136,2492,9
563276275,discomaniashley,Ashley üê±,False,24205,630,14335,46
744981801639129088,hilenna_,ana üáªüá™,False,11915,775,14525,22
442954428,themissnz,Rachael ‚ù§,False,7938,62,5851,0
369583954,TheNotoriousMMA,Conor McGregor,True,9054056,750,10083,5548
557647030,Skiddler,Elliot,False,23089,2041,25030,34
525302599,Sick_Nerd,Sick Nerd,False,34238,402,12543,0
184349515,MmorpgCP,Mmorpg,False,34559,290,5734,19
90988865,shaperka,shaperka,False,34460,986,12770,45
794767994341773312,Knutspild,Knut,False,24366,588,1758,21
856835270,Growlibi,Growl,False,2635,1115,10193,0
2686221068,strider751,Strider,False,4530,290,577,0
98821255,NICKMERCS,FaZe Nickmercs,True,2047997,791,84995,1046
763432741,hiouurin,Rin,False,14593,334,4259,29
554510636,SWatercolour,shitty watercolour,True,551290,2601,14705,1787
301133696,YourBoyTravis,Travis Richardson,False,1065,379,300,13
4848981999,Liutauras_,Liutauras,False,4222,606,1474,5
1018528290859085824,imrexerr,Rexer üåπ,False,265,95,31,1
363811679,Banks,FaZe Banks,True,2835102,1643,28136,1239
25878827,The_WokenWolf,Woken Wolf,False,90446,171,10623,78
2940124885,TaylorWebbIRL,Taylor,False,1265,658,9129,10
1703369605,psynapsfx,Psynaps,False,3731,575,7634,23
1004508448162136064,UnlimitedIRL,UnlimitedIRL,False,4228,147,751,24
830003094805164032,GokuzuTweets,üëπ ùôÇùô§ùô†ùô™ùôØùô™ üëπ,False,80,54,392,1
385560056,EsfandTV,Esfand,True,282283,1723,8969,289
147039284,Asmongold,Zack,True,593291,663,11238,604
902383237254828032,hamptonbrando,white gerb,False,20995,69,627,15
830883082928533504,Twisted_Clone,CLXNE (Twisted Clone),False,176,106,791,0
4833803780,loltyler1,loltyler1,True,639819,236,946,423
125066866,4ndypyro,Andy,False,40801,1190,16391,52
978892385311690752,RateMySetup,Rate My Setup,False,106,10,30,0
701516692913000449,StreamElements,StreamElements,True,61546,1616,5636,186
851833393729949700,Alecludford,Ale Cludford,False,10132,270,1953,8
986395590425751553,GGXupdates,Dimitri,False,96560,1,1580,52
772011719342317569,ManuelFerraraTV,ManuelFerraraTV,False,139482,544,8008,104
746524598569689088,SATED_,SATED üáµüá∏,False,386,355,567,2
925008188826640384,OGOSTERi,Scuffed Animations,False,72,343,113,0
52254527,dorag777,Dorag,False,8,5,11,0
32501175,Akademiks,DJ Akademiks,True,1323954,5934,4347,1322
941666973519372288,Ettnix,Ettnix,False,3152,130,1698,6
3332178328,clintstevensTV,Clint Stevens,False,95780,366,2835,68
785651770697523200,xQc,xQc,True,1172831,425,3603,842
758515361302077440,Aromatic_Beast,Aromatic Beast,False,234,297,2014,2
562708576,HowToBasic,HowToBasic,True,381442,447,995,301
372181722,maxmoefoe,Max,True,942068,864,29009,494
1093146853,dkanemorris,D Kane,False,16136,361,473,21
1352381204,Wipz,Wipz,False,143632,909,30286,69
4767225325,cloakzy,cloakzy,True,1657121,998,13277,628
2163885564,TSM_Myth,Myth,True,2574192,203,17243,1031
431889730,IWDominateLoL,Christian Rivera,True,256995,964,21763,621
3322032620,SuperTexan_,Super Texan,False,1629,274,6340,6
118433275,Slappy826,Slappy826,False,303,110,246,1
21540334,stillljane,jackie/stilljane,False,4280,501,21486,7
97374601,spideylovescake,spideylovescake ü¶ñ,False,796,1518,4591,34
190946922,pokelawls,Poke,True,150177,827,18051,192
927199294989438976,2Pfrog,2Pfrog (Yami),False,1965,525,2329,5
913812620,PostMalone,twelve carat toothache,True,6942964,2807,7685,2814
1489240021,josenavarr0,taco,False,241,249,1756,3
730938346298544128,SlinkyDF,Slinky,False,904,561,322,7
765797174,GavTTV,Gav,False,2051,583,3230,7
901154374470250498,LilBoredTV,Lil Bored X,False,30960,720,34,8
1542453360,shroud,Michael Grzesiek,True,1906138,838,8603,1630
3051836481,Pinkwardlol,Pink Ward,False,38245,795,9621,23
245396123,JessicaNigri,‚ù§Ô∏èJessica ‚ù§Ô∏è,True,1308277,1034,33758,3319
938036718,Coryba_,Coryba,False,485,202,1704,1
427930773,DolanDark,Dolan Dark,True,1792220,948,22935,802
716716668412493826,felissetv,Kayla,False,8643,186,7542,10
3350209185,FarCognitions,ADVANCEDgg | FarCog,False,10522,2805,17321,52
863743135,BigBootyBryce,Broccoli Bryce ü§†,False,244,191,978,0
59739091,kellyjeaaann,Kelly Jean,False,112533,984,36449,467
4902531653,GamerSupps,Gamer Supps¬Æ,False,137663,418,12254,67
338894386,trihex,DAT' YOSHI DECEMBER (day 5/30),True,96841,729,30675,239
2683195986,justin_warden,Justin Warden,False,623,403,1295,18
487135935,ThePoqito,Poqito,False,10132,2332,15738,20
1035869892,emiru4444,haha egg,False,86218,379,2999,81
782533839721824256,d0reck,doreck,False,48,111,11,0
44524106,witwix,witwix,False,66878,494,10190,129
540317609,A_Seagull,Brandon Larned,True,131897,1502,1447,308
714178437234077696,Zeltarules,Z,False,139,179,1438,0
771565860787884032,DragostinJ,Dragostin Jelev,False,16,138,47,0
1860224455,AnJcsgo,Allan Jensen,True,14881,451,6359,16
834795806,cerq,Tsvetelin Dimitrov,True,36179,732,1823,131
874136024053555201,eyebrowmom,emily üñ§,False,9879,1070,4084,14
1128742208,Hotaruz,Maxwell Bateman,False,1045,815,6900,14
323729565,overtflow,OVERT FLOW,True,62874,6766,96485,84
557069020,AsianAndyFilms,Asian Andy,False,44752,618,7994,43
327305670,VicTreptow,Victor Treptow,False,3615,169,2937,14
537004797,NetNobody,1 (Minecraft Neo),True,1850644,827,13858,1787
859882250552344576,Tracksuit_Cx,tracksuit_Cx,False,7223,166,318,8
100655708,0rohito,Rohito,False,1046,145,45,4
3250400634,BlackWubz,Festival Cheeto üêå,False,3750,313,1181,6
2432565194,lord_kirk,Lord Kirk üá∫üá∏,False,10679,638,10710,13
1931425873,ianspam,Ian / PureSpam,False,19398,911,24391,21
881917472030568448,FireDran,FireDran,False,287,25,31,0
1157342167,MexicanAndySZN,Mexican Andy,False,13416,198,5637,17
82958611,burgerplanets,Burger Planet,False,4527,120,6484,24
45495790,CarolineBurt,Caroline Burt Buckley,False,11424,760,14872,43
198574068,NerdOrDieCom,Nerd or Die,False,86348,1171,10533,118
767780573981081600,Yassuo,Moe,True,422844,755,5858,298
178920534,geishamontes,Geisha Montes De Oca,False,15308,306,3347,0
746045118835269632,Tobias_Fate,Tobias Fate,False,108015,466,2182,54
281890963,Idubbbz,YouTube boxing guru,True,1428982,698,23693,582
3241906698,Amektra,Crow,False,16,220,14,0
242545935,GirlonDuty,Mel,False,13515,230,19674,69
1362072355,BoxBox,BoxBox,False,264109,736,4322,381
74274804,LilyPichu,lily,True,1578327,1852,39336,1738
226782998,anything4views,chad,False,625199,753,6888,229
1096845500,vgdunkey,dunkey,True,1239997,88,1233,864
76907571,underflowR,Rania // underflowR,False,18940,1016,14273,66
743337877,Shiphtur,Danny Le,True,175134,612,9399,496
3274233380,TheDissRapper,Diss God,False,46365,400,2028,26
503366657,basscornbread,Zayvier,False,1810,2076,4989,30
2369556193,NinjaChris77,NINJACHRIS77üñåÔ∏èüêí,False,2246,714,5838,24
17346342,theGunrun,theGunrun,True,38161,6215,23655,366
3084973176,Voldesad,Gray,False,11760,374,337,14
3430596736,Foxie_GG,Foxie,False,3599,462,6102,6
2708575885,TheMersee,Mersee,False,56,614,178,0
2810332796,itslilchipmunk,lilchiipmunküéÄ,False,55455,510,5656,72
2596970190,HudynP,Pepi,False,116,440,76,0
1383966553,GODaZeD,Sam M,True,100604,449,5864,246
3107673643,serinide,Reb,False,197066,737,10481,384
250921910,TSMReginald,TSM FTX Andy,True,263275,893,3751,967
571206183,LogitechG,Logitech G,True,767663,1791,26122,1289
3788165593,Luneslovebad,Luna,False,34187,870,50515,63
316756361,AdamSandler,Adam Sandler,True,2937101,70,796,4006
21272876,lilgingerb,Jenna Angela W.,False,19605,362,10255,24
146556805,DrDisrespect,Dr Disrespect,True,2250332,565,9203,1590
2773277184,Liquid_ibiza,ibiza,True,31393,833,6607,111
897754452,Hiko,100T Hiko,True,426257,1212,14461,876
2447107386,ErckuL1337,Erckul,False,1125,316,1654,2
2638212040,Erobb221,Eric,False,86035,414,1044,79
3192049483,EXBCtv,EXBC,False,7018,171,15678,57
1058639899,AlinityTwitch,Alinity,True,233474,676,26385,421
1604606750,BrotherBaston,BrotherBaston,False,2884,458,280,23
2952652794,BlueGoesMew,Blue Madrigal,False,17483,641,12729,40
773291694049595392,smugshilo,Smugshilo,False,329,30,2163,0
3153255953,TinyScallywag,TinyScallywag üêù,False,10450,504,11142,14
722482431580889089,DirtyRandyTV,KingRandal,False,1260,260,1697,7
4869541205,Satavej,Satavej,False,1667,168,2922,5
704489021938933761,CrankH1Z1,Crank,True,1928,270,50,5
509469200,onscreenlol,ONSCREEN,True,49924,976,8458,44
787271940968968192,CoconutBGaming,CoconutBü••,False,32728,743,4398,23
22977875,nicholasmegalis,NICHOLAS MEGALIS,True,97976,13999,44134,318
2988936993,TheonemannyTV,Theonemanny,False,14803,512,7476,22
703685167194497024,ClemGUK,Clem,True,5487,237,4904,17
1439571644,Dalu_sional,Dalu,False,2094,593,3852,0
19789046,yogscast,The Yogscast,True,610567,486,28762,1606
3132093634,RealHyphonixYT,Hyphonix,False,17209,380,2573,20
3006858495,hey_hi_howareu,Ethan Jones,False,5190,311,609,6
3062637842,SayeeedBlack,SayeedBlack,False,12010,731,1779,50
1568485034,danii,DD,False,64025,633,16473,101
21587681,COYOTEPETERSON,Coyote Peterson,True,52224,180,4963,85
3256068152,Trainwreckstv,Trainwreck,True,394933,6174,11086,352
2475484801,ItsKoil,Koil,False,45133,406,1086,90
246596682,CouRageJD,Jack ‚ÄúCouRage‚Äù Dunlop,True,1860104,2109,58808,1253
2847766241,AnisaJomha,Anisa Jomha,False,87620,557,22489,0
910874659,RiceGum,RiceGum,True,2733923,3768,11461,786
395089243,jomaroz414,AbdulHD,False,17947,460,3154,45
108829578,SilverLinedLife,AimzAtchu,False,19068,468,23365,50
2259562663,Axiunn,AXIUN,False,6528,378,1833,6
2945668470,liliastellarosa,Liliastellarosa,False,4340,715,9368,32
438074176,gnarlyrita,RITA,False,37158,302,18745,34
779734927839551488,thecxed,cxed,False,515,18,96,0
1713221516,dizzykitten7,Dizzy,False,104043,1046,7092,304
189735576,OMGitsfirefoxx,sonja,True,542596,849,13654,581
50374439,tomhanks,Tom Hanks,True,16366664,25,948,43239
402980410,Nightbloo,Nightblue3,True,291808,471,6670,293
4923993500,Zuckles,Zuckles,False,253388,318,5637,146
4721481919,TheRay_C,Ray C.,False,68623,455,1294,139
1043248764,trausi,trausi,False,17222,177,3263,18
483056171,UnexpectedNinj4,Cody,False,164,196,1534,3
2930537079,scudpunk,scudpunk,False,7301,1470,6355,15
2997177657,ShackyHD,ShackyADHD,False,14804,340,5232,9
3797829861,RockyJaymes,RockyJaymes,False,465,580,1548,0
3063822575,bchillz,BCHILLZ!,False,16684,279,4686,17
726275287034392576,BootyClapKCmo,BootyClapKC,False,29518,546,13814,17
713473217348968448,JordanRantsYT,JordanRants,False,8770,348,5642,13
3894678680,RhinoQ_,Rhino,False,3184,281,1057,8
475662496,radekh1z1,Radek,True,4256,730,3042,18
51171395,AlliSpeed,Alli Speed // FeralWife,True,283466,906,32540,1657
477312189,JohnScarce,Scarce,True,945175,991,48767,369
479142314,skill_specs,Skill Specs  üêç,False,35947,577,21836,20
105621465,TheWizard,TheWizard,False,536,650,6392,3
744366267218468864,Baelee9,Body Shot Bailee,False,3486,156,2682,2
736784706486734852,REALIcePoseidon,Ice_Poseidon,True,191656,926,5921,152
136651187,wolfieraps,Wolfie,True,545248,2279,21451,202
1085315216,BucketHeadDyn,BucketheadDyn,False,164353,2455,27227,66
631800264,sssniperwolf,Lia,True,1057464,833,53581,1218
872683897,KEEMSTAR,KEEM üçø,True,2800046,408,120280,1644
723569907204395008,BJP_Official,BJPOfficial,False,22954,412,5504,18
259176717,Jewelxo,Jewel / Megan üíï Onlyfans,False,194811,799,74356,309
711757837806870528,LDG4Life,Lil Dick Gang,False,128,15,239,0
422337846,DaysLimits,Horsey,False,27455,367,15209,37
701611559857090560,TAtournaments,TA Tournaments,False,3477,796,828,1
603096872,Blondiewondie1,Blondiewondie,False,17205,437,6042,76
3317395945,BobbyHam702,Bobby,False,15482,969,15574,13
3083196583,cbkflame,cbkflame,True,3758,496,3046,18
4852281486,ZiggyZong,ZiggyZong,False,75,216,290,0
2270752134,SpringgyHD,Springgy,False,369,405,3529,4
1894180640,B0aty,B0aty,True,102422,951,22973,72
1087348778,Sodapoppintv,Chance Morris dumb fat igly laxy stuoid,True,626120,1506,10937,631
2312181138,BotDetectorBot,Twitch Bot Detector,False,5532,0,42565,0
48795352,Disneymellie23,Mellieüßúüèª‚Äç‚ôÄÔ∏èüßöüèº‚Äç‚ôÄÔ∏è,False,95,315,2464,0
915796495,Emmaontwitch,Emily,False,15901,713,15090,18
18584947,_Maral,Maral,False,7953,2359,33586,65
131377333,storm_ttv,Storm,False,1184,227,3635,0
4325755996,STPeach,Peach üå∏,True,363507,974,6507,468
2895949890,EmiScotty,e,False,319,62,46,2
1067407243,wrathofvayden,Vayden,False,127,29,2416,2
1220171822,ashleyketchumx3,Ashley,False,1608,504,4779,4
470622156,Liquidicey,William Powers,False,424,183,1466,2
4489707434,sur_tb,tanner.,False,79,223,223,2
3188570610,GolfWYF,‚õ≥GolfWithYourFriends,True,5237,187,1956,0
2968872628,PaynosTV,Paynos,False,3608,1001,13381,18
1569024350,CryWasTaken,Cryaotic,True,322777,315,12237,628
2587654262,Bing__Wang,Shaun,False,106,336,944,0
445797139,cdew_wow,Cdew,True,80065,194,23889,108
3166565788,Demplayss,Demplays,False,122,196,1851,3
19725644,neiltyson,Neil deGrasse Tyson,True,14552137,39,7624,45364
23151437,KevinHart4real,Kevin Hart,True,36875359,554,41100,22176
63796828,verified,Twitter Verified,True,3698988,392098,1235,8774
1702843579,Jaxerie,Jaxerie,False,13792,573,20449,30
40755849,ashleeeeean,ash | üéÑ,False,9002,746,15727,80
170910466,AneleAndeshmand,Anele Andeshmandüá¶üá´,True,7870,1501,2442,34
969631170,tehkeabler,Keabler,False,228,463,2413,2
826697202,BryannnnnE,Bryan,False,577,597,19335,0
106607901,Juicetra,Juicetra.eth,True,55686,761,73555,298
37444945,HassanBokhari,Hassan Bokhari,False,25147,663,2088,110
3290038556,BellaElsey,Bella,False,548,938,1189,5
4247209720,Arex_____,Arex,False,26,47,18,0
4509070394,RSGLORYANDGOLD,Tony,False,45579,560,5356,21
2800353728,Mig_99OG,Mig_99,True,5106,904,8336,24
1066951418,The_Chief1114,c h i e f,False,39280,850,19817,66
1152884862,Celest565,Celeste,False,27569,566,8492,76
2867867409,DrunkenStrim,DrunkenStrim,False,33,45,227,1
381713112,alexmsikorski,Alex,False,125,142,1235,0
3992553377,xer1an,xer1an,False,1131,387,2269,4
3243533881,Pineaqples,Pine from New World,True,24683,925,26638,61
2906081099,LyndonFPS,LyndonFPS,True,29118,194,17214,39
536293072,Lazy_Twitch,Lazy,False,174,612,6592,4
159223855,CDNThe3rd,Ceez [+],True,493092,3654,31538,248
2868120089,ANGRYPUG,ANGRYPUG,False,32867,656,15828,78
2783529560,TimsPinkDilduh,TimsPinkDilduh,False,4043,146,6640,6
447580730,Manpons,Pons,False,7054,660,27046,36
14879080,thegreatmutato,Brad Wilcox,False,5944,817,11222,58
20431851,Kingnunutv,Nolan,False,462,578,18794,0
2986891581,Mitchsgaming,Mitch,False,197,194,2202,1
3384413249,Kev1n_Mtv,Kev1n_M,False,420,426,1206,2
1328296260,Drazuul,Drazuul from Draenor,False,64,61,123,0
2942853873,KillerAphexx,KillerAphexx,False,10,25,360,0
222356210,tenpiecess,Steve,False,59,391,236,0
2418272798,twitch_tv_pat,twitch.tv/pat,False,840,1678,8395,11
279078170,GreekGamingx,Greek Gaming,False,220,1,3,0
2387218837,dj_plugg,DJ Plug,False,331,463,793,2
36598894,dez2988,dez,False,41865,481,5722,0
214201922,Ninja,Ninja,True,6759747,1462,43210,3350
2313002094,JoshOG,JoshOG,True,322900,1251,22561,253
715068650,GodGeno,Pervy Sage,False,649,47,2268,0
973256839,woodgnomes,Matt. üò≥üëâüëà definitely not a furry,False,549,962,6456,1
2200049978,AustinOnTwitter,Austin,True,641590,1908,6897,933
16573941,netflix,Netflix,True,14218373,1974,41981,18888
331311644,ladbible,LADbible,True,2842348,0,51393,2150
16747981,Totalbiscuit,TotalBiscuit,True,587440,143,128624,0
17883546,andymilonakis,Andy Milonakis,True,599420,1046,55794,0
1343046414,simonhds90,Simon,False,30129,290,7341,0
234905133,TrumpSC,Trump üíô,True,163763,493,8651,809
579648949,Kripparrian,Kripparrian,True,164478,429,20063,722
3104735252,TempoEloise,Eloise,False,43951,539,4932,306
3424517722,nymnion,NymN,True,72838,385,10303,87
2356867069,benitanov,CLG bENITA,True,18218,924,4923,84
164463628,AutumnRhodess,V1 Autumn,False,72606,616,32748,100
598642412,TwitchPluto,Pluto,False,28472,1812,29524,129
1624203620,eKassi92,Dopamine Deficiency,False,2625,113,5420,3
317994024,Gbay99,Gbay99,False,55183,881,19345,90
14712004,Marco282,Marco Nijholt,False,333,150,718,0
995979576,timthetatman,timthetatmanüëë,True,2702105,1311,58428,1491
94687490,Garmodon_,Garmodon,False,194,517,1377,0
978899958,SmashGBR,Dimitris,False,170,423,463,2
437210567,TwitchSupport,Twitch Support,True,1089454,57,48555,1704
915135200,hexytv,hexy üíÄ,False,49285,751,7969,68
2425470265,OPscT,OPscT,False,85888,567,4800,68
1423537784,M3rkinator,m3rk squad,False,109,61,84,0
547261727,hotted89,Alan Widmann,True,136177,2137,38834,218
272804164,shortyyguy,SHORTY,False,61523,667,6756,145
45926119,VirtualHate,Virtual Hate | vH,False,471,57,21,0
91009752,RuneScape,RuneScape,True,319377,1647,77177,447
2369126940,Amaz,Amaz,True,129796,198,8655,614
184958971,TempoReynad,reynad,True,107987,1432,9019,526
566662738,Forsen,Sebastian Fors,True,167535,234,4494,284
392513215,scarra,scarra,True,851830,706,37640,1639
386650599,Voyboy,Joedat,True,356286,2118,12685,868
2925272760,taymoo7,Taymoo üêÆ,False,14582,208,8343,30
2506877951,anniefuchsia,Anniebrrr ‚ùÑÔ∏è,True,69960,998,23647,162
54256416,TheSuperpax,Thomas,False,135,64,1768,4
3314775067,xLilyRaex,Lily Rae,False,10,11,15,0
291859009,SkyWilliams,‚ô°‚ô™!?,False,388334,1060,65270,510
1253365489,kaceytron,kaceytron - live now,True,124744,1595,13273,333
940479836,wondermeg_,meg.,False,17686,1724,68093,144
37597184,Jessewelle,Jesse,True,1179882,1112,11837,1469
312247361,SwiftyiRL,Swifty üåä‚òÄÔ∏è,False,108213,516,5274,222
42345999,Boogie2988,OogieBoogie2988 üò≠ü§°,True,529243,2546,93814,1154
1931653566,BirdyLovesIt,‚â´ BirdyLovesIt ‚â™,False,154838,985,14797,348
1117931702,dakotaz,dk,True,1639048,966,22353,599
309366491,Twitch,Twitch,True,8915822,765,21610,8771
401698160,Trick2g,Timothy F.,True,230563,545,14432,305
3099866344,Barry_74,Barry,False,31052,743,4508,23
2524538197,GetCapo,Hank Moody üá∫üá∏,False,345,114,4811,4
144701884,Dyrus,Marcus,True,627952,326,27648,1274
875842154,LAGTVMB,MaximusBlack,False,29583,528,16325,87
323030602,MitchJonez,Mitch Jones,False,156954,1407,7262,146
526951671,Deji,Deji,True,2226985,502,8405,617
435971473,Dinglederper,dinglederper üåª,False,113386,650,12648,137
161418822,Nadeshot,100T Nadeshot,True,2941793,3056,11099,2488
2793548722,TheBigMeech09,TurkeyMeech ü¶É,False,6999,211,6642,11
3249940296,Dankquan,Dankquan Ó®Ä,False,10511,772,5288,12
21997261,PhantomL0rd,PhantomL0rd,True,152377,360,748,268
520680837,LIRIK,Lirik,True,661854,1225,36031,807
20015311,rickygervais,Ricky Gervais,True,14503577,1512,68175,27860
492981803,Byron,Reckful,False,422803,552,9084,302
383501757,JoshNissan,steel,True,183728,1036,24176,540
2345768564,reltuC,Cutler,True,73497,597,4104,278
2293112606,paszaBiceps,paszaBiceps,True,373611,342,5807,667
551473324,CLG_HotshotGG,HotshotGG,True,183112,652,5158,797
344538810,Doublelift1,Yiliang Peng,True,958361,87,13556,1816
420512951,tarik,tarik,True,409245,771,10103,718
293781922,LiethAssad,Lieth Assad,False,10592,1472,9348,14
2658751782,PTR_tvCSGO,Peter Gurney,True,46439,664,9166,183
1708443876,summit1g,summit1g,True,1091807,1644,17297,978
1870980115,m0E_tv,mOE,True,241444,867,21150,0
14685759,Swiftor,Swiftor,True,131627,1020,43353,324
