18239280,stiniuk,True,5525,1498
252521025,Number10cat,False,473779,149
760209405510053888,inheritix,False,3057,1006
20136892,StephenMangan,True,462030,890
19505819,karrey,False,1344,538
356028003,AgzMiku,False,1355,468
1720248434,JovialTrash,False,1007,835
2210373085,AsobiNico,False,3115,45
1560458779,EarlyMorningStu,False,1066,73
4212233189,HYPERCHARGEGAME,False,12512,225
17888643,TimGettys,True,105054,860
1053209766925877248,tomwinsagain,False,22,62
1341107339873705986,ToggesGame,False,234,37
13996822,zptr,False,592,505
1226119578566217728,bendyloss,False,130,114
387152150,ZhenghuaYang,False,8748,988
1099762340,dansalvato,True,243490,506
64386392,azwah,False,3010,2725
1410592607411994625,Chronos_Builder,False,1473,608
248044499,amy_hennig,True,108031,3357
148550793,hestkraft,False,369,1607
1197866918750932992,robot_teddy,False,219,10
387694188,runjnee,False,625,433
1408662024,DMullinsGames,False,14504,898
286197237,simplySylvan,False,1115,587
89153499,10tonsLtd,False,5657,190
1025734389320306688,MilenIv61427495,False,20,64
792143280,Mawnsson,False,166,163
628255242,RickWePlay,False,52,670
221779522,Cardanai,False,1092,907
91675586,littlebluerobot,False,2923,1682
1397304837709070342,OnDeck,True,73068,3
14853738,Olima,False,3847,1729
721890617505107968,CircuitSUP,True,7613,246
24581476,viiolaceus,False,38791,996
1173897111626231808,robbiegoldieart,False,338,1016
406842374,JolyonMaugham,True,329902,1823
732649152807469056,sovietvisuals,False,376297,1906
986369572717637632,SuperRareGeorge,False,1781,353
21411047,lucyjamesgames,True,67379,2105
22052388,susiemcbeth,True,24857,17663
1243550019606786048,realparinshah,False,41,320
1046743021918867456,Neonhive,False,2221,992
1161931126308528128,LEGO_Ventures,True,1581,582
304679484,HamillHimself,True,4817555,882
748816913258676224,Snafl80,False,2220,405
1285119046426464258,MoonglowBay,True,13507,44
287834630,GNev2,True,4920769,975
353196325,Cromwelp,True,3758,455
4513839203,OwlcatGames,False,20133,98
25884000,mrbasil_pesto,False,5096,650
1393124522031726595,ThunderfulKyle,False,29,147
3383528422,yun_jenni,False,578,494
20436922,dylancuthbert,True,19729,1020
937479867796525056,lostincult,False,3217,640
94357028,mrmarksteel,False,212519,83
53459595,HollieB,True,99109,1327
300577128,FromAnnexia,False,222,290
2291642977,GamePlaySpace,False,2212,399
1430592373927682051,CheerySara,False,43,55
15234657,EA,True,6209704,342
238228326,laurabarnwell1,False,697,2188
16358915,sknightly,False,2455,1304
44336813,ianhamilton_,True,11422,22
141127281,BrannonZ,False,2190,154
1430014202177982467,CursedtoGolf,False,445,13
1205885871792250880,RubberBndGames,False,309,9
1206179929643196416,WobblyLifeDev,False,988,21
868966878,KinsZilla,False,27952,3615
981532105,thatsgreatalex,False,1623,1387
567310122,stagecs,False,2740,974
253024031,LiamBME,False,4650,1996
1300349019827306497,ChuhaiLabs,False,3172,200
1375000230580658179,REPLACEDGame,True,7524,26
48110308,itstagger,False,1265,1780
328194620,OlovR,False,1501,352
1308876994508189702,AshborneGames,False,286,43
3343017357,FionaNova,True,132220,2427
306232814,OskarBurman,False,3694,348
629448283,UlfHartelius,False,382,712
16103062,godatplay,False,2607,1265
88501703,8bitwiz,False,3555,2514
137735038,DaniellePartis,True,4255,1927
1564239992,wallacec42,False,615,668
1110415224895623169,CanYouFishInIt,False,1266,1
4143920314,remcoooooo,False,92,102
22912342,schillingc,True,9841,1956
375022391,wigj,True,19876,15174
12273252,tomwarren,True,181337,1742
4194473299,BondSarah_Bond,True,16658,227
1216407841210322946,JoinIndustria,False,7612,404
43110730,Coatsink,True,17168,868
1404709457309814788,BeerNightStudio,False,347,8
1265284073716617218,MutateApp,False,322,106
223258236,m05et,False,1478,778
817065761487339520,desecratedlight,False,7256,66
510530202,tussilago_gbg,False,14,8
1306661743116996609,gamediscoverco,False,1430,1
26542583,JuTwitti,False,322,420
866369514493149184,ArtBlox_406,False,9899,837
738872945062252544,MatPiscatella,False,21579,1504
389503713,kirsty_lee0,False,1321,501
140742050,SivadYar,False,155,139
356135772,WhiteNoiseWave,False,292,397
563916824,Arcane_Wishes,False,287,268
975006956,aravelle,False,17772,5102
116400726,will_luton,False,4433,831
338335964,MatthewdAncona,True,61885,1962
734492654755577858,MarcusRashford,True,5280714,89
2966933895,rob_bikerbob21,False,2,28
1149547503001358336,eCherryArt,False,9661,264
23992945,ThomClancy,False,2760,795
1191398616478470153,IndieWorldOrder,False,12743,725
354961816,GeorgeOsborn,True,6281,2427
26563129,SarahO_Connell,True,47549,38240
1079111509400113158,MongooseRodeo,False,20297,39
728108721604202497,DejimaGames,False,884,323
2365582562,ChrisCEOHopson,False,25382,405
151002965,BlooberTeam,True,24650,147
60699129,niklasborglund,False,513,282
994901735469658114,JuliaLKenny,False,139,247
2399990438,XboxNorge,True,1388,168
720923929,CanGaniCevik,False,118,212
1203383252,tuxedolabs,False,92300,256
26724707,Structed,False,337,1040
130808369,apgamesdev,False,601,936
756989795839119361,Stone_Shard,False,13204,1671
242037033,MadMaraca,False,95766,811
1023934453918384128,wireframemag,True,7467,886
21189431,James_Jarvis,True,4454,1055
5906212,georgbacker,False,2978,957
393329565,SwissGames,False,4602,3733
1359563240724975617,BloomingBiz,False,475,254
74808778,NeonIain,True,3627,1270
1179004177298706437,BusinessIndie,False,1335,1076
882718334743085056,Mitsuo_Hirakawa,False,333,362
47489753,Official_AIAS,True,58187,8983
364748667,Spudonkey,False,30387,741
165619039,ffs_matt,False,392,405
943859239059181568,DDenton3d,False,80,151
370651550,ollhax,False,333,198
7273792,tolik,False,879,927
55523,DannyT,False,2211,4051
88038715,etchplay,False,610,299
1409857298961477632,thunderfulnews,False,64,18
974016675581480960,StefRappeneau,False,1520,131
294430454,CaseyDHudson,True,77991,508
147275174,shieldsjames,False,12902,724
1352875190137483264,cynthia46602444,False,2,46
490292549,kerrblimey,True,1528,981
133834695,FanDoster,False,343,333
782576753898323968,melissarchaplin,False,7360,3682
1223155604094693378,thunderfulgroup,False,760,15
1140968821,Stealth40k,False,45865,19824
38419396,sarahgraleyart,True,16731,1140
913128654590418944,SuperRareGames,True,48219,128
1561528578,MoskiDraws,False,2281,776
226737795,KlausLyngeled,False,1493,400
2559007438,Astridmrefstrup,False,1862,1430
26191204,KaciAitchison,True,45492,7927
14135009,markdeloura,False,6148,3891
1157541421181820929,BearBreakfast,False,12590,11
1336613246,planofattackbiz,False,1907,2854
55472734,ChevyRay,False,29646,1389
16269197,danidonovan,False,101319,2222
1131318257074540544,sadcatstudios,False,3410,103
47515463,RayWillmott,False,1669,2080
872753730877313028,jumpshipstudio,False,5420,14
3769402335,FlamebaitGames,False,1560,237
46135773,icopartners,False,1640,67
9451052,geoffkeighley,True,1351808,8298
1248432990604034053,summergamefest,True,103252,143
758345739810533376,playdate,True,64356,1
366918303,RobustGames,False,900,117
712288379304615936,TGIN_Sweden,False,285,259
2996439597,EldenPixels,False,5411,887
752102614674931713,CarryCastle,False,936,464
1447032391,GMSwing,False,1046,156
1684578865,SeanYoungSG,False,23677,121
36457353,terrycavanagh,True,61465,785
55220201,MockTheWeek,False,88073,139
1397389313898270723,playPalia,True,48751,16
1318915504220897281,section9int,False,14705,83
3318819713,RenaissancePRUK,False,958,1186
1380870448406261762,press_engine,False,584,115
58527755,PixelProspector,False,46590,988
43561060,x_GemGem,False,5111,865
797814541052739584,APWOTmag,False,6102,0
86302840,ozmant,False,2230,317
1028939423751258112,PlanetofLana,False,8806,145
2304834656,EXORStudios,False,8133,718
22772286,damianburns,False,4146,1016
276602639,WiredP,True,51198,1517
1354919270375940099,Dominic2306,False,199867,34
1567796270,TheStationSE,False,608,41
1183561776543272960,MinnMaxShow,True,10390,30
14137885,deantak,True,35838,3314
201226517,jtoresson,False,4115,3021
70561836,AxolotGames,False,6443,7
841764327531134976,timbadylak,False,431,645
1338614804366282756,itsmishjang,False,64,63
1343863293547606016,max_everingham,False,52,145
29773,haiyan,True,13819,2485
1104644810,TinyPixxels,False,5049,2505
376685057,ItsMrProducts,True,6801,713
18438362,simoncarless,True,22295,486
4892995810,NoBrakesGames,False,1565,40
195167678,Derek_Lieu,False,6121,754
242760375,WokingBeat,False,6875,713
523521327,CABergendahl,False,367,131
1286229829617102848,GPG_Crew,False,1463,1370
77593030,abylight,True,8413,2824
2196416256,UnboundCreation,False,4166,263
26148704,Shpeshal_Nick,False,10050,407
4430322257,ThunderLotus,True,24748,3191
1169692469606281216,exok_games,True,27192,11
29934200,imranzomg,True,50995,269
126819958,jasonschreier,True,316635,1904
2444019684,ZhugeEX,True,153584,109
14789070,JeffGrubb,True,76649,2096
2247996554,FellowTravellr,False,10334,360
32600444,Binnsy42,False,965,431
3422063771,Robert___Harris,True,82504,692
963767374175490054,Valheimgame,True,133325,32
2410774122,ZoinkGames,True,13369,1356
40237871,RisingStarGames,False,14288,531
1097817372155658240,NumskullGames,False,12301,88
83856562,SteamWorldGames,False,22582,3659
956246962944331776,Thunderfulgames,False,13395,767
2792641067,ShawnLayden,True,49829,149
2945341424,Dealer_Gaming,False,22934,393
370320941,DigSchoolhouse,False,2632,842
15079673,tedgill,False,1038,1233
43923985,karlstricker,False,1332,424
1249005925530243072,PowerWashSim,True,12608,821
1314199498244132865,XboxSeriesXGam1,False,244,955
117773818,1978iamdesign,False,1377,3358
25663974,HanneyChris,False,4692,806
1263499480575295488,ChorusWorldwide,False,2445,333
2489314140,YvesHohler,False,518,1278
15229665,newjorg,False,2817,2368
1192854155318177793,WolfEyeGames,False,7623,80
2765813140,POPeART_,False,37647,922
1171086915686109184,chikonclub,False,2542,33
2455268557,MilesDompier,False,6278,517
14461963,Zatomas,True,15175,951
3100687190,ColossalOrder,False,8204,103
949704931640074240,MrKittemurt,False,710,877
19811190,paulmasonnews,True,619161,4670
1245833492581298178,SethSchiesel,False,3279,1407
1343194449401294848,DevRoller,False,502,14
975300157561626624,liza_mash,False,528,999
1290391877200408577,egguness,False,270,74
799295337873580032,letsgameitout,False,49005,263
1104525408937099264,_BillieBelieves,False,28910,2679
32043225,Unfriendlyghost,False,607,1374
86088116,dvoidis,False,14293,628
2494186513,DavidHenigUK,False,68435,923
936201302115266560,gaymingmag,False,8061,1137
17920718,Lathspel,False,2154,286
443551626,StealthRascal,False,148,297
2689623854,mr_spaaaaace,False,698,477
24582540,shaunspalding,False,11525,1392
1349149096909668363,POTUS,True,15879248,12
48300803,fredohh,False,450,277
23563830,pmdfoster,True,99084,4719
3383159573,doctor_oxford,True,227590,2573
204864531,EtonOldBoys,False,55172,48786
1256925276530974721,IndependentSage,True,167663,354
84035041,chrischirp,False,165268,696
888447009555972097,cptnsigh,False,11267,370
410059729,DoctorChrisVT,True,83551,1820
719085138391474176,sandyddouglas,False,6090,250
1333090587004841984,SimpleCovid,False,3641,17
2546258378,MikeStuchbery_,True,84493,19953
1574376416,forte_bass,True,43417,910
2374395637,AzurePlayFab,True,16883,1037
735131103883841537,WhiteThornGames,False,30121,653
3090154605,ViolaNicolucci,False,425,490
1491907734,jmw327,False,147277,671
1922054047,aemuuu,False,14837,657
1097645571102461952,ZealotGame,False,12279,178
446370619,EvvaKarr,False,4518,677
282178437,heyglitch,False,5127,673
1272894241308540930,ShreddersGame,True,1531,39
100934277,TheVTran,True,40547,368
9440792,AmandaFarough,True,7713,2312
42371615,sturdyAlex,True,123300,2061
759027320560627712,primegaming,True,343429,87
3818752933,UnfoldGames,False,27561,4773
1115782748713578496,IndiePod,False,751,526
1225854588072448001,INGames5,False,131,165
65130648,SheRa_Marley,False,20890,6428
1303626351879106561,AscentTheGame,True,17626,8
85611344,ThePixelHunt,False,5982,2853
955982229074669568,InnerslothDevs,True,476738,18
1313780486062452736,AmongUsGame,True,1409373,1
15201633,gwertz,False,2056,242
21489334,nvmuk,True,8371,2947
2463607100,Dknighter96,False,84,80
984239007482679296,KineticGame,False,168535,111
493629084,SovanJedi,False,28117,2393
4924952938,BramGameDriveNL,False,44,66
115382453,WhyAlwaysMad,False,1542,533
98612794,_Krumbukt,False,741,880
20098015,davidschneider,True,534864,1612
2441666255,PeterStefanovi2,True,322462,9934
60606206,ThatTimWalker,True,118621,1015
44849238,acgrayling,True,110838,21178
898251593514078208,Rogue_Co,True,7302,172
1621273135,GoodSamApp,False,36545,7832
955157661212987392,BorisJohnson_MP,False,205640,920
26985345,paulwaugh,True,201979,10093
888424923806318593,GuttyKreum,False,25045,1207
3297800601,BarristerSecret,False,461381,1031
292107236,MontyHernandez,False,397,413
782667979741814784,Sime0nStylites,False,29170,3500
1263838978349899776,pitchYaGame,False,4297,4
4071981,vicious696,True,61821,1863
360149827,ratalaika,False,2552,113
1088636144709906438,DropBearBytes,False,2350,1056
1375864848,KoreaXboxnews,False,1550,215
33478796,State_of_Play,False,6030,2419
967849595056349184,Boxenberger,False,4602,870
997358335304364032,PlayInsula,False,1885,141
461548936,SethBarton1,True,1825,1053
1962626484,OxfordDiplomat,True,140242,18658
818782757404999680,levelup_ufv,False,365,108
14563376,garywhitta,True,115066,877
1174852460839440384,asobudev,False,3599,46
14157134,Peston,True,1181674,1372
1268947782766718977,PocketpairGames,False,14365,1
19902709,BethRigby,True,347295,2152
864030687120281602,JMPSimor,True,134771,4929
1266187014992363521,SurviveIcarus,False,19988,14
20598137,tnewtondunn,True,187582,1492
907645362663501824,jacobdzwinel,False,16148,50
2904913023,JimMFelton,True,315063,3448
19780865,neonepiphany,False,9747,930
22146373,SamCoatesSky,True,184423,5289
784967425,HeleneBismarck,False,28028,1498
33315010,davidallengreen,False,237598,2069
606653901,wilnyl,False,44441,2464
40544214,dckr,False,905,276
1198852823636529152,SongofIron,False,7531,365
23167240,Glitch_Witch_,False,1276,2174
217519560,richiedewit,False,3012,2766
1706043530,Stutsies,True,10065,1050
1259909161946476544,CozyGrove,False,10718,2
39394932,markmacd,True,16876,1800
6642152,dinabass,True,21925,10777
399348032,KerryRizzo,False,381,363
1038577339372916738,BenjiSales,False,32498,521
1051569433662148609,TheWayOfWrath,False,1176,1400
14704983,ifnotnowgwen,False,3956,1218
1015188796835540993,RoboquestGame,False,2735,763
97507777,FalconeerDev,True,7675,1264
637373008,maruksp,False,3816,45
962110307299557376,xboxinsider,True,88673,192
4697664860,BrendanLorLowry,False,2053,1607
52137166,DanButchko,True,2279,1036
128570592,XcloudTimdog,False,52800,6161
498686239,quarkcannon,False,3117,600
374078294,ReptileGames,False,101812,1138
172122369,Meganisrad,False,2740,912
591932349,RosieisaHolt,False,120695,2001
48958304,Niguloto,False,475,350
163536515,Mello42,False,1247,349
1102974090581864448,CanYouPetTheDog,False,507577,8
1048990325862281217,OffMenuOfficial,False,97246,155
194045738,LyonsMatthew,False,32278,117
1030199878482194432,moonlightkids_,False,3431,133
2512334376,IndieGameLover,False,48251,21155
2857615693,NeonDoctrine,True,18987,149
498753368,RussInCheshire,False,143223,1347
221908611,moreelen,False,19213,1780
19975664,frankarnot,False,403,465
116765012,xandvt,True,105678,3133
377957989,ingrand_francis,False,709,266
15313346,MarkBozon,False,3560,786
21663770,betterthemask,False,16360,3419
118764942,Colteastwood,False,33425,513
757615769278636032,svkgda,False,303,171
1098294700396736514,BehaviourAmelia,False,754,718
1206746147856896001,PlayHumbleGames,True,13329,64
20437072,MasterRPG,False,1201,991
26772845,Imdrunk4ever,False,86,155
132557640,EdGambleComedy,True,236725,1583
705709976501817348,Coldwar_Steve,True,360907,28072
2274421124,itsJenSim,True,9447,2161
984700919349735425,NeonGiantGames,False,6092,5
1127890876733304832,going_medieval,True,5966,409
1091789911185915904,_wholesomegames,True,75255,1000
1249115305663778816,SeveredSteel,False,4248,163
1253752613054476290,GuerrillaCollec,False,9122,280
904276178822864897,FYQD_Studio,False,11199,29
16438354,lilcin3,False,2937,786
1245051920554897413,BarclaysGames,True,1365,364
1057622208955191296,UtdLabelGames,False,3983,414
18786913,KennyBirge,False,1349,792
359168266,TimDStuart,False,1170,387
1075266795102076928,PhlyingEagle,False,6,34
246318475,KazHiraiCEO,False,124128,165
2172596028,DanPriceSeattle,True,640653,833
1836303648,otaviopliger,False,175,413
1114707756,SteamDB,False,88721,19
1216121316258066432,momvsgames,False,6257,25
1239241849346428928,VirtualEconCast,False,855,29
1227238808539656192,ThatBanditsGame,False,1870,43
465418438,SanatanaMishra,False,3618,993
1057769718864461824,MSFTGameStack,True,120851,8
874729245913878528,HoverCabby,False,2431,41
1220866220221747202,DaniNovaramaEn,False,2275,84
393931078,SimonJakobsson,False,5104,609
344982264,AmyAtlanta,False,545,682
522158884,goldborough,False,4209,851
263875753,ForkParker,False,16475,178
7544722,jbeaumont,False,1931,760
38067851,AlexKalopsia,False,2218,907
506283241,RoxaneDomalain,False,1540,1308
1005104781889867777,CrsedFOAD,False,6568,0
1227241154879426561,IIDEAssociation,False,852,153
179490179,Chromacool,False,3398,1248
714573829243330566,AaronRugama,False,285,398
14362613,Simon_Hypixel,False,194555,1113
718938043579637760,Hytale,True,220616,101
317699384,FroginUS,False,333,592
14453798,GarnettLee,False,27389,1816
238650023,WritNelson,True,18379,3753
784024394460958720,ionlands,False,24152,923
1174055946068406272,_ThirdShift,False,1249,86
270634879,AnfractuousOne,False,484,802
17228590,TonicDave,False,1365,768
20458886,amgo,False,4976,1525
3552991,Futterish,True,12259,2701
1150718825995919360,GirlsGameLab,False,1856,26
43963122,DavidBaszucki,True,195970,494
1074290925696925701,NeAtDev,False,4964,168
314833447,SaintlyStuart,False,1375,4357
2419572680,Games_NI,False,1325,506
1204357102111776768,PlayBlackBook,False,2462,153
21368586,klobrille,True,63700,252
2711059713,MrboomstickXL,False,8099,4496
1179766973221294081,MinecraftMarket,True,33450,86
889938680563027968,BunnyhugGames,False,4471,23
2220957264,funselektor,False,7270,360
136925642,Mizuguchitter,False,38850,883
4466056513,enhance_exp,False,12659,405
113254439,PTibz,True,11613,1918
18696409,shinvincible,False,530,746
25322324,seankrankel,False,2088,1042
838577936714235905,VegaMukiwa,False,942,507
1260444762,just_timbre,False,1187,1068
703999633605812226,carmon_jeff,False,32,343
15126663,Yngvill,False,1052,956
2811833282,papercultgames,False,2286,378
4745035516,HoverShock,False,634,258
1672890289,reformedgamers,False,1238,1299
1029461836754767874,Wishfully_Games,False,4984,264
425093439,Alessia362,False,333,448
465620301,Louise0Connor,False,3827,867
4096365088,bstategames,True,402828,719
226347209,BeardyCosplayer,False,167,889
992071068952285184,Indie_Gamer_01,False,1885,1344
1148198929206513664,MinuteofIslands,True,4395,21
1735836554,Wanderbots,False,4322,702
767755917890842624,OskSta,False,104035,1150
905959912383045633,KowloonNights,False,6732,791
763141069,Jupiter_Hadley,False,13891,1459
882732909559459843,indigotrance,False,1191,1206
570302514,SLINKYFISHY,False,2032,953
19376388,TeddyKeefe,False,1235,427
2570579065,GameDriveNL,False,2025,4741
425871040,FortniteGame,True,13853469,100
79119760,TrasigRobot,False,156,412
242523743,thePetHen,False,1922,421
468175035,HardcoreGamer,False,8628,1570
531203913,torfiFrans,False,1735,550
298427075,vintfrais,False,155,220
16028579,CJGluckstein,False,2081,500
807253229008551937,ThisDeadWinter,False,4859,6
66949689,Kris___Kelly,False,860,651
975478290403147776,AnimalRoyale,False,21306,192
925488715379511296,Modus_Games,False,13491,407
765213854070665217,choomsky,False,884,898
1605431178,Skellylicious,False,2920,1096
1969032300,threewayswitch,False,788,510
256413774,Ubikh,False,1403,4476
631273445,ESAdevlog,False,13065,217
18024109,PetriPurho,False,12009,608
792008390163693568,NollaGames,False,15521,299
409702630,PixileStudios,False,2757,51
1100933556522508288,XboxGamePassPC,True,310292,7
1003552709058990080,AfricaGamesWeek,False,348,307
4316245637,GetIndieGaming,False,7184,229
1062113644069224448,wingsfundme,False,3375,1721
216410283,pumpedbmx,False,1620,1436
36851222,AnXboxDude,False,1010,1096
278212865,JaXboxChick,False,3120,302
219720172,Kirby_Y,False,998,1007
622508339,GreenheartGames,False,9312,7
97053482,NoodlecakeGames,True,31985,1159
162337204,geertnellen,False,687,1048
4492764801,SummerCatchers,False,977,127
1867514635,tamagotchi44,False,12444,679
24585498,TimOfLegend,True,1064120,1353
583172153,AdamBadowski,True,21096,36
2729922571,12minutesgame,True,11084,24
592151633,facaelectrica,True,5889,227
964240600139751424,Ark_BrawlStars,False,25250,1058
380053658,PandaMoniumLui,False,975,352
93723373,AndyPlaytonic,True,13716,1094
160794902,RLighton,True,241453,413
922772948972220416,ThermiteGamesHQ,False,1589,1595
2785672680,fzetterman,False,331,441
770388077944705024,superscarysnake,False,3316,1146
1023503738009530368,MustDashAmigos,False,367,682
628933425,its_natclayton,True,5038,805
15848919,Shikaboom,False,7263,1980
226378170,RodJago,False,124,230
52124930,Dom_Pepin,False,2125,1862
150484436,RetroCR,True,17288,752
19179333,Batsphinx,False,4442,541
3585947714,revoltingrussia,False,3705,44
84444263,SuperMegaTeam,False,6536,3315
24366933,MartinMagni,False,8154,387
24913625,MarinaMe,False,254,1008
394618029,WalkWoking,False,693,357
2427148740,GirlsMakeGames,False,20597,3871
386697756,gutefabrik,False,7304,0
3188631357,GeorgiaZemoreyR,False,2066,918
117602132,zen_studios,True,17419,962
73709264,MiddelboOutzen,False,299,1116
841308977099071488,starrenegades,False,5792,175
11762492,Kizo,False,1643,387
15176621,jronald,False,26457,1090
518929659,DAshbrenner,False,12,106
19414296,TheRealAndyMc,True,46884,1664
3992699963,FourHorsesGames,False,1279,161
81859985,marcusbrig,True,217274,1340
4349908167,sokpopco,False,17367,4
3440291413,MSFTReactor,True,14395,797
894598780842016770,lifelitgames,False,42,102
204089551,Syndicate,True,2146484,200
836707132590391296,KovaGame,False,540,304
20450642,BlackHiveMedia,False,4226,2718
2574993488,statschef,False,185,600
2595466237,svantech,False,148,57
25598326,mattpercyprime,False,3106,388
3230636657,GTFOthegame,True,31774,22390
20246952,FionaSchollick,False,15,211
361911748,KaeyiDream,False,36176,700
1059851910071619585,EmbarkStudios,True,20033,108
117700355,samuelofc,True,18362,1510
3130841860,al_olivan,False,416,358
838011845801828354,PyritTheNerd,False,928,229
110972842,bohemiainteract,True,83638,153
380957580,Sergio5Glez,True,5135,330
103608843,laura_schober,False,167,1256
27306790,leahviathan,True,50946,1039
1038123567429419008,es_movimiento,False,5956,65
326806989,Hekpuente,False,449,395
802885299487604736,LiberameFHell,False,85,157
7629812,Vooness,False,1349,596
3313866647,Just_In_Dreamer,False,908,480
119351263,Amanita_Design,False,20647,279
851774929699844098,TheDevPlay,False,169,84
818460874482520065,studiokobaGAME,False,9345,461
1854170192,Dream_Harvest,False,4016,662
1272951187,direGoldfish,False,9625,556
1037098903957467137,BeccaWaters42,False,72,180
975499998703087617,brokenbears,False,1960,1254
229872309,matthewejpaul,False,459,893
752914569463472130,dianaocea,False,117,332
17365909,Shar_ds,False,301,499
311582457,Just_Ge0,False,1468,485
980149078205124608,Antler_Studios,False,2535,540
201680562,tiztrinity,False,221,419
737294899679272960,GAMEROME_FEST,False,364,206
1487211,markbate,False,1358,1287
2319168164,chriswulf_,False,3249,2041
908821708337041409,PUBG_console,False,16414,11
976320427,ETumman,False,123,176
986097925,nico_bihary,True,8369,551
759165852751134725,Holofist,False,349,55
214262415,Bri_Barbosa,False,380,1391
38377382,staci_king,False,935,923
4876574385,Tranzfuser,False,2283,975
43576419,motiontwin,True,45199,364
16315277,Kirk_Scott,False,3229,2937
2743817250,DWBakes,False,7302,853
45898501,JessHider,False,4097,438
312671618,HereBeBeards,False,3523,1554
956692683661107201,XboxGamePass,True,966325,31
764512237394468865,magnetronlive,False,6239,0
61420661,Rand_al_Thor_19,False,31091,586
723241761343049730,Kynseed,False,18237,897
728676975129206785,PixelCountGames,False,1472,105
21176417,hexsteph,True,58054,325
14304857,GeekDadGamer,False,16673,1599
1503799452,OffGridTheGame,False,1838,1909
3297964393,XboxAmbassadors,True,66949,1910
264821365,domjicha,False,173,32
956536645381251072,bizofindiegames,False,764,1162
83813913,taniachee,False,34,18
976440196970532864,lisaschell_,False,933,371
74716395,MondoXbox,False,6944,4
125370749,haveigotnews,True,845354,124
15681129,Andrew_Reiner,True,46764,2898
575432389,OutsideXbox,True,77036,2820
737751039458213888,MegaCrit,False,17762,381
287621678,RLYESTE,False,1497,950
17893291,barryoneill,False,2019,1235
21202851,IanDunt,True,346220,4299
947131591171637248,two_xbox,False,71,57
126638340,CHSundberg,False,3000,460
713988912,BlombergLinus,False,826,222
33438937,PimHolfve,False,767,187
13310792,AnnaBou,False,1046,246
986918242856980480,vigorthegame,True,25465,150
19912723,dohertymark,False,5929,365
4437884179,eastwardgame,False,32115,8
2359690628,FinjiCo,True,26902,17
6131142,Shakacarnage,False,4117,4950
2784424836,EmpyrionGame,False,5546,148
62593760,GameOverGreggy,True,1251719,1366
92254627,Ghostonex,False,990,142
2151550462,24VictorKane,False,2960,126
31443631,Julv_SNJV,False,6770,2751
856999355370291200,tunicgame,False,22764,10
1209737222,madewithunity,False,42579,335
358382294,BadLand_Publish,False,21486,1329
1659410040,MarianTheMad,False,3573,2092
47730120,JakobsenLocke,False,319,481
23448592,AKAWist,False,806,259
2408833002,DigitalSunGames,False,13708,565
999614071828828160,semaeopus,False,362,834
93089358,ForensicGunk,False,1284,475
2805438078,Stugan_,True,3699,141
94574205,karin_karin_b,False,5782,421
550528636,DayZ,True,288499,312
3004996829,staymighty,False,3162,968
871800699578920960,tomgvalve,False,3213,846
14818970,eugenharton,True,14612,698
912310051804794880,DeadstickSim,False,1998,165
16154624,screelman,False,2245,1876
1418197398,ExploreSurreyUK,False,4149,1595
913661487918567424,indiegameweb,False,7936,5947
535496111,tinytouchtales,False,3862,90
52782266,lororobinson,False,315,763
1664756394,EoeGame,False,4555,123
23219717,CodingDino,False,2676,2806
2192841890,AnteVrdelja,False,434,322
824534965962625025,Xbox_P5yke,False,442,416
406845524,WojciechPazdur,False,1365,567
53202180,aliciak8,False,114,168
17002466,MartinSnelling_,False,976,114
38666174,MichelleSuperT,False,683,703
74262901,krispiotrowski,True,12335,990
3879603075,Simply_Xbox,False,4790,1597
778259923977330688,EJClarkey,False,401,145
451429023,MX_Thor85,False,297,443
894851325288206337,playsmalland,True,2241,19
252682211,superconsole,False,2505,1804
152410659,daniellamlucas,False,1545,374
787149253302812672,chrisinsilico,True,169278,2597
118203730,AndreeaChifu,False,2183,1422
37025150,Daniel_Rubino,True,69949,891
64666921,adrianlazar3d,False,1286,646
707921493,WCGamingTweets,False,92021,116
337698096,Bollebolin,False,102,301
3078418155,lionbum,False,3378,1473
4343012482,merry_goo,False,155,148
768898526516359170,KarizmaRaye,False,134,120
2162261730,SebGrinke,False,841,4973
770698869508284416,breadgames_ru,False,199,220
4107549438,XboxMVP,False,2379,81
252382014,TurboCarlos,False,1073,1132
44129616,nickhallsa,False,1770,1216
962777900,rae_ami,False,1818,865
839784631457083393,AftermathTEG,False,428,1601
825594579223130112,CmdrDesslock,False,691,20
218808703,DoubleElevenLtd,True,26913,765
1273379246,Mikkelmartin,False,460,131
737687053941510144,soren_lundgaard,False,894,284
79192302,fatsharkgames,True,168277,113
737950316545642497,GhostShip_Games,False,7775,117
25707916,ebbalj,False,4871,202
348079460,RageSquid,False,5815,1383
193901153,BobDuckNWeave,False,10678,1591
59418289,sinclairstrange,False,6232,1124
957085598812114944,SpaceUnicorns20,False,17,32
613355071,CEDUK_MEDIA,False,4900,2645
45052419,taosila,False,640,1001
2920866262,SETHXOFFICIAL,False,29607,104
3121226631,DonJoewonSong,False,48738,1004
30540911,mjpeddicord,False,1030,112
783945938096250880,PlayTrailmakers,False,4865,103
455338823,TynanSylvester,False,40381,356
94323359,gamerlaw,False,4844,244
955274890046668800,grlsbehindgames,False,5416,73
468256387,CassiaCurran,False,1572,2109
78853098,fs_martin,False,4987,554
23418551,Dedux,False,3141,2976
2451782124,DamirDurovic,False,1750,0
758580067354247168,TwoPointStudios,False,8127,70
58337533,aldenkroll,False,4900,1259
566271260,_RetroKrystal,False,11095,1239
2547993452,LifeisFeudal,False,6605,136
75622214,InvictusGames,False,1236,48
264412193,Twirlbound,True,7094,444
758334656416714752,OverlandGame,False,15933,7
2922896176,sizzsarz,False,11579,763
1090259881,WomenInGaming,True,8860,941
2342613998,SeamusBlackley,True,69844,7078
3150559732,immi_beresford,False,943,583
240695163,josef_fares,True,44400,145
126152870,mrsambarlow,True,13159,933
114572609,CharleneLebrun,False,3570,1978
32427058,Keevahh,False,2859,1240
282348945,Mojang,True,1480407,45
24166202,jeb_,True,1477396,332
64565898,Minecraft,True,6129403,34
15218212,cliffski,False,10978,103
5325582,Robin_B,True,7383,1184
2717056922,ShedworksDan,False,10371,589
163460951,iamasnarkypants,False,2295,916
17149542,XboxSlacker,False,349,930
173155110,molleindustria,True,15573,616
2888454584,AusXbox,False,1424,964
770009772934500352,danisoriarev,False,299,338
1677672048,terriblegoblin,False,125,535
155688134,jwaaaap,True,45540,5471
126099147,Ledskii,False,377,371
574541443,jucamenro,False,247,260
185643880,Inees_Lc,False,775,645
907543990756671488,Gabriel_PRFH,False,94,54
2752792280,narose13,False,184,496
21442381,IO_Travis,False,3723,948
44214455,VooFoo,False,4505,4931
4182270974,Dr_Turkey,False,732,376
88707477,SCSsoftware,True,120079,788
18803600,byronicman,False,3365,845
153520794,Fliptophead,False,314,343
823916397625569281,PolyTreehouse,False,11755,759
2262160099,house_house_,True,45881,134
8948592,Xbox_Spain,True,460652,1651
316936633,QaziTV,False,4308,1374
3243365861,_Troglobytes_,False,3627,1242
157780980,MarkDJammer,False,3313,93
14109475,Catmoo,False,3671,1738
76616483,lilmissphillips,False,2517,96
757616569593638912,A_i,True,83273,172
4454016808,paolob,False,677,1419
2465853247,LostWordsGame,False,8011,8344
2787534168,VIGAMUSAcademy,False,460,203
55194120,stargazystudios,False,917,805
822220860677353472,8Bit10Games,False,59,26
2770453683,Radical_Em,False,919,2402
16173703,RaptorM60,False,1294,759
18818598,chriscapossela,True,20058,1720
253257606,Robotality,False,10198,582
2794296718,PLANETALPHA,False,2684,37
84125491,MrEdByrne,True,435109,1563
44874400,daraobriain,False,2579820,653
73925653,HeyDmart,False,3856,997
46844456,producerjohan,True,16130,182
4879432271,UnearnedBounty,False,968,773
522315432,Enric_Alvarez,False,3179,24
193368860,BexSweetmore,False,884,1249
149883684,richstone99,False,3288,1275
705412518844485633,Spewer_Rich,False,264,362
89782618,rawrsnacks,False,8804,1073
599404787,WWCitizenGeek,False,52,40
67382376,MajaMoldenhauer,False,6191,349
147888601,itsCharleyytho,True,18188,1260
3070780873,NickZuclich,True,2740,1836
14471133,vanaman,True,23171,541
809757212,MattSalsamendi,True,12674,562
11009592,jmtb02,False,6342,1195
57366120,Visible_Women,False,17490,3385
91765334,acarrascob,False,483,684
46146200,GIBiz,True,170141,1317
405627028,triplizard,False,800,356
177366676,pathofexile,True,167476,274
184761922,nomorerobotshq,False,13585,30
866991473417486341,analog_bizdev,False,560,1027
805184811388182528,ahJILLity,False,370,435
516455315,BennyCentral,True,50178,1112
175642610,KellyWallick,True,4877,507
855424562502172673,TheGastaman,False,295,192
17262744,GregRicey,True,19912,2133
783374,caryl_shaw,False,2183,849
18577777,rauper,False,4549,454
386818582,KristoferRose,False,415,891
1880574811,PLAYERUNKNOWN,True,579672,2
849270785386708994,IGNUKDeals,True,37288,156
838696087212949506,BeaufortWoking,False,147,114
30438282,LisaMariePlays,False,4865,417
27483299,AdamGCB,False,1565,860
419039343,marek_rosa,False,8116,1661
501904770,IndieGameMan,False,55150,35919
20246730,willlowther,False,2180,638
451515541,ChrisOlsey,False,5652,1008
770148984698568704,HolyShiftGame,False,1913,508
756663230,BaboonLord,False,17347,178
143531379,StunlockStudios,False,12229,18
28555697,xeroxeroxero,False,2867,280
460589688,DavideSoliani,False,14976,323
39523927,Survation,False,63624,23614
3675313413,StrangeBrigade,True,7413,18
143188904,petey123567,False,2738,87
20504900,SuperCoolCast,False,686,446
307586376,kurtruslfanclub,True,27811,1331
765342426340925442,deadstaticdrive,False,23980,156
920591154,D11kim,False,80,134
14119066,schisam,True,82053,161
67520512,EightBitBlonde,False,3989,2226
141209614,SimoRoth,False,6305,452
1379579359,akrura108,False,21,73
719324795167309827,PUBG,True,1845135,69
1541364193,BritainElects,True,308661,37
3246922288,tweetingwoods,False,8616,339
15285444,zusty,False,7192,1282
129175727,ShedworksGreg,False,58622,1450
340056002,MsMinotaur,True,21861,472
20288171,JacksFlavour,True,3829,356
30518499,amzeratul,True,7080,2364
103625781,CodeClub,True,35728,1039
3222238576,KBopadoo,False,239,423
19732328,koffeinvampir,False,1082,1042
111879023,AJRafferty,False,371,467
138129845,dangerdisco,False,598,2198
1580194812,Frodo86_,False,2057,4021
76013253,tobiassjogren,False,1821,1234
31855445,MattGambell,False,1879,1196
561518048,ThunderclapIt,True,98601,291
42057383,k_wolfkill,True,19220,1125
61491864,spacejunker,False,1274,198
389576703,sarahcatconde,False,1161,1443
771726481877630976,JessiCATronn,False,4861,343
361842370,Metalmark,False,1096,743
270388907,rain_games,False,4744,393
20326811,tweeting_keith,True,6787,2834
14993649,timsoret,False,37164,5810
341679754,CharlotteNangle,False,952,1038
3099381388,dlg_joni,False,907,735
21137934,StaceyofGotham,True,26368,2505
20795811,digitalfoundry,False,129910,1047
1173155281,OllyOllyBennett,False,2005,1407
16181584,jimrossignol,True,17558,3157
237384475,Supernorn,False,5228,1393
19118110,LoreWitchy,False,3485,1806
246915368,SquidGaming,False,49232,1922
27944478,Bearskopff,True,4977,1663
2354631835,lailings,False,185,159
3329463328,ItsChariseHamme,False,1803,451
2168708270,LightItUpDan,False,6452,1051
38902984,dcolaianni,False,938,375
427473377,BethanyRyan2,False,97,129
705573257962000385,perplamps,False,18485,1313
14125969,nonplayercat,False,48536,1056
729174626765549568,ooblets,True,66748,14
359796297,productrol,False,491,381
2829333475,WatchMixer,True,386017,1
1127999432,SoniaAthineou,False,455,1777
32357759,EGX,True,88208,383
40517045,Therealizzard,False,1529,900
222833342,Cookie_Vonster,False,2475,5000
22199531,Chris_Dring,True,8275,1139
15393788,janedouglas,False,85515,2633
102713808,Danbojones,True,2336,1432
3307017879,CFichtelmann,False,1105,24
1503451500,Byrneinator,True,2417,608
15958062,TrueAchievement,True,47898,356
414704934,Fotosynthesis1,False,629,236
14109044,jcgonzalezgo,True,4665,379
286308853,Simizfo,False,1313,494
343321593,SFBDim,False,6982,3130
24937082,PersocomNina,False,26132,967
2330759328,mattjbrown,False,2345,896
3340823771,sophiedensham,False,1824,1213
3014339886,XboxTavern,False,10270,2481
1734589195,simon_45s,False,52,151
20234194,Tony_Gowland,False,5099,1184
593882632,Arminposts,True,18472,429
88891547,HC_Jones,False,1922,968
348965503,Playdead,False,39755,0
26775078,tripawaysilver,False,1894,749
44660311,dantack,True,10614,2298
59967133,yozetty,True,17496,1504
248414574,_tomcc,True,419824,267
918978248,JezCorden,False,38081,957
21916698,CharlesCecil,False,6540,287
3434532034,inbetweengames,True,46812,5
245282361,jbernhardsson,False,282360,102
222158367,saxen8,False,3537,280
249405796,rozisonline,False,783,593
380276316,BetaDwarf,False,42370,469
41453269,RiotRMD,False,7741,1354
39389251,Ungapants,False,25651,1142
565314104,juicyluce9,False,444,2649
4009148182,ClashRoyale,True,1437075,82
807809398810746881,everyweekadev,False,1423,0
798982279,RedThreadGames,False,9535,31
57180119,mattbooty,True,25262,213
3297959038,earthphoenix1,False,6,65
3145171558,Steam_Spy,False,33268,51
2740694645,lcastro_m,False,177,472
33527853,mBruusgaard,False,1476,178
40970407,pronoiagames,False,1804,421
27611506,ErlingE,False,2474,99
135129618,Coffee_Stain,False,31268,82
2303016601,CoffeeStainNrth,False,2757,311
1488097400,FFSCraig,False,934,318
2209356854,UncleJessy4Real,False,12714,1123
380429514,ItsSofiaH,False,2184,960
717628850272862208,PartyChatPod,False,1783,190
190008584,petratellme,False,1042,443
266777232,DPadStudio,False,14356,468
4738022373,ayaBLAZEgame,False,138,33
1326638028,StockholmStefan,False,2055,297
3387015423,Bart_IMGN,False,239,997
23777042,HowardNewmark,False,235,601
20416077,panos_panay,True,93234,422
36661495,gameconnection,True,5045,5264
24911468,Donski3,True,1328,248
397536017,ZackFurniss,False,967,670
147938199,gdcon,False,3560,486
34625476,UberTenebra,False,868,406
145568878,InteractiveDK,False,5225,2487
2814584646,dbgameacademy,False,592,153
1559717552,ztgpl,False,1278,342
120118721,qwertee,False,153421,161
19603088,_ninge_,False,580,390
64931388,PlutonForEver,True,44092,332
102229007,albertpenello,False,20549,455
2893515369,fabrikgames,False,2227,462
3032554413,gameopolisMCR,False,1684,368
68480473,Forrestal_,False,247,444
14411072,Tiyuri,False,57276,138
39542667,mrrcrossley,False,4088,711
20430266,AmeliaTyler,False,6471,953
284715114,stineflobak,False,547,66
4814819607,TancredArt,False,956,948
13370082,steinekin,True,41431,2125
434130489,TheRealSheldonC,False,428109,0
58610307,detonatorFIN,False,825,2619
17214479,JimSterling,False,244648,738
219802769,Giulio6686,False,277,478
132860076,brokenarmsgames,False,2201,1246
138444573,_Sanana94,False,1196,1050
561848539,ReplyGameStudio,False,1838,291
214618570,XboxPublishing,True,154636,95
3012422937,MassiveMonsters,False,19696,974
4877887163,AntoPaNd88,False,82,98
328999122,Daniela_Paradox,False,723,0
523696575,mini_squish,False,2445,1752
114761475,OurPodFather,False,1009,1998
100786035,apacherose3,True,5318,2386
21084979,chaffinch1994,False,144,265
3288937180,JetCatGames,False,401,66
18583083,mollygos,False,11657,832
42092597,TheSakeDiary,False,2942,1244
1640899897,IGFestUK,True,45677,772
256491073,tinyBuild,True,199585,4967
120870837,aduabinns,False,869,1352
32048879,HonestWilliam,True,18777,777
710795092701945856,RichAndBit,False,448,1551
65356121,kezamacdonald,True,37404,1189
21993889,iltrullo,False,1393,2062
22690213,DinoPatti,False,4138,99
2610367946,EpicNerdRage,False,1324,1317
15488968,johntdrake,True,44241,4737
43503091,drdavient,False,1227,1303
113435892,jantonsson,False,3128,799
54945191,sebify,False,1889,98
124288585,Lef0nda,False,3150,2166
479858645,SamLakeRMD,True,64183,1409
229547058,ivanfdezlobo,False,2280,476
6141772,gyratory,False,1105,594
707806278,ekim_not_gaf,False,1610,1071
3363027100,LimitedRunGames,True,224177,332
39709624,daedalic,True,29136,359
18897157,KMTroedsson,True,17771,524
5659342,giantsquidgirl,True,8394,767
22807517,MILINKYO,False,165,367
3873936134,TwitterGaming,True,1077644,1338
297977545,AndiDev_,False,5156,910
26719264,GMaxee,True,28649,1463
176402271,andreaferlito,False,488,391
488768257,CompulsionGames,False,24681,220
576255810,MsGamerSE,False,1916,696
439293542,G_Provost,False,1608,185
2689651279,ChucklefishLTD,True,154630,644
308795969,DMC_Ryan,True,143311,537
123785482,hossa_esport,False,179,132
55588874,donasarkar,True,81840,2809
45594696,lomadia,True,164931,1623
20571756,satyanadella,True,2699754,263
242653461,Charles_HRH,False,422165,179
16514761,Sliwinski,True,10770,834
4879587347,luckymountainUK,False,4719,815
107011745,MCFixer,False,5721,996
21182442,PompeyPaulRoss,False,372,184
598312945,noio_games,False,8793,982
96997907,Charalanahzard,True,518054,666
406950180,PaperSeven,False,1174,900
1711414447,AndreaPessino,False,8006,801
62592479,icklenellierose,True,78604,1116
27531390,grumpygamer,True,99511,0
562511719,St_Chappers,False,436,762
163928198,purexbox,False,9060,478
288894049,IanVanCheese,False,647,1190
63086767,Kid_Desimo,False,5327,4759
27855816,itsJuliaHardy,True,47210,1371
1394352774,DougMcConkey,False,95,70
18772184,hannahnicklin,False,10060,1585
38962746,NolanBushnell,True,66132,40973
705661658,MikeyJayRaymond,False,125,243
2435587444,tuuulz,False,311,554
3438748989,RedditXboxOne,False,11746,135
2687923496,DeliciousCheeze,False,621,114
2844270806,InspectorRoar,False,559,486
43353248,K1LLI,False,2852,1606
167476275,belenmainer,False,441,247
2978434911,MegMgumi,False,1421,965
13717102,Ikchain,False,639,706
146616316,LidiaPitzalis,False,11167,1368
3071670670,ClaudiaKusmierz,False,46,148
164833971,KarlMaddix,False,799,1358
20917438,IainMacIntyre,False,144,466
3091021641,jesse_makkonen,False,5221,402
27208413,Cetrie,False,455,916
914664830,AmazingAgentM,False,584,447
2876238699,playhubs,False,867,1043
283457938,MarkBackler,False,3173,4616
48450511,soodenim,False,380,617
2290148910,SQEXCollective,True,9911,110
539056283,RarePandii,False,720,323
144468958,toshimasa_aoki,False,4259,67
3396725217,ukgamesfund,False,4813,1112
494396769,StarboundGame,False,68316,153
14698748,bohica,False,520,1813
92974666,SergeyMakeev,False,1199,3660
3016009591,XboxE3Fans,False,5288,3073
257435851,DJGandalf1M,False,376,656
54482499,Sus_LMG,False,2717,687
166080090,TheWesterFront,False,12982,489
369406940,ObvItsAmy,False,9487,1499
3404977414,XboxFella,False,2073,2549
59804598,XboxSupport,True,1798948,260768
543345106,GarryWilliams5,False,100,70
21082856,HenryHoffman,False,19976,7695
33197781,DanDaRocha,False,23353,6599
2558352587,sco_game,False,252,117
370166309,becap30,False,18,12
479800152,whyayemincepie,False,333,341
817761672,thetownoflight,False,1904,484
3986069008,AntabStudio,False,1348,666
19648081,petriw,False,2351,1941
76936939,mattscanna,False,757,1446
21388842,tizianapollio,False,802,416
1017676806,XboxItalia,True,51775,252
285526618,farewell87,False,372,297
364901904,VitaDigitale,False,5511,694
1606103952,TheFoxSoft,False,505,329
231011919,FjonaCakalli,True,5649,2153
298130269,InfiniteStates,False,1372,758
21300873,Neural_,False,259,167
25732138,oneofmoo,False,3887,350
15861559,rexbox,True,7792,844
3228450479,EliJimbob,False,163,129
4361937556,BulkheadInt,False,6675,37
19047002,will_tuttle,False,6990,1284
4721383814,cerny,True,90151,13
3563619556,screensaturbot,False,24502,3161
2889756262,octocurio,False,12259,373
1502110711,ChineseRoom,False,18803,469
3222018953,HelloTimW,False,969,702
62643037,Danielle_Types,False,875,135
5837492,Flayra,False,12525,476
2810122473,strangebeat_it,False,38,3
90464059,ReverbGames,False,11104,2599
398821009,PrismGamingUK,False,185031,175712
1520009900,CathInShadow,False,1403,777
44851304,Sly_Rebirth,False,1733,520
136341445,UNA_daniele,False,747,975
20169485,MCV_DEVELOP,False,24370,1856
2419305824,skipabitgames,False,13,38
301982599,rhipratchett,False,77831,1073
262069992,AWildHanimal,False,1398,2246
284193037,HiRezTh3B4r0n,False,2014,922
126319353,Kocobe,True,5732,1973
2849844147,Lex_Alessandra,False,271,270
3028518597,RawFury,True,38627,488
19101284,GordonVanDyke,True,5832,615
22434242,jonhare,False,2901,116
29803836,Pete_Bottomley,False,1403,895
1156594298,EternalStephHD,False,6598,1464
110817673,joegrainger,False,13448,760
15902958,Crazyreyn,True,5909,997
1664917034,johnfvega85,False,762,570
2836079388,SES_dev,False,12953,135
22427026,Michael_French,False,7197,2177
56192064,sduico,False,2058,869
97656374,tiagomploureiro,False,812,1059
59877467,Crikik85,False,1571,1079
87928365,onebitbeyond,False,4564,568
86319887,marklsouth,False,307,275
268381315,StarCommandGame,False,5144,333
2463711307,FromTheHipMen,False,3931,1900
1962818406,RoboPixelGames,False,630,486
130526191,HeadupGames,True,32743,1058
3299971,Team17,True,86759,3229
3000619595,ThePoliceGame,False,1192,67
1267258626,unicube,False,1075,226
2775488314,BeforeGame,False,5596,1
1594071944,camposanto,True,50089,42
73632328,TeotlStudios,False,768,5
2296396812,BusyNina,False,284,278
20979573,TomasRawlings,False,2281,1722
2551158074,XboxWire,True,238748,37
48519871,Gamerboss,False,14027,1743
308946809,BAFTAGames,True,107025,1783
416367517,nosebleedgames,False,2917,832
604001339,DoubleUpGaming,False,9125,5095
11693312,smarshus,False,426,859
15078306,SteveGaynorPDX,True,108104,808
107936052,KatieStonePerez,False,522,394
213826280,kickarse77,False,334,514
2155513160,StudioMDHR,True,178753,36
38318973,nathanvelllllla,False,21758,697
2347538233,rocketwerkz,True,10628,39
243095677,nickbuttonbrown,False,1059,264
2321009274,TheAlbionGirl,False,4374,1475
982040378,chetfaliszek,True,29663,1101
56328381,PeterHarries,False,1582,2248
195036846,hownottodraw,True,18994,748
630703905,xMSBELLAx,False,1738,1084
90179893,Grip_Digital,False,2863,81
218076700,aNichiporchik,False,33296,961
2821435543,comongames,False,352,590
1096148731,italicpig,False,8142,812
3091009399,ID_Xbox_Games,False,10293,207
28209456,kelauce,False,377,149
2565441044,SIGTRAPgames,False,2210,103
811449805,PlaytonicGames,True,104518,280
2309919954,OlenaKolikhova,False,7192,2765
488762256,samplebo,False,127,166
14742525,lerika,False,7061,698
26718377,FJvanHerpen,False,1767,913
220761330,EvgenRomin,False,243,646
2310853693,LazyBearGames,False,21042,1720
2932427309,BytesOfChicken,False,676,0
78287650,Ethelcilla,False,298,239
9140752,phi6,False,11573,222
19164090,Dan_Gray,False,4593,1012
203169026,ToxicGames,False,1877,317
2854465243,Philip_Muwanga,False,184,254
894986436,silicon_spa,False,929,474
267335035,GaryAshurstArt,False,1750,1767
167026438,jonathansavery,False,505,420
296149228,HoneyTribeStu,False,1474,1844
186032075,BrjannSigur,False,1888,206
437406770,MikaelForslind,False,2711,1117
856951886,DCFC_Cam,False,3342,441
467610247,Sllayt3r,False,14273,2376
127820016,lenchyj,False,126,275
1301526493,modern_dream,False,576,236
48615651,NicMakin,False,1120,1246
83368027,stuckbug,True,3980,1191
18223191,Nate_Ahearn,False,4600,986
1903689104,GamesPixelbomb,False,1597,896
19772827,danthat,False,38016,65
808401458,FlixInteractive,False,1040,71
46346835,icotom,True,4288,450
2726788301,XboxOneGB,False,23293,6692
270257618,makingames,False,932,137
52565373,Zulla_85,False,819,746
610948104,EastMidsIndies,False,1150,761
1897399190,frogshark,False,1337,1109
68961968,derk0i,False,339,68
249300135,nialljtaylor,False,1260,438
145998819,dirkprimbs,True,9529,91
2906236592,SierraGames,False,13590,952
15649806,MikeJMika,True,14815,8904
2781005310,MuHaGames,False,2231,2216
272296331,PamdemoniumXOXO,False,810,474
368956111,BadSeed_Ent,False,819,607
148909163,AntonWestbergh,False,1721,397
1605470000,Anagamedev,False,3605,779
726754154,AlexRoseGames,False,3319,270
143680246,tedregulski,False,947,668
85537798,Thomas_Hegarty,False,1217,498
91493485,dndn1011,True,3184,536
27520806,tylersigman,False,6712,736
2577034650,trishaharry,False,225,92
6280302,amely,False,10059,10661
21217073,soonerjudd,False,1624,1217
299583722,donna_orlowski,False,1878,944
71338635,Tascharoe,False,4038,1311
121993924,DavidDurcak,False,610,49
2943871840,Introoda,False,2722,228
196618084,xboxuk,True,911212,1681
2190431630,UntoldGamesTW,False,784,54
93498250,Qwik,True,187871,148
5443002,AceyBongos,True,92943,4663
146114262,inversephase,False,46910,24795
784991322,mr_ocdc,False,527,308
196310151,kris_rothe,False,1906,1307
46969371,AnnaMakin,False,206,109
20311191,alexbubb,False,142,364
37893665,Xavier_Carrillo,False,2611,427
2841884140,TheBrightonGC,False,503,126
2971961927,TheLootGaming,False,6534,200
182873720,alimotisi,False,865,1861
2441287936,pengy_gamer,False,14,98
153018068,tomnzzz,False,399,1407
33514154,ShamsJorjani,False,5733,1127
14630586,gisardo,False,3587,196
17140787,lauralollipop,False,48268,125
89501301,sandaberar,False,366,448
2979430185,HoloLens,True,131272,4
6579292,akipman,True,30401,88
16930986,joebelfiore,True,158102,240
37611482,Jason_Garber,False,489,476
15670515,Windows,True,6734907,1346
19595287,aarongreenberg,True,239684,2168
78890842,pastagames,False,2910,190
103897409,CitizenSleeve,False,4712,2013
2237979714,ID_Upload,False,738,1463
1884603416,Subnautica,True,117442,32
372693822,gamein_north,False,970,270
128213903,eldacar79,False,1300,615
196291209,ThomasNoppers,False,10040,1654
7721622,BetaLucca1,False,3604,1277
615105763,dlalastudios,False,5087,170
219251193,lordoftheyoyo,False,4525,2316
43784101,NaeVal,False,6672,4585
704915376,jamielowesdev,False,2221,2534
19456374,nickbaynes,False,658,217
92008385,lee_stott,False,4373,1174
1553279137,ImRichTea,False,2862,935
20205561,jawltd,False,4748,240
148699608,SpiltMilkStudio,False,9542,5512
21742579,bethamari,False,2558,853
2596126622,34bigthings,False,7925,46
438317309,MRCalderon3D,False,2551,472
24742040,Xbox,True,17129044,16256
15913,majornelson,True,1169615,10
569169675,HelenBurnill,False,1177,674
19179755,michaelheald,False,7336,903
16864582,SimonDarksideJ,False,1899,1318
17828704,LotteMakesStuff,False,9656,1499
26225954,rwomack,False,1161,2737
269543643,pixelballoon,False,415,166
2775493075,EndGameGG,False,198,483
241989432,SmallGaming,False,3957,2598
23742038,mode7games,False,13844,7561
283024163,DropDeadInt,False,892,425
2149804807,Brammertron,True,9554,331
14874637,Hicks_206,True,30917,1350
54753222,reynoldsphobia,False,1865,2928
322636976,CraigChapple,False,1322,1209
158828370,santaragione,False,3535,693
94591035,UNAgames,False,733,956
37125846,109mae,False,1115,827
264062962,Bopper1402,False,354,379
20031730,iLevi,False,3598,1594
38514229,sp8des,False,1345,621
111277091,Cedriclag,False,1290,411
2467363166,WhispWillows,False,99,78
870993836,NightLightGames,False,2388,3084
293694051,_z4g0_,False,664,538
21644871,pompeygina,False,769,945
19393570,PdxInteractive,True,160065,60
108989831,PopsRamjet,False,14473,267
19395441,WorksWithWords,False,17053,3320
64663586,Steve_Ince,False,4075,4380
37889646,milesSI,True,116639,2557
1536875935,aarondeandavies,False,2804,1712
54518783,FlavioParenti,False,19880,6
1585288436,EricLacroix80,False,172,279
489636029,saad_choudri,False,182,26
44024932,IndieCade,True,172994,100482
36761298,indiegamemag,False,62213,4174
54665663,svicolone,False,449,245
151444827,ivanventuri,False,273,0
500100748,LiamTwose,False,8684,1058
21850047,stepickford,True,4021,1290
73531959,tamcgarrigan,False,2311,1855
31491642,LOOTInteractive,False,5255,1238
29143283,j_smedley,True,51911,723
332243919,WhitePaperGames,False,7158,2757
39513702,iluan74,False,165,436
2732289154,DagninoJacopo,False,68,121
15128731,don_raul,False,4078,636
2232827756,NoMansSky,True,330818,1
2148876239,ItsMrSammeh,False,1357,407
338369524,SirCoolbeans,False,4317,923
73444135,facepalmgames,False,2294,309
164710383,Roll_7,False,11908,2135
86815189,PaulSulyok,False,472,298
123659595,Dan_Adelman,True,9293,665
322569232,darbotron,False,2233,1717
41519517,IndieDB,True,73810,8
43164252,indiegamescom,False,126112,236
20315618,RaveofRavendale,True,29175,836
295212867,_higekun,False,593,247
2351859229,MouldyToof,False,1488,67
1430286692,Games_CE,False,1639,1125
19177410,LAWilding,False,421,525
62543496,igotmy9milli,False,422,0
237204942,floflo78,False,604,342
159761044,Washmeister,False,181,410
1673854382,ID_Xbox,True,108775,606
16259415,iocat,True,16968,1801
1425621493,MGPNightShift,False,602,1377
2525375635,vr_sam,True,11889,2314
15253766,darren_cairns,False,728,1185
2425790419,creativeskg,False,1177,3209
1259785477,elidilo,False,450,535
19394529,stewartgilray,False,3165,1183
28994035,NeonBlack79,False,734,1076
37646091,konzeptzwei,False,296,988
92405424,Athanateus,False,6567,6630
850624735,RedPhantomGames,False,1982,2421
20752767,PercyBlakeney63,True,5910,6318
2380186378,DevRelCallum,True,19515,4411
123355289,Xxspe,False,1898,490
849458179,RebellionJason,True,18014,4370
123682011,onimitch,False,1384,465
532406707,XboxP3,True,912827,1107
15578950,kikujiroK,False,189,428
152603720,mwiking,False,534,690
2335477148,TerraTechGame,False,10024,341
113184866,TheStupot,False,5796,370
138694141,mauzed,False,56,28
277053293,PMorby,False,382,597
773430073,rocket2guns,True,78749,686
22235412,imranyusuf,True,13192,1071
1484990024,MixedBagGames,False,6851,3887
13622902,skyrise77,False,1077,1380
2226895704,VRFocus,False,65215,745
509274630,LaurakBuzz,True,58077,2321
174170152,_patrickconnor,False,298,556
2288643722,Laauwen,False,3278,494
336967183,marina_cerra,False,41,63
378497149,FionaSperry,False,1788,52
14496538,dperry,False,18403,223
561036986,Digital_Dragons,False,2680,343
203069612,DavidWalsh64,False,629,60
19766074,Leo_Cubbin,False,365,373
2373713983,3FieldsEnt,False,5366,59
344059195,WildRumpus,False,3033,168
41609275,devolverdigital,True,305713,510
61166489,adrianchm,True,16494,103
2239538802,CinnoManGames,False,988,1575
71488700,helana_s,False,1232,624
153988163,jonnytdesigns,False,581,1397
14132004,James_Batchelor,True,5402,3350
520685404,dukope,False,70913,102
234915808,AbstractionGame,True,4044,611
2139201,cskilbeck,False,233,580
714758552,oculus,True,442689,487
96232951,CiroContns,True,10587,3107
17782068,garrynewman,False,189655,85
584087160,FcpnchStds,True,115766,4
16605976,ninacliff,False,2123,2050
20445908,OllieClarke,False,2558,1468
19335919,andrewcrawshaw,False,2831,2340
24677327,Olifiers,False,2898,421
20126109,SirTrotski,False,279,528
196259146,imrejele,False,4108,1126
1336184174,BrightonIndies,False,1199,5
14248719,empika,False,4765,1230
249554690,spectrinsound,False,897,833
1408179956,sjiles8,False,690,1036
18544343,rbdavis,False,590,839
20949983,playniac,False,4738,4003
16310048,xiotex,True,11908,2319
17418971,giocorsi,True,29782,975
366665793,AGTutty,False,1628,1101
1650140700,FullIndieUK,False,1155,383
38419922,NatLG_Spark,False,2878,1651
691633,kazamatsuri,False,3578,645
47900816,ALGChapman,False,1351,584
318762626,4JStudios,True,548197,76
7657462,bogimp,False,76,293
510258611,TyPickles,False,631,614
18206305,gamerepublic,False,3144,1573
63446107,robertasaliani,False,1457,954
15248323,keefstuart,True,21244,2345
67297700,rickymeggiato,False,1219,739
409799059,geekchicalex,False,769,909
39236547,pdyholman,False,262,145
21763690,CarolineNorbury,False,3435,722
223887283,WeAreCreativeUK,False,56499,2372
46419635,spadgy_OTA,False,6948,2022
177564924,Kappische,True,177544,1723
390864687,Ga_Ma_Yo,False,2522,1288
38430500,developonline,False,67278,3054
5411222,pete0151,False,1879,308
113990297,thijmenbink,False,634,251
9195042,PingChan,False,579,217
37058274,IchibanGary,False,604,1054
19537549,Seffers007,False,2447,1625
75259532,SFBTom,False,7152,1108
434465199,ScottishColin,False,2387,980
1708072441,djbteamsters,True,4509,947
15020806,shahidkamal,True,26657,665
19152541,dannywallace,True,192595,1007
87233454,swingswingsub,False,4549,331
709443,thos_thom,False,1652,369
36155110,DanielCake,False,3209,1908
1074954372,SeavenStudio,False,2112,301
21558898,roundcrisis,False,1154,937
341042853,K8RPY,False,1068,1236
169165706,TIKIPODltd,False,4470,1237
324553782,recurv,False,985,228
265359098,LeadHyperion,False,1957,3520
15930076,antlers,False,381,182
18758375,thatwouldbealex,False,3352,4350
514794495,AlanZucconi,True,24040,109
36040335,stukiii,False,1853,945
467411063,dickyjimforster,False,706,553
16871637,ShaneWatch,True,23683,4709
91790604,IAmGuyceratops,False,1519,2137
39205591,EvilKimau,False,2378,532
185190437,bossagames,False,20001,4281
614082272,RobCuts,False,399,1897
54858326,whenDoWeEat,False,375,363
12908462,katerussell,True,52677,1357
501099084,Pokethulhu,False,3536,710
25521307,MrPhilHarrison,True,13016,160
145670588,DavidBraben,False,29395,299
1306791,stevenpoole,False,5032,1616
978741,Doctoe,False,7257,1638
47667972,gamedevdotcom,False,494974,20
40732737,philmonkey,False,880,1028
292354838,HilmarVeigar,True,13880,1297
70941066,amoiparis_,False,234,1400
186377016,ev4nac,False,641,1474
13096002,mikeBithell,True,70926,3590
25685189,KirstyRigden,False,1346,719
63485337,notch,True,3671943,227
119341643,curvegames,True,24845,292
59419291,CptnCheeky,False,557,892
14250702,jfairbairn,False,1358,1340
17064600,tha_rami,True,191300,19950
22412601,AntonyaClark,False,1148,390
249610399,RobbieRoo28,False,466,1163
12592522,sdrhod,False,1276,1247
19705819,barog,False,5968,6568
358741545,ovosonico,False,3056,568
174673086,uk_ie,True,24757,2315
155844378,Vlambeer,False,64343,2589
186411307,TIGAMovement,True,25442,5287
18715225,nsuttner,True,21389,1208
404166399,Elleuiessea,False,186,0
425923108,antonybowler,False,502,1301
19334703,CandideQuirk,False,1023,913
126930456,FuturLab,True,11605,1202
20588098,nicholaslovell,False,5750,379
14770841,patrickol,False,2664,1251
271446210,Ripstoner,False,683,325
268474568,bigc_33,False,2681,800
20659225,amboyes,True,62804,989
84670801,BriProv,False,6480,578
35406821,yosp,True,376444,1377
56783647,ResetGamesLtd,False,1233,163
10044612,ella_romanos,False,2438,1097
14880937,CCPGames,True,53351,146
59423324,RudolfKremers,False,2354,913
21855373,mhawkyard,False,1001,962
22912382,PhilWaymouth,False,1082,1133
142672599,massimoguarini,False,1534,475
48797251,OldSpice,True,185559,73
57903424,hellogames,True,243787,2383
365915597,Jack_72,False,346,437
22305350,lorrainestarr,False,1421,3015
18972177,asinovolante,False,6,93
76622903,MissFog,False,571,625
195559225,MassimoMaietti,False,127,278
224136266,sanukgames,False,584,459
41619508,ianmasters,False,981,2590
288981470,DajanaDimovska,False,1691,1027
206088064,dakkodakko,False,920,118
247343656,Dick_Hogg,False,3356,514
12359012,gigetto,False,371,451
26770486,bushghost,False,649,733
132301903,CphGC,False,3406,539
44652237,alicejanetaylor,False,7823,2348
136042914,ccantamessa,True,1389,180
24883206,Soluble,False,29,107
126061474,danidrugo,False,22,29
31088347,RebeccaAJones,False,2557,2351
62613968,KommanderKlobb,True,7557,1538
