794787166387916800,super_OW,Matthew DeLisi,True,119104,489,1604,281
2638212040,Erobb221,Eric,False,86033,414,1044,79
1163314963697537024,s9mmow,s9mm,False,4413,457,998,13
1252772921631633413,Ow_Proper,Proper,False,2517,62,16,8
1289102473299283969,0w_kilo,ow_kilo,False,1655,56,58,8
1066619030809661440,SEjFiNN,FiNN,False,2942,98,653,12
775675564820750336,Light_S21,üíßLightüíß,True,74625,294,12618,222
460116210,luka7doncic,Luka Doncic,True,1413420,349,4324,2719
777264456871149568,Veibae,vei ü§ç VSHOJO,True,317580,411,4254,878
231360136,oddlyawkward,mel ü§º @ all too unwell,False,2375,1019,12620,14
780658862596562945,Gator_OW,Gator,True,11707,507,581,65
42953895,AdamMierz,Adam Mierz,False,18491,655,17950,102
403246803,Michael5SOS,michael clifford,True,10195436,14214,12732,26441
1169229210482688000,PELICAN_OW,PELICAN,False,6926,209,411,28
1006395884945301504,byZenith,byZenith,False,1172,567,697,7
1166170354567376896,hebeipangzai,Pangzai,False,161500,38,1587,188
1096845500,vgdunkey,dunkey,True,1239994,88,1233,864
4548059957,Goronadork,Goronado,False,381,260,7550,1
930208308996255746,ms_cloud,Bella,False,30035,742,2150,176
1339252028,tsuwukii,ùòÇùòÄùóÆùó¥ùó∂ üåô,False,193590,689,32315,279
4865860763,dapr,darp,True,285991,672,4760,348
1176723320089169920,kyedae,kyedaeüê∏,True,459172,248,1616,271
2854261593,ninja_muffin99,ninja_muffin99 üÜñ,False,174491,3,29864,149
735889079548674048,AidenSPhan,NRG Aiden,False,6983,903,14126,11
3233838112,KFC_ES,KFC,True,661224,459,14414,310
2455740283,MrBeast,MrBeast,True,12498673,1740,5253,3697
766641570,nmplol,Nick Polom,True,302155,756,20079,276
928491215527428096,Agape,Agape,False,2785,304,805,29
2853866236,TenZOfficial,TenZ,True,755472,333,3127,619
1349530659694518274,feinberg_mc,Feinberg,True,5438,243,1077,13
155544257,Arbys,Arby's,True,845060,67986,47106,2232
1028115176149667840,marcrebillet,MARC REBILLET,True,494184,379,2423,552
727323590794842112,Yetiapocalypse,Yeti,False,6847,693,341,18
137157673,GradyRains,NRG Grady Rains,True,48814,698,1897,17
891681201433460736,shu_overwatch,Shu,True,13071,338,824,84
24952583,TheWillNeff,100T Neff,True,111391,942,4188,148
2439488023,KristoferYee,Kristofer Yee,False,137053,659,4109,271
994727755509051392,zayt,NRG Zayt,True,622674,879,5120,326
1282418324228337665,wsbmod,wsbmod,False,851826,186,625,3107
257817126,LiquidHbox,hungrybox,True,297200,1581,16911,729
2214753792,Spex_J,Jon Spector,True,12115,333,1509,58
2345436867,Anna_Chess,Anna Rudolf,True,86372,1065,10357,668
2148248342,simplyn64,Simply,True,64535,565,8574,61
931934170204454918,nerdi_tv,nerdi,False,5072,154,492,31
15419859,SaylorTwiftArt,Saylor Twift,False,3471,1183,7628,16
1079594695880257538,Tabithabrownx,Tabby,False,6698,48,265,1
629654908,johnny_S2J,bc | S2J,False,62057,2010,4356,234
1239724701062254592,thecodemiko,Miko,True,248580,602,2015,343
1343319843726999552,39daphart,daphne,False,24314,2,102,40
4398242549,Marss_NE,üç• Marss,True,101923,242,10543,267
838184883902087169,Casores_OW,Casores,False,5388,900,1126,29
1020707434782863360,Glisterow,Glister,True,12095,177,197,65
759271791193882624,ow_nero,nero,True,30019,734,3051,112
992750948018741248,FDGod_OW,FDGod,True,21722,692,1436,86
939091,JoeBiden,Joe Biden,True,31851046,48,7799,37637
3385125854,eaJPark,eaJ,True,2456120,143,5820,5868
864891034412752903,Irenealing,Irene üê∂,False,16877,459,2397,30
2317966585,5uppps,5up,True,423040,513,1213,752
2165960455,daps,daps,True,71923,945,7063,232
756223435,KingVigors,üï∑Vigor üòà,False,67005,331,4832,52
1040572225709961216,Guxue5,Guxue,False,10962,113,78,79
217728456,AvoidThePuddle,Aris,False,70452,992,24127,274
145124607,quqco,quqco,False,49587,979,16874,97
183905912,Dream,Dream,True,4489432,363,434,6301
621577260,C9Mang0,üêê üêê üêê üêê üêê üêê üêê,True,253308,187,16707,572
3044629611,yung_ksp,kai,True,13734,993,2008,67
74274804,LilyPichu,lily,True,1578316,1852,39336,1738
1567359060,toph_bbq,Toph,True,80131,2204,24858,0
3386305277,xsaiiren,Saiiren (‚úø¬¥ Íí≥ ` )‚úß,False,21321,741,4132,34
2282027030,TwitchRussel,RUSSEL ü¶É,False,79675,454,4430,82
337337691,LudwigAhgren,ludwig,True,1160427,537,7901,1245
1134552730146500608,FallGuysGame,Fall Guys üëë,True,1339183,193,6813,1126
69460994,peterparkTV,Peter Park,True,418874,1278,12627,639
614333791,Natsumiii,Wendy,True,333523,406,55676,625
2344209337,DisguisedToast,Toast,True,1519722,244,35,1652
2708191476,Valkyrae,rae‚òÄÔ∏è,True,2691480,738,23026,2221
806529169400233986,Vadikus008,Vadikus007,False,7246,176,799,10
1880435172,AsycLoL,Asyc,False,28382,586,20742,24
4461048078,tk_lacari,Lacari,False,24727,801,1965,18
1059882529061187584,Sanchovies,Sanchovies,False,135601,567,10395,83
805738064194613248,ta1yo_tv,ta1yo,True,54370,340,6352,180
71823340,prezoh,prezoh,False,77265,511,23893,66
3138725283,slmnio,Solomon ü§º,False,2883,1032,1685,18
1055865310849359873,SP9RK1E_OW,SP9RK1E,True,25173,443,1336,96
147039284,Asmongold,Zack,True,593290,663,11238,604
1144005651259101196,stefayylmao1,stefayylmao,False,8391,713,1690,3
705462809,seydel11,Seydel Acu√±a,False,580,486,4957,1
64324543,GMHikaru,Hikaru Nakamura,True,350518,263,3213,1636
972691386595233792,ToonaFissh,toonafissh,False,337,68,240,2
1229212426475909121,TwitchStuff,Random Twitch stats! (DeTheBug),False,5113,330,434,10
64538689,portilho,C9 porti,False,33676,2513,84207,87
858761260422369281,emmyuh,emmy,False,85015,1061,28391,107
4563153198,Isyboi_,isy,False,6885,232,2042,4
21073354,sebaserge,Sebaztian Pardo,False,188,207,351,0
343017633,LuluLuvely,NRG Lulu,True,298107,453,11288,302
2322806918,aceu,brandon,True,349019,290,5789,400
989019042118807553,sugarfreeOW,lenny,False,3720,449,183,13
12893862,AliMiller,Aliana (Ali) Miller,True,17413,1390,11222,100
326675861,RiotZiegler,Ziegler,True,72630,32,1505,201
92591481,OpTic_BigTymeR,Will Johnson,True,618287,1380,19105,678
1328407350,Gunless,LAG Peirce,True,85940,771,15582,339
385560056,EsfandTV,Esfand,True,282277,1723,8969,289
617815341,floaromaa,hyoonüåô‚ú®,False,335153,462,50088,562
1037816179409092608,RiotTazrri,Riot Tazrri,False,5409,738,396,11
4105585240,FunnyAstro,FunnyAstro,True,18213,747,1303,92
1230550898616586242,PlayVALORANT,VALORANT,True,1776704,42,2359,1472
2244953047,pokimanelol,pokimane,True,3702463,1615,21798,2617
712453399506239488,harbleuOW,Anthony Ballo,False,39661,60,692,87
272570677,scump,OpTic Scump,True,2242832,2059,54614,1731
70681150,Sneaky,Zach Scuderi,True,806166,529,3154,1343
746881077235564544,ChipSa_OW,Philip Graham,False,22611,626,2923,39
844457452259201025,ansansniper__,ANS,True,32149,187,367,79
995979576,timthetatman,timthetatmanüëë,True,2702093,1311,58428,1491
749562963376238592,AndrewKim,GLA andrew,True,4576,542,667,48
980918839058735104,OW_RoKY,RoKy(Î∞ïÏ£ºÏÑ±),True,6102,419,1874,43
2940124885,TaylorWebbIRL,Taylor,False,1265,658,9129,10
86395621,NVIDIAGeForce,NVIDIA GeForce,True,2256932,1277,14529,4603
244060723,POWERMAYO,Sam Mayo is on paternity leave,False,2994,1521,11532,54
996557306471956480,PaigeJReed,Paige,False,4424,885,2975,10
704777245450174464,Corey_OW,FaZe corey,True,42938,787,2703,150
19381659,JHOEY5,Jim Hoey V,False,3057,782,1002,59
1172506293174710272,OpTicTexas,OpTic Texas,True,279679,31,2603,543
16441619,tameimpala,Tame Impala,True,597071,165,996,2660
823933843770056706,6ARKS,fay,False,9509,272,35061,33
15485441,jimmyfallon,jimmy fallon,True,51419358,10790,13855,62292
19777398,FallonTonight,The Tonight Show,True,4456780,20951,93772,9650
3332178328,clintstevensTV,Clint Stevens,False,95779,366,2835,68
38555899,vanguarde,Mark Van Lommel,False,1117,1588,1516,36
322708775,Potthoff,eU Burns,True,77417,2057,84339,153
4177919489,esportsawards,Esports Awards,True,108763,2872,10109,189
391651600,Torvesta,Torvesta,False,48124,168,7460,35
90779436,H3CZ,OpTic HECZ,True,1001639,1915,70229,1370
2411409480,TempoZP,Andrew Rush,True,16556,620,5299,150
1127407858608304129,ryujehongsexy,ryujehong,False,15206,131,185,53
3156867768,ingoodjesst,jessie! üíô,False,2347,1233,18371,11
606238300,hogeskim,hoges,False,1030,249,6826,0
3002817576,finalmouse,Finalmouse,True,197752,389,3936,128
40101400,tiesto,Ti√´sto,True,4795594,744,32969,14174
1059232339396485120,sen_ebooks,sen Ê£Æ,False,7250,471,18136,39
1145478043106009088,AvastCon,AvastCon,False,1865,42,50,6
592192668,Wizzrobe,Envy | Wizzrobe,True,71163,1280,5334,260
990004915056463872,itsmelimmy,Danny Lim,False,13601,355,2571,72
190946922,pokelawls,Poke,True,150177,827,18051,192
14053116,MicaBurton,Mica Burton,True,206021,691,51212,700
4699719036,REALMizkif,Mizkif,True,537186,532,3577,388
893872815664791552,Twilight_OW,Twilight,True,21456,153,469,93
926496930003374080,voretecks,Vortex,False,7909,706,9246,41
898710649320157185,FreshNuts_OW,FreshNuts,False,18684,303,1494,3
836387815978070016,JJANU_ow,JJANU,True,10324,82,107,48
1104897264730824704,frutti,francesca,False,325,1716,3019,7
929057196251287552,alarm,ÍπÄÍ≤ΩÎ≥¥ Alarm,True,12233,193,408,79
868269438394675201,SettledRS,Settled,True,50033,500,4174,43
326756275,hasanthehun,hasanabi,True,980227,1989,28636,1842
1070531396270059520,Emily_Tangerine,Emily Tangerine,False,8960,190,1233,56
1091152268030763008,amengowl,ameng,False,13386,85,89,82
14539153,proxywolf,Wolf Schr√∂der,True,188082,660,17622,476
546983868,AchiliosCasts,Seth King,True,19342,879,20602,178
2965236231,blaseOW,Jeffrey Tsang,True,13121,577,4787,90
1071104846684676104,dizzy,dizzy,True,149924,821,2216,174
3256068152,Trainwreckstv,Trainwreck,True,394926,6174,11086,352
729049710,eposaudiogaming,EPOS Gaming,False,194100,482,3952,156
4725212668,BenBest_Ow,BenBest,True,25064,346,3370,105
786713087504244736,BadPachimari,Bad Pachimari,False,32377,1671,12518,0
708855252477292545,PurppRS,Purpp,False,12178,229,1565,10
1006593678683623425,16Ivey,Iveyyyyüíû,False,31,76,1874,0
1507069620,KYB,Kyb,True,10156,1080,3937,71
934165701220282368,macaiyla,C9 Caiyla,True,242623,860,29844,172
34507480,ArianaGrande,Ariana Grande,True,85092549,55564,47122,55606
4551522383,shadder2k,shadder2k,False,26788,144,289,49
1582405146,TheSupernoon,Supernoon,False,15835,932,96424,68
1060008757327851522,Hangzhou_Spark,Hangzhou Spark,True,72027,186,2307,467
2579706949,sushitrash,JOJI,True,1644337,1,247,833
1059699022154293248,ChengduHunters,Chengdu Hunters,True,63079,135,3469,456
791805645007691776,GoliathOW,Anthony Pietro,False,1623,538,316,15
1478175763,Fusions,Fusions,True,16984,1001,10893,99
2895380191,GamsuLoL,100T Gamsu,True,35044,417,1194,183
971928747237556227,Janoot_,Janet,False,1677,528,1506,7
809676874146193408,hoonmaru,C9 Hoonmaru,False,3543,213,1324,17
702672566088032256,kragie,Kragie,True,29921,220,2542,43
3038839566,JimmyHere,Jimmy Here,False,71693,1333,2769,37
165021348,Greekgodx,Dimitri,True,399904,751,5672,250
117718640,jakenbakeLIVE,Jake'n'Bake @ LA üá∫üá∏,True,84892,967,16882,135
988581954374197248,Viol2t_OW,Viol2t,True,35498,316,956,107
1038233648183558145,ParisEternal,Paris Eternal,True,76172,120,5408,464
1038975775729283073,VancouverTitans,Vancouver Titans,True,69154,121,5839,476
1048749596464144384,GZCharge,Guangzhou Charge,True,55746,218,4355,446
155705264,Zedd,Zedd,True,7736824,541,35082,5712
3424517722,nymnion,NymN,True,72837,385,10303,87
1039297983676903424,ATLReign,Atlanta Reign,True,78701,215,4675,461
2410122366,ksf,ksf,True,19737,407,2587,98
1092458990,CurryshotTV,CurryShot,True,4682,898,11065,28
159178763,Leylabelle,‚ú® Leylabelle‚ú®,False,357,740,13085,0
743662396892282881,twomad,twomad ‚ú®üóø,True,844779,439,25914,649
40241019,numlocked,Seb Barton,True,11267,606,19740,120
1035653581683220481,washjustice,Washington Justice,True,89105,204,9387,452
1037081886537932801,TorontoDefiant,Toronto Defiant üñ§ #RiseTogether,True,76532,184,7603,481
895928282641711104,smurf_ow,smurf,True,17165,205,1505,0
27818933,emonggtv,emongg,True,60170,447,7190,134
2398057698,FRANA_OW,FRAN,True,85968,1173,13264,171
15599679,tempusrob,Robert Paul,True,10879,1029,25845,143
778412145318895616,oasisoverwatch,Oasis,False,67424,603,9699,71
3733569023,BakedWeeb,Baked Weeb (VGremlin),False,209,395,964,1
1865671080,MarcelFeldkamp,Marcel Feldkamp,True,61502,981,42408,0
83617082,Stylosa,Stylosa,True,122483,347,51057,257
598284162,AGeNtl0l,Ferris,True,3678,1937,31160,0
856349583437217793,BdosinOW,ÏµúÏäπÌÉú,True,8993,227,11,73
893471889426751490,ProfitOW,Î∞ïÏ§ÄÏòÅ,True,32810,224,617,179
2813742726,cannonball_01,cannonball,False,1455,524,1921,48
3846419537,adidasalerts,adidas alerts,False,289220,7,45885,972
4761208395,m0xyOW,m0xy,False,93084,444,823,81
4808970252,Seyeumi,Aeri üå∏,False,11755,529,14920,21
732697813688057856,Apply,Apply,True,19826,679,10828,62
707620317640978433,Gale_Adelade,TSM Gale,True,33602,378,3608,43
799499619663278080,Rascal,Rascal(ÎèôÏ§Ä),True,45294,97,422,181
99833636,theBEARHANDS,scott tester,False,1985,327,3600,34
714797615007662080,Birdring,BIRDRING,True,36349,261,846,163
22705686,GoldenboyFTW,Goldenboy | G4,True,141283,5422,97264,629
1002316314369667072,USAOWWC,USA Overwatch World Cup üá∫üá∏,False,21741,26,549,70
2335979388,bawlynn,Analynn Dang,True,10627,375,11575,59
1003069918319988736,hilde6rand,6,False,5,42,66,0
1099524277,Aero_OW,Aaron Atkins,True,14556,691,2367,76
881713414233403392,Furyy_d,Fury,True,21745,300,431,120
933957875260465153,pavane_90,Pavane,False,4779,1606,1457,46
2697977244,daemin1004,Daemin_ow,False,1441,345,455,14
214201922,Ninja,Ninja,True,6759746,1462,43210,3350
4315854253,Kayuun,Kayuun,True,37148,1478,3112,35
492981803,Byron,Reckful,False,422802,552,9084,302
38938215,IamClutter,Hannah,False,3584,1505,9290,40
210713943,Th_ugnasty,Chris Chung,False,1701,399,438,0
1209516660,lildickytweets,Dave,True,686282,963,15547,606
2818884683,JagexArchie,Archie,False,45912,464,6479,51
745105702750846976,Liberot99,Libero,True,31208,278,51,154
936760919752769536,NineK_OW,NineK,False,4363,408,372,41
898227506976743424,ShockCrusty,Crusty,True,21192,283,857,79
729169271876542464,Geguri2,Geguri  [Í≤åÍµ¨Î¶¨],True,60489,398,7949,0
2855407413,SideshowGaming,Josh Wilkinson,True,53373,860,9354,319
4637772494,gesture,Gesture,True,25635,457,714,153
266182056,LorangerChris,Chris ‚ÄòHuK‚Äô Loranger (lorangerchris.eth),True,39448,929,33398,661
919746792165539840,MekOppa,MekO,True,21994,150,151,117
767730044223578117,MistakesOW,Stanislav Danilov,True,7957,230,1027,56
883815017728036866,JunkBuckOW,JunkBUck,False,3621,229,230,30
893713821524664320,STRIKER_OW,STRIKER,True,30003,203,311,114
735279902346252288,jayjuan1113,Jahrid Clyne,False,136,331,436,0
1670578716,Neptuno,CASE neptuNo,True,21428,955,10175,138
937796733068652544,Shock_CHB,Choihyobin,True,32978,131,904,117
2459061698,raegarooni,raegan,False,6877,1285,26464,0
345717311,lexirastelli,alexia üñ§,False,1411,1999,47050,9
85603854,JLo,jlo,True,45205008,1827,17505,49721
919373286953304064,asher_ow,Asher,True,13686,308,904,83
2411636227,AudreyGibson,Audrey a. r. Gibson,False,284,314,7092,0
25340639,b1naryth1ef,Andrei,False,1485,471,6961,8
571206183,LogitechG,Logitech G,True,767659,1791,26122,1289
2437574396,yeHHH,Albert Yeh,False,6302,770,3171,50
110365072,GordonRamsay,Gordon Ramsay,True,7493510,34141,23834,12707
830885718499217409,snillo_ow,snillo,False,9433,459,60,65
19331456,Malik4Play,Malik üé§,True,28254,1834,57471,0
457256315,GalvanizedMetal,kevin g üíî,False,227,638,12060,1
27195114,Drake,Drizzy,True,39376142,607,1790,36758
2191698193,JBProdigy,Jarel Bell,False,2579,1228,8920,19
849086376884699136,moth_ow,moth,True,33429,474,721,130
921108261247451136,HZS_Architect,Architect,False,20912,72,2631,109
970812707489267712,owpathtopro,Overwatch Path to Pro,True,60653,190,5409,234
948098738823749633,OGE_ow,OGE,True,17532,987,6470,91
842855057896816640,MUNCHKING_,Munchkin,True,61345,753,1628,455
588346575,Adapting,Adapting,False,36603,588,7656,66
789515367882321920,poko,Poko,True,58425,385,1455,212
73100160,Thorin,Thorin,True,211901,1132,98953,1073
455083743,TviQ_,tviqT,False,18083,1241,8190,142
925057173868101632,TaiRongOW,TaiRong,False,11644,2121,5604,91
830885240151408640,BigGoose,BigG00se,True,18798,671,969,111
44196397,elonmusk,Elon Musk,True,65634135,106,16239,82236
4810668158,BLT,Tucker,True,5650,517,2729,39
952311696575606785,dafran,Farmer Dafran,False,106562,277,840,130
4083780913,nacarav,Nick,False,621,74,71,5
920312802769715201,tf2pine,Pine,True,53744,251,1482,175
566662738,Forsen,Sebastian Fors,True,167534,234,4494,284
888512384456810496,carpe_ow,Fusion Carpe,True,48626,346,574,228
759028006333612032,fragi,Joona Laine,True,18218,597,753,101
121825928,MLGPuckett,Puckett For Hire,True,226049,2958,52150,634
526677255,MonteCristo,MonteCristo,True,272178,1638,39407,1296
893220231736246272,JJoNakLove,JJoNaK,True,65389,129,660,260
758071212409024512,JennaTwitch,Jennaüåà,False,112193,426,5440,145
712809875919781888,BrenCasts,Brennon Hook,True,55046,1320,13469,303
239864777,Shaz_OW,Shaz,True,14958,504,597,92
310356970,sarinacsgo,Sarina (known gaslighter),False,32581,987,47268,104
15619503,lilsusie,Susie Kim üê±,True,45252,1157,23498,357
45319754,Soembie,Soe Gschwind,True,133645,1310,21108,860
2162426184,AshleyOshley,F…™·¥á ü·¥Ö M·¥Ä Äs ú·¥Ä ü Os ú ü·¥á è,False,11498,275,9486,93
4264552745,jamie_razler,jamie,False,181,161,2703,0
2482934052,ArchonBackspace,...,True,10200,272,9,67
1434633343,barcode_ow,Barcode,False,14727,1163,7552,31
4311194483,goldaIine,goldaline,False,222,449,8459,2
1894180640,B0aty,B0aty,True,102422,951,22973,72
2192290495,Rawkus,Rawkus,True,56991,566,4063,250
245473418,OnFireSemmler,Semmler,True,144596,1942,19535,617
2341083895,iamkillinger,Killinger,False,2557,1277,2921,30
2432430108,ZoeviaBlizzard,Kiki - Zoevia,False,6545,431,8881,105
702699422589714432,adeptthebest,adept.,True,222351,634,5211,199
256617559,TazMo,Mat Taylor,True,23602,1227,40973,127
843836014296612864,KarivOW,KariV,True,29778,370,3464,0
725812147414953984,Mano_OWL,Mano,True,34894,79,730,158
898768999978156033,januspy_,janus,True,15255,284,290,88
1828506158,Mendo,mendo psycho 100%,True,93272,1135,28376,268
552348368,ProphetCrumbz,Alberto Rengifo,True,96759,903,10936,518
2806091112,ggHarsha,Harsha Bandi,True,11718,581,14754,99
1205666185,OldSchoolRS,Old School RuneScape,True,206006,318,14398,197
426015658,PapaSmurftv,PapaSmurf,False,958,558,2093,18
740036270,Knellery_,Josh,False,519,169,1246,5
711758634494066689,Joemeister,Joemeister,True,8322,561,561,75
728667222059659264,b_reith17,Brendan Reithmeier,False,893,613,327,1
885212198611570689,Fl0w3RGOD,Fl0w3R,True,23183,465,482,112
4880160153,ShakeOW,Jack Kaplan,False,2691,466,293,45
913532586521116672,LAGladiators,Los Angeles Gladiators,True,131115,83,10422,703
915971497205944321,FLMayhem,Florida Mayhem,True,104080,160,11014,661
3323521017,sabbrrinnaaa,Sabrina Lai,False,310,273,1768,1
2654919487,likeclockwork,matt dias,True,18992,847,2878,138
907193396049182720,Fusion,Philadelphia Fusion,True,146063,107,5702,743
904767529398157314,Spitfire,London Spitfire,True,123063,129,8363,742
781696213687083009,BaniOW,Chris Benell,True,19441,377,1122,126
711666027113877504,LiNkzrOW,LiNkzr,True,48451,551,8099,273
920664872786059264,Outlaws,Houston Outlaws,True,136128,234,8798,780
820092242908028928,39daph,daphne,True,368743,494,5951,417
64635680,cj_wentz,Carson Wentz,True,1048477,271,2866,1355
912696400571486208,NYXL,NYXL,True,135347,117,7154,751
750809634,budsOW,buds,True,4252,291,396,47
354679270,Custa,Scott Kennedy,True,55091,564,3872,297
914080998689607680,SeoulDynasty,Seoul Dynasty üêØ,True,128596,134,4602,736
2899745870,FionnOnFire,The Esports Writer,True,152946,1584,30677,920
2482709316,FCTFCTN,Russell Campbell,True,14649,374,1445,104
753654713808220160,SDBurnOW,George Gushcha,True,25111,342,587,109
1128742208,Hotaruz,Maxwell Bateman,False,1045,815,6900,14
892808605170245632,LAValiant,Los Angeles Valiant,True,107088,142,8571,718
4864720419,Nevix_OW,Nevix,True,14721,458,562,110
378791457,JKaplan,Jason Kaplan,True,28455,1190,21591,273
899858978418642944,DallasFuel,Dallas Fuel,True,167686,347,21983,810
738690695368695808,NotEvenBleu,NotE,True,14104,99,1027,95
3177227065,runellev,Chimi // Runelle üí´,False,382,293,818,0
62740033,NRG_Cory,NRG Cory,False,6547,925,17627,45
2945370609,iRemiix_OW,iRemiix,True,10299,631,543,66
21347710,ASUSUSA,ASUS North America,True,466319,858,34594,2027
892028249340915712,ShanghaiDragons,Shanghai Dragons,True,118340,113,7395,735
752184432,aimbotcalvin,calvin,True,75801,577,3670,97
1087348778,Sodapoppintv,Chance Morris dumb fat igly laxy stuoid,True,626170,1506,10937,631
282554062,ryanhoward,Ryan Howard,True,212406,157,1333,1030
53295087,JimmyRollins11,Jimmy Rollins,True,393851,338,13343,1816
336548480,JacobWolf,Jacob Wolf,True,92823,4205,65067,642
2853641871,SFShock,San Francisco Shock,True,225025,146,12991,872
799617074100371456,EvolvedTalent,Evolved Talent Agency,True,7217,231,587,42
2323428482,shuseph,SHU,False,2954,585,841,9
81919153,Reinforce,Jonathan Larsson,True,49948,769,9665,336
114517533,MattMrX,Matt Morello,True,139631,1691,5297,383
2413659751,Wraxu,Wraxu,False,16113,19,556,12
4922900694,zombs,zombs,True,228341,658,1172,352
913812620,PostMalone,twelve carat toothache,True,6942964,2807,7685,2814
4016591151,ELEAGUETV,ELEAGUE,True,169521,997,11843,592
19618527,NHLFlyers,Philadelphia Flyers,True,1579382,351,52756,6370
180503626,Eagles,Philadelphia Eagles,True,3515805,132,58700,8617
16201775,sixers,Philadelphia 76ers,True,2069884,451,67136,7711
764998613365731328,McGravy,Caleb,True,25424,666,5773,103
372319134,LegitRc,Dillain Odeneal,False,1802,433,2438,33
331908924,Blizzard_Ent,Blizzard Entertainment,True,1405630,215,7731,4234
212071519,Jeff_Piotrowski,Jeff Piotrowski,True,80154,1967,18363,1316
162828327,NRGbikeage,NRG Jaime,True,14894,930,4402,11
71871809,JackEtienne,Jack Etienne,True,130055,893,10260,601
2987611816,CaptainPlanetOW,Ben Trautman,False,11948,1550,34103,128
867458656278900737,Selfless_Brad,Brad,False,3905,392,35,48
773513818118946816,Zwei_Means_Two,Andy/Alice Baker üè≥Ô∏è‚Äçüåà,False,320,397,3202,14
622319793,logixow,logix,True,15287,160,2388,117
300563108,amiller,Andy Miller,True,36129,851,13732,251
2522298462,MickiePP,Mickie Pongphop ï‚Ä¢Ôªå‚Ä¢ î,True,52413,204,1422,180
842474784336318465,SPACEOW,Indy Halpern,True,47535,436,1545,187
715709221736734720,iddqd,Andr√© Dahlstr√∂m,True,52066,169,4066,171
3308277720,KING_BABYBAY,FaZe babybay,True,89776,1175,8144,265
48294502,JetSetJamerson,ESA | Jamerson,False,5200,1065,23459,63
220426807,NRG_Brettbox,Brett Lautenbach,True,6717,2982,10740,54
2457553672,sleepy,sleepy,True,142974,425,4907,229
888979065524281345,saebyeolbe,saebyeolbe,True,60500,171,847,224
465262841,DusttinBowerman,The Dusttin Bowerman Show,False,23532,821,15408,115
2785701593,coolmatt69,matt iorio,True,26981,444,1722,173
381648806,QuavoStuntin,QuavoYRN,True,3628913,355,15867,1415
1278947124,derrick_truong,Derrick Truong,False,7799,3122,7945,64
858798637073256449,Aspen_OW,Aspen,True,64672,1023,5420,112
3242364209,zacklombardo,FaZe ZachaREEE,True,25458,1149,15405,127
2485887830,Forceboink,Outlaws Boink,True,17383,428,1690,130
17461978,SHAQ,SHAQ,True,15540281,687,9986,45108
40058303,NWhinston,Noah Whinston,True,19805,1110,810,171
1542453360,shroud,Michael Grzesiek,True,1906133,838,8603,1629
1913423539,Fate_ow,Fate,True,19709,228,736,115
1279451731,GeekAttorney,Michael Myers Lee,False,7611,381,3110,74
202463874,Morrison,Video Game Attorney,True,55867,1611,22169,312
712134504081694720,Muma,Austin Wilmot ü•Ä,True,42029,792,4658,217
791069748,Bischu,Bischu,True,37252,670,9940,222
884907632426971136,BostonUprising,Boston Uprising,True,94929,162,5778,707
791065461672685569,overwatchleague,Overwatch League,True,457318,401,20261,1410
206027357,ggDoA,Erik DoA Lonnquist,True,81575,766,38433,771
779090061241360385,skeeztf,skeez,False,857,384,389,7
26257166,SportsCenter,SportsCenter,True,38731663,729,130797,44012
2448565656,joanapajo,Jona,False,235,202,9762,0
736846265581871104,retzi,Nathan Telen,True,14158,566,1952,92
381794990,KyKy,Kyle Souder,True,19157,454,1686,126
752385765460447233,Phazahp,Phaz,False,1911,1060,13374,31
116952434,hastr0,Mike Rufail,True,162207,1136,30151,609
774367802102734848,Nomy,David Ramirez,False,14212,848,2985,72
2161939166,iShiny,COL | iShiny,True,9087,831,1760,80
3193985960,Roolf,Roolf,True,6665,429,733,61
795360913,EnVy_Talespin,Ronnie DuPree Jr.,True,11431,936,2268,94
797500068693688320,Snizzlenose,Erik Hed√•ker,False,383,228,107,8
838096609174958080,ian9721,Kaiser,False,14043,646,4711,43
1617595652,SoOn99,Terence Tarlier,True,52438,886,4511,202
727302576673271808,gods_live,GODS,True,17388,712,4153,93
3065618342,discord,Discord,True,3511097,1104,464892,3375
727636373834977281,Rogue_winz,Michael Bignet,False,16867,289,1755,76
757381981218889729,agilities,Brady Girardi,True,49200,444,1917,222
130366519,uNKOE,Benjamin Chevasson,True,40592,469,6302,193
3101846729,DF_aKm,Dylan BIGNET,True,40732,771,3709,183
736784706486734852,REALIcePoseidon,Ice_Poseidon,True,191656,926,5921,152
293413534,MESRAWR,Adam De La Torre,False,6991,229,750,80
174307074,BlizzardCS,Blizzard CS - The Americas,True,1016424,30,351186,4355
68318775,gillfrost,Alex ‚Äògillfrost‚Äô,False,2100,583,4392,26
31235599,KresnikTV,Kresnik,False,1583,1634,10113,17
717510974769528832,Rogue,Rogue,True,225722,649,28575,0
437210567,TwitchSupport,Twitch Support,True,1089450,57,48555,1704
48183841,IamTrevorMay,Trevor ‚ÄúIamTrevorMay‚Äù May,True,148627,1649,33287,506
3795895396,adameckel,Adam,True,13227,820,1379,77
717574356256309249,MOONMOON_OW,MOONMOON,False,132063,413,5251,190
2305603543,TwitchEsports,Twitch Esports,True,457452,716,12630,1229
4833803780,loltyler1,loltyler1,True,639888,236,946,423
2557521,espn,ESPN,True,38171044,391,125517,59437
19358830,PhiladelphiaGov,City of Philadelphia,True,327812,242,40617,1794
835760436201021441,silkthread,silkthread,True,19356,657,2104,91
27139967,ProblemWright,PROBLEM,True,35735,1453,35709,117
74650694,GregoFPS,Grego,True,9913,983,7242,74
779902643774824448,Hydration,Hydration,True,30958,478,1335,184
4117437064,daitchaK,dhaK,True,14684,739,1242,73
3092261302,SteveMaida,LG Buyaka,True,40331,1269,4822,70
44524106,witwix,witwix,False,66878,494,10190,129
2319853951,sinatraa,Jay Won,True,219382,683,2737,379
15680204,FishStix,Ben Goldhaber üî∂,False,21208,4982,49899,336
3022863239,Luminosity,Luminosity Gaming,True,474516,475,18504,580
1541514067,danteh,danteh,True,104488,953,6333,246
3467345772,OddWash,OddWash,False,115,214,135,0
20307473,MusicalSocks,socks,False,195,65,6487,0
350278809,UberShouts,Mitch Leslie,True,43448,1010,32806,341
169686021,kanyewest,ye,True,30622747,212,1911,43384
4462881555,ShitpostBot5000,ShitpostBot 5000,False,324637,6,93237,647
2933080455,baemax,baemax, SRNA,False,17095,850,18629,34
306404174,uNieck_,Nieck de Graaff,False,2670,246,74,34
552253591,MoeDeLisi,Maurizio DeLisi,False,1859,842,9138,17
105697114,AndyD409,Andrea,False,1283,916,22538,0
3320478908,Stranger_Things,Stranger Things,True,3251274,68,7599,3173
540317609,A_Seagull,Brandon Larned,True,131897,1502,1447,308
56846899,Surefour,Lane,True,104835,1061,5363,301
1106116802,Noukky,PMA Izzy,False,4404,1045,18416,44
2866223842,ESLOverwatch,ESL Overwatch,True,29362,265,1399,160
2839731082,HarryHook,Jonathan Tejedor Rua,True,28054,549,4364,178
19040580,Slasher,Rod Breslau,True,432508,10853,46336,1626
756629622893064193,Grimreality,Christopher Schaefer,True,10926,566,2454,77
81438055,hexagrams,Robert 'Hex' Kirkbride,True,25511,1018,3684,189
859504597,Spree,Spree,True,20140,399,1348,133
286505380,TSM,TSM FTX,True,2224080,356,17386,2403
18775294,SusanELyon,SusanELyon,False,349,338,8,14
4131266472,NRGgg,NRG,True,873878,215,17901,826
3427184669,HAMMERSKIMA,kima.sol (King PDT),False,8506,962,5289,25
146556805,DrDisrespect,Dr Disrespect,True,2250329,565,9203,1590
2536458018,Hyped_AF,George Maganzini,True,9903,857,1015,117
416814339,JoelEmbiid,Joel ‚ÄúTroel‚Äù Embiid,True,1910763,326,2789,5048
16905329,ESL,ESL,True,855683,287,34137,1662
238431491,FaZeClan,FaZe Clan,True,5685466,198,17982,2174
4428161733,ESPN_Esports,ESPN Esports,True,489436,253,17780,1276
309366491,Twitch,Twitch,True,8915789,765,21610,8771
752310588278181888,zza_OW,zza,False,1490,271,53,17
61933836,OpTic,OpTic Gaming‚Ñ¢,True,3198609,48,23044,2091
608817414,GameWithStorm,Joe Nowasell,False,927,235,3303,14
115038550,Envy,ENVY,True,587331,207,27077,1013
48766774,manOFsnow,manOFsnow,False,1349,595,6362,21
785196019793338368,Avast_o,Avast,True,30939,806,6918,168
257268592,TeamLiquid,Team Liquid,True,735113,388,46815,1897
785651770697523200,xQc,xQc,True,1172903,425,3603,842
2896461582,yaawns,yawns üí´üíò,False,1686,1733,70891,7
1452520626,Cloud9,Cloud9,True,1187389,831,44948,2514
2262070855,Immortals,Immortals,True,129942,392,18736,711
806233486931660800,trainokie,train,False,995,3,157,15
2420931980,PlayOverwatch,Overwatch,True,3356024,241,126024,4124
1450085892,Mangachu_,Mangachu,True,22519,397,8781,113
2983460281,Verbo,Stef Disalvo,True,8733,662,2561,79
768611631219642368,robdab,robdab,False,2030,309,2250,22
787767426524086272,jakeow,Jake Lyon,True,81734,1462,5528,355
2421070752,Voll_OW,Voll,False,1774,133,504,19
787763912158707712,birdnoises_,-bird noises-,False,83,10,27,2
387394728,Kephrii,Brian St. Pierre,True,63997,1116,15726,84
